00:00:10.262710 VirtualBox VM 7.2.8 r173730 win.amd64 (Apr 18 2026 12:04:41) release log
00:00:10.262713 Log opened 2026-05-12T02:55:41.229957700Z
00:00:10.262714 Build Type: release
00:00:10.262717 OS Product: Windows 11
00:00:10.263009 OS Release: 10.0.26200.8246
00:00:10.263028 OS Service Pack: 
00:00:10.500404 DMI Product Name: Vivobook Go E1404FA_E1404FA
00:00:10.507269 DMI Product Version: 1.0
00:00:10.507281 Firmware type: UEFI
00:00:10.507916 Secure Boot: Enabled
00:00:10.507927 Host RAM: 15647MB (15.2GB) total, 8867MB (8.6GB) available
00:00:10.507930 Executable: C:\Program Files\Oracle\VirtualBox\VirtualBoxVM.exe
00:00:10.507931 Process ID: 15596
00:00:10.507932 Package type: WINDOWS_64BITS_GENERIC
00:00:10.507933 Windows Features:
00:00:10.507933   Core Isolation (Memory Integrity): DISABLED
00:00:10.509310 Installed Extension Packs:
00:00:10.509345   None installed!
00:00:10.510117 Console: Machine state changed to 'Starting'
00:00:10.510538 GUI: Qt version: 6.8.0
00:00:10.510574 GUI: HID LEDs sync is enabled
00:00:10.520239 GUI: UIMediumEnumerator: Medium-enumeration finished!
00:00:10.562251 GUI: Cannot notify guest about VM window out-of-focus event
00:00:10.585350 GUI: UIMediumEnumerator: Medium-enumeration finished!
00:00:10.964967 SUP: seg #0: R   0x00000000 LB 0x00001000
00:00:10.964998 SUP: seg #1: R X 0x00001000 LB 0x00204000
00:00:10.965004 SUP: seg #2: R   0x00205000 LB 0x00053000
00:00:10.965010 SUP: seg #3: RW  0x00258000 LB 0x00013000
00:00:10.965015 SUP: seg #4: R   0x0026b000 LB 0x00013000
00:00:10.965021 SUP: seg #5: RW  0x0027e000 LB 0x00004000
00:00:10.965026 SUP: seg #6: R   0x00282000 LB 0x00007000
00:00:10.965031 SUP: seg #7: R X 0x00289000 LB 0x00002000
00:00:10.965036 SUP: seg #8: R   0x0028b000 LB 0x00007000
00:00:10.967213 SUP: Loaded VMMR0.r0 (C:\Program Files\Oracle\VirtualBox/VMMR0.r0) at 0xXXXXXXXXXXXXXXXX - ModuleInit at XXXXXXXXXXXXXXXX and ModuleTerm at XXXXXXXXXXXXXXXX using the native ring-0 loader
00:00:10.967294 SUP: VMMR0EntryEx located at XXXXXXXXXXXXXXXX and VMMR0EntryFast at XXXXXXXXXXXXXXXX
00:00:10.967300 SUP: windbg> .reload /f C:\Program Files\Oracle\VirtualBox/VMMR0.r0=0xXXXXXXXXXXXXXXXX
00:00:10.974795 Guest architecture: x86
00:00:10.974884 Guest OS type: 'Windows11_64'
00:00:10.975538 fHMForced=true - No raw-mode support in this build!
00:00:10.975565 Using execution engine 1
00:00:10.980207 File system of 'C:\Users\WINDOWS 11\face-recognition-project\FaceRecognition\FaceRecognition.vdi' is ntfs
00:00:11.010221 Shared Clipboard: Initialized OLE
00:00:11.010289 Shared Clipboard: Service loaded
00:00:11.010341 Shared Clipboard: Mode: Off
00:00:11.010456 Shared Clipboard: Service running in normal mode
00:00:11.034822 Drag and drop service loaded
00:00:11.034843 Drag and drop mode: Off
00:00:11.036262 Audio: Detected default audio driver type is 'HostAudioWas'
00:00:11.041457 ************************* CFGM dump *************************
00:00:11.041473 [/] (level 0)
00:00:11.041476   CpuExecutionCap   <integer> = 0x0000000000000064 (100)
00:00:11.041479   EnablePAE         <integer> = 0x0000000000000001 (1)
00:00:11.041480   HMEnabled         <integer> = 0x0000000000000001 (1)
00:00:11.041481   MemBalloonSize    <integer> = 0x0000000000000000 (0, 0 B)
00:00:11.041488   Name              <string>  = "FaceRecognition" (cb=16)
00:00:11.041489   NumCPUs           <integer> = 0x0000000000000003 (3)
00:00:11.041490   PageFusionAllowed <integer> = 0x0000000000000000 (0)
00:00:11.041491   RamHoleSize       <integer> = 0x0000000020000000 (536 870 912, 512.0 MiB)
00:00:11.041493   RamSize           <integer> = 0x0000000100000000 (4 294 967 296, 4.0 GiB)
00:00:11.041495   TimerMillies      <integer> = 0x000000000000000a (10)
00:00:11.041496   UUID              <bytes>   = "c2 d5 1d 80 ee 5a f6 46 97 56 95 96 c2 2c d0 e3" (cb=16)
00:00:11.041499 
00:00:11.041499 [/CPUM/] (level 1)
00:00:11.041501   Enable64bit        <integer> = 0x0000000000000001 (1)
00:00:11.041502   GuestCpuName       <string>  = "host" (cb=5)
00:00:11.041503   NestedHWVirt       <integer> = 0x0000000000000000 (0)
00:00:11.041504   PortableCpuIdLevel <integer> = 0x0000000000000000 (0)
00:00:11.041504   SpecCtrl           <integer> = 0x0000000000000000 (0)
00:00:11.041505 
00:00:11.041506 [/CPUM/IsaExts/] (level 2)
00:00:11.041507 
00:00:11.041507 [/DBGC/] (level 1)
00:00:11.041508   GlobalInitScript <string>  = "C:\Users\WINDOWS 11\.VirtualBox/dbgc-init" (cb=42)
00:00:11.041509   HistoryFile      <string>  = "C:\Users\WINDOWS 11\.VirtualBox/dbgc-history" (cb=45)
00:00:11.041510   LocalInitScript  <string>  = "C:\Users\WINDOWS 11\face-recognition-project\FaceRecognition/dbgc-init" (cb=71)
00:00:11.041511 
00:00:11.041511 [/DBGF/] (level 1)
00:00:11.041512   Path <string>  = "C:\Users\WINDOWS 11\face-recognition-project\FaceRecognition/debug/;C:\Users\WINDOWS 11\face-recognition-project\FaceRecognition/;cache*C:\Users\WINDOWS 11\face-recognition-project\FaceRecognition/dbgcache/;C:\Users\WINDOWS 11\" (cb=228)
00:00:11.041513 
00:00:11.041514 [/Devices/] (level 1)
00:00:11.041514 
00:00:11.041515 [/Devices/3c501/] (level 2)
00:00:11.041516 
00:00:11.041516 [/Devices/8237A/] (level 2)
00:00:11.041517 
00:00:11.041518 [/Devices/8237A/0/] (level 3)
00:00:11.041519   Trusted <integer> = 0x0000000000000001 (1)
00:00:11.041520 
00:00:11.041520 [/Devices/GIMDev/] (level 2)
00:00:11.041521 
00:00:11.041521 [/Devices/GIMDev/0/] (level 3)
00:00:11.041523   Trusted <integer> = 0x0000000000000001 (1)
00:00:11.041523 
00:00:11.041524 [/Devices/VMMDev/] (level 2)
00:00:11.041525 
00:00:11.041525 [/Devices/VMMDev/0/] (level 3)
00:00:11.041527   PCIBusNo      <integer> = 0x0000000000000000 (0)
00:00:11.041527   PCIDeviceNo   <integer> = 0x0000000000000004 (4)
00:00:11.041528   PCIFunctionNo <integer> = 0x0000000000000000 (0)
00:00:11.041529   Trusted       <integer> = 0x0000000000000001 (1)
00:00:11.041530 
00:00:11.041530 [/Devices/VMMDev/0/Config/] (level 4)
00:00:11.041531   GuestCoreDumpDir <string>  = "C:\Users\WINDOWS 11\face-recognition-project\FaceRecognition\Snapshots" (cb=71)
00:00:11.041532 
00:00:11.041532 [/Devices/VMMDev/0/LUN#0/] (level 4)
00:00:11.041533   Driver <string>  = "HGCM" (cb=5)
00:00:11.041534 
00:00:11.041534 [/Devices/VMMDev/0/LUN#0/Config/] (level 5)
00:00:11.041536 
00:00:11.041536 [/Devices/VMMDev/0/LUN#999/] (level 4)
00:00:11.041537   Driver <string>  = "MainStatus" (cb=11)
00:00:11.041538 
00:00:11.041538 [/Devices/VMMDev/0/LUN#999/Config/] (level 5)
00:00:11.041540   First                <integer> = 0x0000000000000000 (0)
00:00:11.041541   HasMediumAttachments <integer> = 0x0000000000000000 (0)
00:00:11.041542   Last                 <integer> = 0x0000000000000000 (0)
00:00:11.041543   iLedSet              <integer> = 0x0000000000000004 (4)
00:00:11.041544 
00:00:11.041544 [/Devices/acpi/] (level 2)
00:00:11.041545 
00:00:11.041545 [/Devices/acpi/0/] (level 3)
00:00:11.041547   PCIBusNo      <integer> = 0x0000000000000000 (0)
00:00:11.041548   PCIDeviceNo   <integer> = 0x0000000000000007 (7)
00:00:11.041548   PCIFunctionNo <integer> = 0x0000000000000000 (0)
00:00:11.041549   Trusted       <integer> = 0x0000000000000001 (1)
00:00:11.041552 
00:00:11.041553 [/Devices/acpi/0/Config/] (level 4)
00:00:11.041556   CpuHotPlug          <integer> = 0x0000000000000000 (0)
00:00:11.041557   FdcEnabled          <integer> = 0x0000000000000000 (0)
00:00:11.041558   HostBusPciAddress   <integer> = 0x0000000000000000 (0)
00:00:11.041558   HpetEnabled         <integer> = 0x0000000000000000 (0)
00:00:11.041559   IOAPIC              <integer> = 0x0000000000000001 (1)
00:00:11.041560   IocPciAddress       <integer> = 0x0000000000010000 (65 536)
00:00:11.041561   NumCPUs             <integer> = 0x0000000000000003 (3)
00:00:11.041562   Parallel0IoPortBase <integer> = 0x0000000000000000 (0)
00:00:11.041563   Parallel0Irq        <integer> = 0x0000000000000000 (0)
00:00:11.041563   Parallel1IoPortBase <integer> = 0x0000000000000000 (0)
00:00:11.041564   Parallel1Irq        <integer> = 0x0000000000000000 (0)
00:00:11.041565   Serial0IoPortBase   <integer> = 0x0000000000000000 (0)
00:00:11.041566   Serial0Irq          <integer> = 0x0000000000000000 (0)
00:00:11.041566   Serial1IoPortBase   <integer> = 0x0000000000000000 (0)
00:00:11.041567   Serial1Irq          <integer> = 0x0000000000000000 (0)
00:00:11.041568   ShowCpu             <integer> = 0x0000000000000001 (1)
00:00:11.041569   ShowRtc             <integer> = 0x0000000000000000 (0)
00:00:11.041570   SmcEnabled          <integer> = 0x0000000000000000 (0)
00:00:11.041571   TpmMode             <string>  = "fifo2.0" (cb=8)
00:00:11.041572 
00:00:11.041572 [/Devices/acpi/0/LUN#0/] (level 4)
00:00:11.041573   Driver <string>  = "ACPIHost" (cb=9)
00:00:11.041574 
00:00:11.041574 [/Devices/acpi/0/LUN#0/Config/] (level 5)
00:00:11.041575 
00:00:11.041576 [/Devices/acpi/0/LUN#1/] (level 4)
00:00:11.041577   Driver <string>  = "ACPICpu" (cb=8)
00:00:11.041577 
00:00:11.041578 [/Devices/acpi/0/LUN#1/Config/] (level 5)
00:00:11.041579 
00:00:11.041579 [/Devices/acpi/0/LUN#2/] (level 4)
00:00:11.041581   Driver <string>  = "ACPICpu" (cb=8)
00:00:11.041581 
00:00:11.041582 [/Devices/acpi/0/LUN#2/Config/] (level 5)
00:00:11.041583 
00:00:11.041583 [/Devices/ahci/] (level 2)
00:00:11.041584 
00:00:11.041584 [/Devices/ahci/0/] (level 3)
00:00:11.041586   PCIBusNo      <integer> = 0x0000000000000000 (0)
00:00:11.041587   PCIDeviceNo   <integer> = 0x000000000000000d (13)
00:00:11.041587   PCIFunctionNo <integer> = 0x0000000000000000 (0)
00:00:11.041588   Trusted       <integer> = 0x0000000000000001 (1)
00:00:11.041589 
00:00:11.041589 [/Devices/ahci/0/Config/] (level 4)
00:00:11.041591   Bootable  <integer> = 0x0000000000000001 (1)
00:00:11.041591   PortCount <integer> = 0x0000000000000002 (2)
00:00:11.041592 
00:00:11.041592 [/Devices/ahci/0/Config/Port0/] (level 5)
00:00:11.041594   Hotpluggable <integer> = 0x0000000000000000 (0)
00:00:11.041595 
00:00:11.041595 [/Devices/ahci/0/Config/Port1/] (level 5)
00:00:11.041596   Hotpluggable <integer> = 0x0000000000000000 (0)
00:00:11.041597 
00:00:11.041597 [/Devices/ahci/0/LUN#0/] (level 4)
00:00:11.041598   Driver <string>  = "VD" (cb=3)
00:00:11.041599 
00:00:11.041599 [/Devices/ahci/0/LUN#0/Config/] (level 5)
00:00:11.041601   BlockCache <integer> = 0x0000000000000001 (1)
00:00:11.041602   Format     <string>  = "VDI" (cb=4)
00:00:11.041603   Mountable  <integer> = 0x0000000000000000 (0)
00:00:11.041603   Path       <string>  = "C:\Users\WINDOWS 11\face-recognition-project\FaceRecognition\FaceRecognition.vdi" (cb=81)
00:00:11.041604   Type       <string>  = "HardDisk" (cb=9)
00:00:11.041605   UseNewIo   <integer> = 0x0000000000000001 (1)
00:00:11.041606 
00:00:11.041606 [/Devices/ahci/0/LUN#0/Config/VDConfig/] (level 6)
00:00:11.041607   AllocationBlockSize <string>  = "1048576" (cb=8)
00:00:11.041608 
00:00:11.041609 [/Devices/ahci/0/LUN#1/] (level 4)
00:00:11.041610   Driver <string>  = "SCSI" (cb=5)
00:00:11.041610 
00:00:11.041611 [/Devices/ahci/0/LUN#1/AttachedDriver/] (level 5)
00:00:11.041612   Driver <string>  = "VD" (cb=3)
00:00:11.041613 
00:00:11.041613 [/Devices/ahci/0/LUN#1/AttachedDriver/Config/] (level 6)
00:00:11.041616   EmptyDrive <integer> = 0x0000000000000001 (1)
00:00:11.041617   Mountable  <integer> = 0x0000000000000001 (1)
00:00:11.041617   Type       <string>  = "DVD" (cb=4)
00:00:11.041618 
00:00:11.041618 [/Devices/ahci/0/LUN#999/] (level 4)
00:00:11.041620   Driver <string>  = "MainStatus" (cb=11)
00:00:11.041620 
00:00:11.041620 [/Devices/ahci/0/LUN#999/Config/] (level 5)
00:00:11.041622   DeviceInstance       <string>  = "ahci/0" (cb=7)
00:00:11.041623   First                <integer> = 0x0000000000000000 (0)
00:00:11.041624   HasMediumAttachments <integer> = 0x0000000000000001 (1)
00:00:11.041625   Last                 <integer> = 0x0000000000000001 (1)
00:00:11.041626   iLedSet              <integer> = 0x0000000000000002 (2)
00:00:11.041626 
00:00:11.041627 [/Devices/apic/] (level 2)
00:00:11.041628 
00:00:11.041628 [/Devices/apic/0/] (level 3)
00:00:11.041629   Trusted <integer> = 0x0000000000000001 (1)
00:00:11.041630 
00:00:11.041630 [/Devices/apic/0/Config/] (level 4)
00:00:11.041632   IOAPIC  <integer> = 0x0000000000000001 (1)
00:00:11.041632   Mode    <integer> = 0x0000000000000002 (2)
00:00:11.041633   NumCPUs <integer> = 0x0000000000000003 (3)
00:00:11.041634 
00:00:11.041634 [/Devices/dp8390/] (level 2)
00:00:11.041635 
00:00:11.041635 [/Devices/e1000/] (level 2)
00:00:11.041636 
00:00:11.041636 [/Devices/e1000/0/] (level 3)
00:00:11.041638   PCIBusNo      <integer> = 0x0000000000000000 (0)
00:00:11.041638   PCIDeviceNo   <integer> = 0x0000000000000003 (3)
00:00:11.041639   PCIFunctionNo <integer> = 0x0000000000000000 (0)
00:00:11.041640   Trusted       <integer> = 0x0000000000000001 (1)
00:00:11.041640 
00:00:11.041641 [/Devices/e1000/0/Config/] (level 4)
00:00:11.041642   AdapterType    <integer> = 0x0000000000000000 (0)
00:00:11.041643   CableConnected <integer> = 0x0000000000000001 (1)
00:00:11.041643   LineSpeed      <integer> = 0x0000000000000000 (0)
00:00:11.041644   MAC            <bytes>   = "08 00 27 80 bc 7a" (cb=6)
00:00:11.041646 
00:00:11.041646 [/Devices/e1000/0/LUN#0/] (level 4)
00:00:11.041647   Driver <string>  = "NAT" (cb=4)
00:00:11.041648 
00:00:11.041648 [/Devices/e1000/0/LUN#0/Config/] (level 5)
00:00:11.041650   AliasMode          <integer> = 0x0000000000000000 (0)
00:00:11.041650   DNSProxy           <integer> = 0x0000000000000000 (0)
00:00:11.041651   EnableTFTP         <integer> = 0x0000000000000000 (0)
00:00:11.041652   ForwardBroadcast   <integer> = 0x0000000000000000 (0)
00:00:11.041653   LocalhostReachable <integer> = 0x0000000000000000 (0)
00:00:11.041653   Network            <string>  = "10.0.2.0/24" (cb=12)
00:00:11.041654   PassDomain         <integer> = 0x0000000000000001 (1)
00:00:11.041655   UseHostResolver    <integer> = 0x0000000000000000 (0)
00:00:11.041656 
00:00:11.041656 [/Devices/e1000/0/LUN#999/] (level 4)
00:00:11.041657   Driver <string>  = "MainStatus" (cb=11)
00:00:11.041658 
00:00:11.041658 [/Devices/e1000/0/LUN#999/Config/] (level 5)
00:00:11.041660   First                <integer> = 0x0000000000000000 (0)
00:00:11.041660   HasMediumAttachments <integer> = 0x0000000000000000 (0)
00:00:11.041661   Last                 <integer> = 0x0000000000000000 (0)
00:00:11.041662   iLedSet              <integer> = 0x0000000000000003 (3)
00:00:11.041663 
00:00:11.041663 [/Devices/efi/] (level 2)
00:00:11.041664 
00:00:11.041664 [/Devices/efi/0/] (level 3)
00:00:11.041666   Trusted <integer> = 0x0000000000000001 (1)
00:00:11.041666 
00:00:11.041667 [/Devices/efi/0/Config/] (level 4)
00:00:11.041670   64BitEntry      <integer> = 0x0000000000000001 (1)
00:00:11.041670   APIC            <integer> = 0x0000000000000001 (1)
00:00:11.041671   BootArgs        <string>  = "" (cb=1)
00:00:11.041672   DeviceProps     <string>  = "" (cb=1)
00:00:11.041673   DmiSystemSerial <string>  = "VirtualBox-<DmiSystemUuid>" (cb=27)
00:00:11.041674   EfiRom          <string>  = "VBoxEFI-amd64.fd" (cb=17)
00:00:11.041675   IOAPIC          <integer> = 0x0000000000000001 (1)
00:00:11.041677   McfgBase        <integer> = 0x0000000000000000 (0)
00:00:11.041678   McfgLength      <integer> = 0x0000000000000000 (0)
00:00:11.041678   NumCPUs         <integer> = 0x0000000000000003 (3)
00:00:11.041679   NvramFile       <string>  = "C:\Users\WINDOWS 11\face-recognition-project\FaceRecognition\FaceRecognition.nvram" (cb=83)
00:00:11.041680   TpmPpiBase      <integer> = 0x00000000fed45000 (4 275 326 976)
00:00:11.041681   UUID            <bytes>   = "c2 d5 1d 80 ee 5a f6 46 97 56 95 96 c2 2c d0 e3" (cb=16)
00:00:11.041684   UuidLe          <integer> = 0x0000000000000001 (1)
00:00:11.041685 
00:00:11.041685 [/Devices/efi/0/LUN#0/] (level 4)
00:00:11.041686   Driver <string>  = "NvramStore" (cb=11)
00:00:11.041687 
00:00:11.041687 [/Devices/hda/] (level 2)
00:00:11.041688 
00:00:11.041688 [/Devices/hda/0/] (level 3)
00:00:11.041690   PCIBusNo      <integer> = 0x0000000000000000 (0)
00:00:11.041691   PCIDeviceNo   <integer> = 0x0000000000000005 (5)
00:00:11.041691   PCIFunctionNo <integer> = 0x0000000000000000 (0)
00:00:11.041692   Trusted       <integer> = 0x0000000000000001 (1)
00:00:11.041693 
00:00:11.041693 [/Devices/hda/0/AudioConfig/] (level 4)
00:00:11.041694 
00:00:11.041695 [/Devices/hda/0/Config/] (level 4)
00:00:11.041696   DebugEnabled <integer> = 0x0000000000000000 (0)
00:00:11.041696 
00:00:11.041697 [/Devices/hda/0/LUN#0/] (level 4)
00:00:11.041698   Driver <string>  = "AUDIO" (cb=6)
00:00:11.041699 
00:00:11.041699 [/Devices/hda/0/LUN#0/AttachedDriver/] (level 5)
00:00:11.041700   Driver <string>  = "HostAudioWas" (cb=13)
00:00:11.041701 
00:00:11.041701 [/Devices/hda/0/LUN#0/AttachedDriver/Config/] (level 6)
00:00:11.041703   VmName <string>  = "FaceRecognition" (cb=16)
00:00:11.041703   VmUuid <string>  = "801dd5c2-5aee-46f6-9756-9596c22cd0e3" (cb=37)
00:00:11.041704 
00:00:11.041705 [/Devices/hda/0/LUN#0/Config/] (level 5)
00:00:11.041706   DriverName    <string>  = "HostAudioWas" (cb=13)
00:00:11.041707   InputEnabled  <integer> = 0x0000000000000000 (0)
00:00:11.041707   OutputEnabled <integer> = 0x0000000000000001 (1)
00:00:11.041708 
00:00:11.041708 [/Devices/hda/0/LUN#1/] (level 4)
00:00:11.041710   Driver <string>  = "AUDIO" (cb=6)
00:00:11.041710 
00:00:11.041710 [/Devices/hda/0/LUN#2/] (level 4)
00:00:11.041712   Driver <string>  = "AUDIO" (cb=6)
00:00:11.041712 
00:00:11.041712 [/Devices/i8254/] (level 2)
00:00:11.041713 
00:00:11.041714 [/Devices/i8254/0/] (level 3)
00:00:11.041715 
00:00:11.041715 [/Devices/i8254/0/Config/] (level 4)
00:00:11.041716 
00:00:11.041716 [/Devices/i8259/] (level 2)
00:00:11.041717 
00:00:11.041718 [/Devices/i8259/0/] (level 3)
00:00:11.041719   Trusted <integer> = 0x0000000000000001 (1)
00:00:11.041720 
00:00:11.041720 [/Devices/i8259/0/Config/] (level 4)
00:00:11.041721 
00:00:11.041721 [/Devices/ioapic/] (level 2)
00:00:11.041722 
00:00:11.041722 [/Devices/ioapic/0/] (level 3)
00:00:11.041723   Trusted <integer> = 0x0000000000000001 (1)
00:00:11.041724 
00:00:11.041724 [/Devices/ioapic/0/Config/] (level 4)
00:00:11.041725   NumCPUs <integer> = 0x0000000000000003 (3)
00:00:11.041726 
00:00:11.041726 [/Devices/mc146818/] (level 2)
00:00:11.041727 
00:00:11.041727 [/Devices/mc146818/0/] (level 3)
00:00:11.041729 
00:00:11.041729 [/Devices/mc146818/0/Config/] (level 4)
00:00:11.041730   UseUTC <integer> = 0x0000000000000000 (0)
00:00:11.041731 
00:00:11.041731 [/Devices/parallel/] (level 2)
00:00:11.041732 
00:00:11.041732 [/Devices/pcarch/] (level 2)
00:00:11.041733 
00:00:11.041733 [/Devices/pcarch/0/] (level 3)
00:00:11.041734   Trusted <integer> = 0x0000000000000001 (1)
00:00:11.041735 
00:00:11.041735 [/Devices/pcarch/0/Config/] (level 4)
00:00:11.041736 
00:00:11.041737 [/Devices/pci/] (level 2)
00:00:11.041738 
00:00:11.041738 [/Devices/pci/0/] (level 3)
00:00:11.041739   Trusted <integer> = 0x0000000000000001 (1)
00:00:11.041740 
00:00:11.041740 [/Devices/pci/0/Config/] (level 4)
00:00:11.041741   IOAPIC <integer> = 0x0000000000000001 (1)
00:00:11.041743 
00:00:11.041744 [/Devices/pcibridge/] (level 2)
00:00:11.041745 
00:00:11.041745 [/Devices/pckbd/] (level 2)
00:00:11.041746 
00:00:11.041746 [/Devices/pckbd/0/] (level 3)
00:00:11.041747   Trusted <integer> = 0x0000000000000001 (1)
00:00:11.041748 
00:00:11.041748 [/Devices/pckbd/0/Config/] (level 4)
00:00:11.041749 
00:00:11.041749 [/Devices/pckbd/0/LUN#0/] (level 4)
00:00:11.041751   Driver <string>  = "KeyboardQueue" (cb=14)
00:00:11.041752 
00:00:11.041752 [/Devices/pckbd/0/LUN#0/AttachedDriver/] (level 5)
00:00:11.041753   Driver <string>  = "MainKeyboard" (cb=13)
00:00:11.041754 
00:00:11.041754 [/Devices/pckbd/0/LUN#0/Config/] (level 5)
00:00:11.041755   QueueSize <integer> = 0x0000000000000040 (64, 64 B)
00:00:11.041756 
00:00:11.041757 [/Devices/pckbd/0/LUN#1/] (level 4)
00:00:11.041758   Driver <string>  = "MouseQueue" (cb=11)
00:00:11.041759 
00:00:11.041759 [/Devices/pckbd/0/LUN#1/AttachedDriver/] (level 5)
00:00:11.041760   Driver <string>  = "MainMouse" (cb=10)
00:00:11.041761 
00:00:11.041761 [/Devices/pckbd/0/LUN#1/Config/] (level 5)
00:00:11.041763   QueueSize <integer> = 0x0000000000000080 (128, 128 B)
00:00:11.041763 
00:00:11.041764 [/Devices/pcnet/] (level 2)
00:00:11.041765 
00:00:11.041765 [/Devices/serial/] (level 2)
00:00:11.041766 
00:00:11.041766 [/Devices/tpm/] (level 2)
00:00:11.041767 
00:00:11.041767 [/Devices/tpm/0/] (level 3)
00:00:11.041768   Trusted <integer> = 0x0000000000000001 (1)
00:00:11.041769 
00:00:11.041769 [/Devices/tpm/0/Config/] (level 4)
00:00:11.041771   Crb      <integer> = 0x0000000000000000 (0)
00:00:11.041772   Irq      <integer> = 0x000000000000000a (10)
00:00:11.041772   MmioBase <integer> = 0x00000000fed40000 (4 275 306 496)
00:00:11.041773 
00:00:11.041774 [/Devices/tpm/0/LUN#0/] (level 4)
00:00:11.041775   Driver <string>  = "TpmEmuTpms" (cb=11)
00:00:11.041775 
00:00:11.041776 [/Devices/tpm/0/LUN#0/AttachedDriver/] (level 5)
00:00:11.041777   Driver <string>  = "NvramStore" (cb=11)
00:00:11.041778 
00:00:11.041778 [/Devices/tpm/0/LUN#0/Config/] (level 5)
00:00:11.041780   TpmVersion <integer> = 0x0000000000000002 (2)
00:00:11.041780 
00:00:11.041780 [/Devices/tpm-ppi/] (level 2)
00:00:11.041781 
00:00:11.041782 [/Devices/tpm-ppi/0/] (level 3)
00:00:11.041783   Trusted <integer> = 0x0000000000000001 (1)
00:00:11.041783 
00:00:11.041784 [/Devices/tpm-ppi/0/Config/] (level 4)
00:00:11.041785   MmioBase <integer> = 0x00000000fed45000 (4 275 326 976)
00:00:11.041786 
00:00:11.041786 [/Devices/usb-xhci/] (level 2)
00:00:11.041787 
00:00:11.041787 [/Devices/usb-xhci/0/] (level 3)
00:00:11.041788   PCIBusNo      <integer> = 0x0000000000000000 (0)
00:00:11.041789   PCIDeviceNo   <integer> = 0x000000000000000c (12)
00:00:11.041790   PCIFunctionNo <integer> = 0x0000000000000000 (0)
00:00:11.041790   Trusted       <integer> = 0x0000000000000001 (1)
00:00:11.041791 
00:00:11.041791 [/Devices/usb-xhci/0/Config/] (level 4)
00:00:11.041793 
00:00:11.041793 [/Devices/usb-xhci/0/LUN#0/] (level 4)
00:00:11.041794   Driver <string>  = "VUSBRootHub" (cb=12)
00:00:11.041795 
00:00:11.041795 [/Devices/usb-xhci/0/LUN#0/Config/] (level 5)
00:00:11.041796 
00:00:11.041796 [/Devices/usb-xhci/0/LUN#1/] (level 4)
00:00:11.041798   Driver <string>  = "VUSBRootHub" (cb=12)
00:00:11.041798 
00:00:11.041799 [/Devices/usb-xhci/0/LUN#1/Config/] (level 5)
00:00:11.041800 
00:00:11.041800 [/Devices/usb-xhci/0/LUN#999/] (level 4)
00:00:11.041801   Driver <string>  = "MainStatus" (cb=11)
00:00:11.041802 
00:00:11.041802 [/Devices/usb-xhci/0/LUN#999/Config/] (level 5)
00:00:11.041804   First                <integer> = 0x0000000000000000 (0)
00:00:11.041804   HasMediumAttachments <integer> = 0x0000000000000000 (0)
00:00:11.041805   Last                 <integer> = 0x0000000000000001 (1)
00:00:11.041806   iLedSet              <integer> = 0x0000000000000001 (1)
00:00:11.041807 
00:00:11.041807 [/Devices/vga/] (level 2)
00:00:11.041808 
00:00:11.041808 [/Devices/vga/0/] (level 3)
00:00:11.041810   PCIBusNo      <integer> = 0x0000000000000000 (0)
00:00:11.041812   PCIDeviceNo   <integer> = 0x0000000000000002 (2)
00:00:11.041812   PCIFunctionNo <integer> = 0x0000000000000000 (0)
00:00:11.041813   Trusted       <integer> = 0x0000000000000001 (1)
00:00:11.041814 
00:00:11.041814 [/Devices/vga/0/Config/] (level 4)
00:00:11.041817   3DEnabled             <integer> = 0x0000000000000000 (0)
00:00:11.041817   CustomVideoModes      <integer> = 0x0000000000000000 (0)
00:00:11.041818   FadeIn                <integer> = 0x0000000000000001 (1)
00:00:11.041819   FadeOut               <integer> = 0x0000000000000001 (1)
00:00:11.041820   HeightReduction       <integer> = 0x0000000000000000 (0)
00:00:11.041821   LogoFile              <string>  = "" (cb=1)
00:00:11.041822   LogoTime              <integer> = 0x0000000000000000 (0)
00:00:11.041823   MonitorCount          <integer> = 0x0000000000000001 (1)
00:00:11.041824   ShowBootMenu          <integer> = 0x0000000000000002 (2)
00:00:11.041824   VMSVGA3dEnabled       <integer> = 0x0000000000000000 (0)
00:00:11.041825   VMSVGAEnabled         <integer> = 0x0000000000000001 (1)
00:00:11.041826   VRamSize              <integer> = 0x0000000008000000 (134 217 728, 128.0 MiB)
00:00:11.041828   VmSvga3               <integer> = 0x0000000000000000 (0)
00:00:11.041828   VmSvgaExposeLegacyVga <integer> = 0x0000000000000001 (1)
00:00:11.041829 
00:00:11.041829 [/Devices/vga/0/LUN#0/] (level 4)
00:00:11.041831   Driver <string>  = "MainDisplay" (cb=12)
00:00:11.041831 
00:00:11.041832 [/Devices/vga/0/LUN#0/Config/] (level 5)
00:00:11.041833 
00:00:11.041833 [/Devices/vga/0/LUN#999/] (level 4)
00:00:11.041834   Driver <string>  = "MainStatus" (cb=11)
00:00:11.041835 
00:00:11.041835 [/Devices/vga/0/LUN#999/Config/] (level 5)
00:00:11.041837   First                <integer> = 0x0000000000000000 (0)
00:00:11.041838   HasMediumAttachments <integer> = 0x0000000000000000 (0)
00:00:11.041838   Last                 <integer> = 0x0000000000000000 (0)
00:00:11.041839   iLedSet              <integer> = 0x0000000000000000 (0)
00:00:11.041840 
00:00:11.041840 [/Devices/virtio-net/] (level 2)
00:00:11.041842 
00:00:11.041842 [/EM/] (level 1)
00:00:11.041843   TripleFaultReset <integer> = 0x0000000000000000 (0)
00:00:11.041843 
00:00:11.041844 [/GCM/] (level 1)
00:00:11.041845 
00:00:11.041845 [/GIM/] (level 1)
00:00:11.041846   Provider <string>  = "HyperV" (cb=7)
00:00:11.041847 
00:00:11.041847 [/HM/] (level 1)
00:00:11.041848   64bitEnabled        <integer> = 0x0000000000000001 (1)
00:00:11.041849   EnableLargePages    <integer> = 0x0000000000000001 (1)
00:00:11.041850   EnableNestedPaging  <integer> = 0x0000000000000001 (1)
00:00:11.041850   EnableUX            <integer> = 0x0000000000000001 (1)
00:00:11.041851   EnableVPID          <integer> = 0x0000000000000001 (1)
00:00:11.041852   Exclusive           <integer> = 0x0000000000000000 (0)
00:00:11.041853   HMForced            <integer> = 0x0000000000000001 (1)
00:00:11.041854   IBPBOnVMEntry       <integer> = 0x0000000000000000 (0)
00:00:11.041854   IBPBOnVMExit        <integer> = 0x0000000000000000 (0)
00:00:11.041855   L1DFlushOnSched     <integer> = 0x0000000000000001 (1)
00:00:11.041856   L1DFlushOnVMEntry   <integer> = 0x0000000000000000 (0)
00:00:11.041857   MDSClearOnSched     <integer> = 0x0000000000000001 (1)
00:00:11.041857   MDSClearOnVMEntry   <integer> = 0x0000000000000000 (0)
00:00:11.041858   SpecCtrlByHost      <integer> = 0x0000000000000000 (0)
00:00:11.041859   SvmVirtVmsaveVmload <integer> = 0x0000000000000001 (1)
00:00:11.041860   UseNEMInstead       <integer> = 0x0000000000000000 (0)
00:00:11.041860 
00:00:11.041861 [/MM/] (level 1)
00:00:11.041861   CanUseLargerHeap <integer> = 0x0000000000000000 (0)
00:00:11.041862 
00:00:11.041862 [/NEM/] (level 1)
00:00:11.041864   Allow64BitGuests  <integer> = 0x0000000000000001 (1)
00:00:11.041864   IBPBOnVMEntry     <integer> = 0x0000000000000000 (0)
00:00:11.041865   IBPBOnVMExit      <integer> = 0x0000000000000000 (0)
00:00:11.041867   L1DFlushOnSched   <integer> = 0x0000000000000001 (1)
00:00:11.041868   L1DFlushOnVMEntry <integer> = 0x0000000000000000 (0)
00:00:11.041869   MDSClearOnSched   <integer> = 0x0000000000000001 (1)
00:00:11.041869   MDSClearOnVMEntry <integer> = 0x0000000000000000 (0)
00:00:11.041870 
00:00:11.041870 [/PDM/] (level 1)
00:00:11.041871 
00:00:11.041871 [/PDM/AsyncCompletion/] (level 2)
00:00:11.041872 
00:00:11.041873 [/PDM/AsyncCompletion/File/] (level 3)
00:00:11.041874 
00:00:11.041874 [/PDM/AsyncCompletion/File/BwGroups/] (level 4)
00:00:11.041875 
00:00:11.041876 [/PDM/BlkCache/] (level 2)
00:00:11.041877   CacheSize <integer> = 0x0000000000500000 (5 242 880, 5.0 MiB)
00:00:11.041878 
00:00:11.041878 [/PDM/Devices/] (level 2)
00:00:11.041879 
00:00:11.041879 [/PDM/Drivers/] (level 2)
00:00:11.041880 
00:00:11.041881 [/PDM/Drivers/VBoxC/] (level 3)
00:00:11.041882   Path <string>  = "VBoxC" (cb=6)
00:00:11.041882 
00:00:11.041883 [/PDM/NetworkShaper/] (level 2)
00:00:11.041884 
00:00:11.041884 [/PDM/NetworkShaper/BwGroups/] (level 3)
00:00:11.041885 
00:00:11.041885 [/TM/] (level 1)
00:00:11.041886   UTCOffset <integer> = 0x0000000000000000 (0)
00:00:11.041887 
00:00:11.041887 [/USB/] (level 1)
00:00:11.041888 
00:00:11.041888 [/USB/HidMouse/] (level 2)
00:00:11.041889 
00:00:11.041889 [/USB/HidMouse/0/] (level 3)
00:00:11.041890 
00:00:11.041891 [/USB/HidMouse/0/Config/] (level 4)
00:00:11.041892   Mode <string>  = "absolute" (cb=9)
00:00:11.041892 
00:00:11.041892 [/USB/HidMouse/0/LUN#0/] (level 4)
00:00:11.041894   Driver <string>  = "MouseQueue" (cb=11)
00:00:11.041894 
00:00:11.041895 [/USB/HidMouse/0/LUN#0/AttachedDriver/] (level 5)
00:00:11.041896   Driver <string>  = "MainMouse" (cb=10)
00:00:11.041897 
00:00:11.041897 [/USB/HidMouse/0/LUN#0/Config/] (level 5)
00:00:11.041898   QueueSize <integer> = 0x0000000000000080 (128, 128 B)
00:00:11.041899 
00:00:11.041899 [/USB/USBProxy/] (level 2)
00:00:11.041900 
00:00:11.041900 [/USB/USBProxy/GlobalConfig/] (level 3)
00:00:11.041902 
00:00:11.041902 ********************* End of CFGM dump **********************
00:00:11.042134 HM: HMR3Init: AMD-V w/ nested paging
00:00:11.042321 CPUM: fXStateHostMask=0x7; host XCR0=0x7
00:00:11.042724 CPUM: Matched host CPU AMD 0x17/0xa0/0x0 AMD_Zen_Ryzen with CPU DB entry 'AMD Ryzen 7 1800X Eight-Core' (AMD 0x17/0x1/0x1 AMD_Zen_Ryzen)
00:00:11.047209 CPUM: MXCSR_MASK=0x2ffff (host: 0x2ffff)
00:00:11.047275 CPUM: Microcode revision 0x08A00006
00:00:11.047290 CPUM: Changing leaf 13[0]: EBX=0x340 -> 0x340, ECX=0x380 -> 0x340
00:00:11.047306 CPUM:
00:00:11.047306 CPUM: Unexpected CPUID sub-leaves for leaf 0x80000020; fSubLeafMask=0xffffffff
00:00:11.047312 CPUM: 80000020/00000000: 00000000 00000002 00000000 00000000; flags=0x0 mask=0xffffffff
00:00:11.047318 CPUM: 80000020/00000001: 0000000b 00000000 00000000 0000000f; flags=0x0 mask=0xffffffff
00:00:11.047324 CPUM: 80000020/00000002: 00000000 00000000 00000000 00000000; flags=0x0 mask=0xffffffff
00:00:11.047330 CPUM:
00:00:11.047363 CPUM: MSR fudge: 0x00000017 IA32_PLATFORM_ID
00:00:11.047419 CPUM: MSR fudge: 0x000001a0 IA32_MISC_ENABLE
00:00:11.047446 CPUM: MSR fudge: 0x000002ff IA32_MTRR_DEF_TYPE
00:00:11.047472 CPUM: MSR fudge: 0x0000002c P4_EBC_FREQUENCY_ID
00:00:11.047563 CPUM: SetGuestCpuIdFeature: Enabled SYSENTER/EXIT
00:00:11.047570 CPUM: SetGuestCpuIdFeature: Enabled SYSCALL/RET
00:00:11.047575 CPUM: SetGuestCpuIdFeature: Enabled PAE
00:00:11.047584 CPUM: SetGuestCpuIdFeature: Enabled LAHF/SAHF
00:00:11.047590 CPUM: SetGuestCpuIdFeature: Enabled NX
00:00:11.047595 CPUM: SetGuestCpuIdFeature: Enabled LONG MODE
00:00:11.047600 CPUM: Set SSBD not required flag for AMD to work around some buggy Linux kernels!
00:00:11.047605 CPUM: Enabled MTRR read-write support
00:00:11.047611 CPUM: Enabled fixed-range MTRRs and 16 (virtualized) variable-range MTRRs
00:00:11.049357 PGM: Host paging mode: AMD64+PGE+NX
00:00:11.049387 PGM: PGMPool: cMaxPages=2304 (u64MaxPages=2084)
00:00:11.049394 PGM: pgmR3PoolInit: cMaxPages=0x900 cMaxUsers=0x1200 cMaxPhysExts=0x1200 fCacheEnable=true
00:00:11.087244 TM: GIP - u32Mode=3 (Invariant) u32UpdateHz=93 u32UpdateIntervalNS=10741500 enmUseTscDelta=2 (Practically Zero) fGetGipCpu=0x3b cCpus=8
00:00:11.087294 TM: GIP - u64CpuHz=2 794 753 887 (0xa6948f5f)  SUPGetCpuHzFromGip => 2 794 753 887
00:00:11.087302 TM: GIP - CPU: iCpuSet=0x0 idCpu=0x0 idApic=0x0 iGipCpu=0x0 i64TSCDelta=0 enmState=3 u64CpuHz=2794753887(*) cErrors=0
00:00:11.087310 TM: GIP - CPU: iCpuSet=0x1 idCpu=0x1 idApic=0x1 iGipCpu=0x7 i64TSCDelta=0 enmState=3 u64CpuHz=2794753844(*) cErrors=0
00:00:11.087316 TM: GIP - CPU: iCpuSet=0x2 idCpu=0x2 idApic=0x2 iGipCpu=0x5 i64TSCDelta=0 enmState=3 u64CpuHz=2794753508(*) cErrors=0
00:00:11.087322 TM: GIP - CPU: iCpuSet=0x3 idCpu=0x3 idApic=0x3 iGipCpu=0x6 i64TSCDelta=0 enmState=3 u64CpuHz=2794753763(*) cErrors=0
00:00:11.087328 TM: GIP - CPU: iCpuSet=0x4 idCpu=0x4 idApic=0x4 iGipCpu=0x2 i64TSCDelta=0 enmState=3 u64CpuHz=2794747246(*) cErrors=0
00:00:11.087342 TM: GIP - CPU: iCpuSet=0x5 idCpu=0x5 idApic=0x5 iGipCpu=0x1 i64TSCDelta=0 enmState=3 u64CpuHz=2794750901(*) cErrors=0
00:00:11.087352 TM: GIP - CPU: iCpuSet=0x6 idCpu=0x6 idApic=0x6 iGipCpu=0x3 i64TSCDelta=0 enmState=3 u64CpuHz=2794752705(*) cErrors=0
00:00:11.087357 TM: GIP - CPU: iCpuSet=0x7 idCpu=0x7 idApic=0x7 iGipCpu=0x4 i64TSCDelta=0 enmState=3 u64CpuHz=2794753475(*) cErrors=0
00:00:11.087395 TM:     cTSCTicksPerSecond=2 794 753 887 (0xa6948f5f) enmTSCMode=1 (VirtTSCEmulated) TSCMultiplier=1
00:00:11.087397 TM: cTSCTicksPerSecondHost=2 794 753 887 (0xa6948f5f)
00:00:11.087398 TM: TSCTiedToExecution=false TSCNotTiedToHalt=false
00:00:11.088621 EMR3Init: fIemExecutesAll=false fGuruOnTripleFault=true
00:00:11.089114 IEM: TargetCpu=CURRENT, Microarch=AMD_Zen_Ryzen aidxTargetCpuEflFlavour={2,0}
00:00:11.090648 GIM: Using provider 'HyperV' (Implementation version: 0)
00:00:11.090669 GIM: HyperV: Reporting vendor as 'VBoxVBoxVBox'
00:00:11.090676 CPUM: SetGuestCpuIdFeature: Enabled Hypervisor Present bit
00:00:11.091010 GCM: Initialized - Fixer bits: 0x0
00:00:11.091131 AIOMgr: Default manager type is 'Async'
00:00:11.091140 AIOMgr: Default file backend is 'NonBuffered'
00:00:11.091224 BlkCache: Cache successfully initialized. Cache size is 5242880 bytes
00:00:11.091232 BlkCache: Cache commit interval is 10000 ms
00:00:11.091237 BlkCache: Cache commit threshold is 2621440 bytes
00:00:11.785260 SUP: seg #0: R   0x00000000 LB 0x00001000
00:00:11.785289 SUP: seg #1: R X 0x00001000 LB 0x0002f000
00:00:11.785295 SUP: seg #2: R   0x00030000 LB 0x00010000
00:00:11.785301 SUP: seg #3: RW  0x00040000 LB 0x00002000
00:00:11.785306 SUP: seg #4: R   0x00042000 LB 0x00003000
00:00:11.785312 SUP: seg #5: RW  0x00045000 LB 0x00001000
00:00:11.785317 SUP: seg #6: R   0x00046000 LB 0x00001000
00:00:11.785322 SUP: seg #7: R X 0x00047000 LB 0x00001000
00:00:11.785327 SUP: seg #8: R   0x00048000 LB 0x00002000
00:00:11.785479 SUP: Loaded VBoxDDR0.r0 (C:\Program Files\Oracle\VirtualBox/VBoxDDR0.r0) at 0xXXXXXXXXXXXXXXXX - ModuleInit at XXXXXXXXXXXXXXXX and ModuleTerm at XXXXXXXXXXXXXXXX using the native ring-0 loader
00:00:11.785489 SUP: windbg> .reload /f C:\Program Files\Oracle\VirtualBox/VBoxDDR0.r0=0xXXXXXXXXXXXXXXXX
00:00:11.786422 EFI: boot args = 
00:00:11.786440 EFI: device props = 
00:00:11.786489 Found EFI FW Volume, 540672 bytes (132 4096-byte blocks)
00:00:11.805666 EFI: Registered 528KB flash at 00000000ffc00000
00:00:11.806221 PDM: VirtualBox APIC backend registered
00:00:11.806298 CPUM: SetGuestCpuIdFeature: Enabled xAPIC
00:00:11.808466 IOAPIC: Version=2.0 ChipType=ICH9
00:00:11.808600 PIT: mode=3 count=0x10000 (65536) - 18.20 Hz (ch=0)
00:00:11.808890 VMMDev: cbDefaultBudget: 683 654 997 (28bfbf55)
00:00:11.850835 Shared Folders service loaded
00:00:11.875102 Guest Control service loaded
00:00:12.209444 VGA: Using the 386+ BIOS image.
00:00:12.222222 DrvVD: Flushes will be ignored
00:00:12.222276 DrvVD: Async flushes will be passed to the disk
00:00:12.223896 VD: VDInit finished with VINF_SUCCESS
00:00:12.224962 AIOMgr: Endpoint for file 'C:\Users\WINDOWS 11\face-recognition-project\FaceRecognition\FaceRecognition.vdi' (flags 000c0723) created successfully
00:00:12.239414 VD: Opening the disk took 16008658 ns
00:00:12.239578 AHCI: LUN#0: disk, PCHS=16383/16/63, total number of sectors 268435456
00:00:12.240075 DrvVD: Flushes will be ignored
00:00:12.240106 DrvVD: Async flushes will be passed to the disk
00:00:12.241254 SCSI#0: Enabled UNMAP support
00:00:12.241315 AHCI: LUN#1: CD/DVD
00:00:12.241728 AHCI#0: Reset the HBA
00:00:12.241740 VD#0: Cancelling all active requests
00:00:12.241862 E1000#0: Chip=82540EM LinkUpDelay=5000ms EthernetCRC=on GSO=enabled Itr=disabled ItrRx=enabled TID=disabled R0=enabled RC=disabled
00:00:12.345729 WasAPI: Input device is: {Default} (iface 00000287366db4d0)
00:00:12.350765 WasAPI: Output device is: {Default} (iface 00000287366db430)
00:00:12.363749 Audio: Found 5 devices for driver 'WasAPI'
00:00:12.363805 Audio: Device 'Speakers (Realtek(R) Audio)':
00:00:12.363806 Audio:   ID              = {0.0.0.00000000}.{2a4e6118-993a-4bb3-bfcb-1bd1ae9b482c}
00:00:12.363807 Audio:   Usage           = output
00:00:12.363832 Audio:   Flags           = DEFAULT_OUT
00:00:12.363832 Audio:   Input channels  = 0
00:00:12.363833 Audio:   Output channels = 2
00:00:12.363844 Audio: Device 'Speakers (Realtek(R) Audio)':
00:00:12.363844 Audio:   ID              = {0.0.0.00000000}.{2a4e6118-993a-4bb3-bfcb-1bd1ae9b482c}
00:00:12.363845 Audio:   Usage           = output
00:00:12.363845 Audio:   Flags           = NONE
00:00:12.363846 Audio:   Input channels  = 0
00:00:12.363846 Audio:   Output channels = 2
00:00:12.363852 Audio: Device 'Microphone (e2eSoft iVCam)':
00:00:12.363852 Audio:   ID              = {0.0.1.00000000}.{cadb729e-0e32-49ff-a1e0-794a244212bd}
00:00:12.363853 Audio:   Usage           = input
00:00:12.363853 Audio:   Flags           = DEFAULT_IN
00:00:12.363853 Audio:   Input channels  = 2
00:00:12.363854 Audio:   Output channels = 0
00:00:12.363860 Audio: Device 'Microphone (e2eSoft iVCam)':
00:00:12.363860 Audio:   ID              = {0.0.1.00000000}.{cadb729e-0e32-49ff-a1e0-794a244212bd}
00:00:12.363861 Audio:   Usage           = input
00:00:12.363861 Audio:   Flags           = NONE
00:00:12.363861 Audio:   Input channels  = 2
00:00:12.363862 Audio:   Output channels = 0
00:00:12.363867 Audio: Device 'Microphone Array (AMD Audio Device)':
00:00:12.363867 Audio:   ID              = {0.0.1.00000000}.{dcae8b27-401d-4047-b4a0-9b709ccc2389}
00:00:12.363868 Audio:   Usage           = input
00:00:12.363868 Audio:   Flags           = NONE
00:00:12.363869 Audio:   Input channels  = 2
00:00:12.363869 Audio:   Output channels = 0
00:00:12.364176 Audio Mixer: Setting master volume of 'HDA Mixer' -- channel volumes: ff ff ff ff ff ff ff ff ff ff ff ff
00:00:12.364200 Audio Mixer: Setting sink 'HDA Mixer/PCM Output' -- channel volumes: ff ff ff ff ff ff ff ff ff ff ff ff
00:00:12.364211 Audio Mixer: Setting sink 'HDA Mixer/Line In' -- channel volumes: ff ff ff ff ff ff ff ff ff ff ff ff
00:00:12.364235 Audio Mixer: MUTING sink 'HDA Mixer/PCM Output' -- channel volumes: 00 00 00 00 00 00 00 00 00 00 00 00
00:00:12.364242 Audio Mixer: MUTING sink 'HDA Mixer/Line In' -- channel volumes: 00 00 00 00 00 00 00 00 00 00 00 00
00:00:12.364286 HDA: Codec reset
00:00:12.364300 HDA: Reset
00:00:12.365566 GIMDev: Registered Hyper-V hypercall page
00:00:12.365604 GIMDev: Registered Hyper-V TSC page
00:00:12.365983 VUSB: Attached 'HidMouse' to port 1 on RootHub#1 (FullSpeed)
00:00:12.366010 PGM: The CPU physical address width is 48 bits
00:00:12.366018 PGM: PGMR3InitFinalize: 4 MB PSE mask 0000ffffffffffff -> VINF_SUCCESS
00:00:12.366030 TM: TMR3InitFinalize: fTSCModeSwitchAllowed=true
00:00:12.377542 CPUM: Mapped 1.0MiB (1048576 bytes) of RAM using fixed-range MTRRs
00:00:12.377594 CPUM: Mapped 4.0GiB (4294967296 bytes) of RAM using 3 variable-range MTRRs
00:00:12.378297 VMM: Thread-context hooks unavailable
00:00:12.378308 VMM: RTThreadPreemptIsPending() can be trusted
00:00:12.378314 VMM: Kernel preemption is possible
00:00:12.379348 HM: fWorldSwitcher=0x0 (fIbpbOnVmExit=false fIbpbOnVmEntry=false fL1dFlushOnVmEntry=false); fL1dFlushOnSched=false fMdsClearOnVmEntry=false
00:00:12.379368 HM: Using AMD-V implementation 2.0
00:00:12.379373 HM: Max resume loops                  = 8192
00:00:12.379373 HM: AMD HWCR MSR                      = 0x189000011
00:00:12.379374 HM: AMD-V revision                    = 0x1
00:00:12.379375 HM: AMD-V max ASID                    = 32768
00:00:12.379376 HM: AMD-V features                    = 0x13bcff
00:00:12.379376 HM:   NESTED_PAGING
00:00:12.379377 HM:   LBR_VIRT
00:00:12.379378 HM:   SVM_LOCK
00:00:12.379378 HM:   NRIP_SAVE
00:00:12.379378 HM:   TSC_RATE_MSR
00:00:12.379379 HM:   VMCB_CLEAN
00:00:12.379379 HM:   FLUSH_BY_ASID
00:00:12.379379 HM:   DECODE_ASSISTS
00:00:12.379380 HM:   PAUSE_FILTER
00:00:12.379380 HM:   PAUSE_FILTER_THRESHOLD
00:00:12.379381 HM:   AVIC
00:00:12.379381 HM:   VIRT_VMSAVE_VMLOAD
00:00:12.379381 HM:   VGIF
00:00:12.379382 HM:   GMET
00:00:12.379382 HM:   SPEC_CTRL
00:00:12.379383 HM:   Reserved bit 11
00:00:12.379398 HM: Enabled SVM
00:00:12.379399 HM:   Enabled nested paging
00:00:12.379399 HM:   Enabled large page support
00:00:12.379403 HM: Disabled TPR patching
00:00:12.379404 HM: Guest support: 32-bit and 64-bit
00:00:12.379404 HM: VT-x/AMD-V init method: Local
00:00:12.379405 HM: VT-x/AMD-V enable method: VirtualBox
00:00:12.379406 EM: Exit history optimizations: enabled=true enabled-r0=true enabled-r0-no-preemption=false
00:00:12.379431 APIC: fPostedIntrsEnabled=false fVirtApicRegsEnabled=false fSupportsTscDeadline=false
00:00:12.379443 TMR3UtcNow: nsNow=1 778 554 543 347 096 000 nsPrev=0 -> cNsDelta=1 778 554 543 347 096 000 (offLag=0 offVirtualSync=0 offVirtualSyncGivenUp=0, NowAgain=1 778 554 543 347 096 000)
00:00:12.379526 VMM: fUsePeriodicPreemptionTimers=true
00:00:12.379538 APIC: Enabling Hyper-V x2APIC compatibility mode
00:00:12.379632 CPUM: Logical host processors: 8 present, 8 max, 8 online, online mask: 00000000000000ff
00:00:12.379634 CPUM: Physical host cores: 4
00:00:12.379635 ************************ CPUID dump *************************
00:00:12.379895          Raw Standard CPUID Leaves
00:00:12.379895      Leaf/sub-leaf  eax      ebx      ecx      edx
00:00:12.379900 Gst: 00000000/0000  00000010 68747541 444d4163 69746e65
00:00:12.379902 Hst:                00000010 68747541 444d4163 69746e65
00:00:12.379903 Gst: 00000001/0000  008a0f00 00030800 f6d83203 178bfbff
00:00:12.379904 Hst:                008a0f00 07080800 7ef8320b 178bfbff
00:00:12.379905 Gst: 00000002/0000  00000000 00000000 00000000 00000000
00:00:12.379906 Hst:                00000000 00000000 00000000 00000000
00:00:12.379907 Gst: 00000003/0000  00000000 00000000 00000000 00000000
00:00:12.379908 Hst:                00000000 00000000 00000000 00000000
00:00:12.379909 Gst: 00000004/0000  00000000 00000000 00000000 00000000
00:00:12.379910 Hst:                00000000 00000000 00000000 00000000
00:00:12.379910 Gst: 00000005/0000  00000000 00000000 00000000 00000000
00:00:12.379911 Hst:                00000040 00000040 00000003 00000011
00:00:12.379912 Gst: 00000006/0000  00000004 00000000 00000000 00000000
00:00:12.379913 Hst:                00000004 00000000 00000001 00000000
00:00:12.379914 Gst: 00000007/0000  00000000 208c0129 00000000 00000000
00:00:12.379915 Hst:                00000000 219c91a9 00400004 00000000
00:00:12.379916 Gst: 00000007/0001  00000000 00000000 00000000 00000000
00:00:12.379917 Hst:                00000000 00000000 00000000 00000000
00:00:12.379917 Gst: 00000007/0002  00000000 00000000 00000000 00000000
00:00:12.379918 Hst:                00000000 00000000 00000000 00000000
00:00:12.379919 Gst: 00000008/0000  00000000 00000000 00000000 00000000
00:00:12.379920 Hst:                00000000 00000000 00000000 00000000
00:00:12.379921 Gst: 00000009/0000  00000000 00000000 00000000 00000000
00:00:12.379922 Hst:                00000000 00000000 00000000 00000000
00:00:12.379922 Gst: 0000000a/0000  00000000 00000000 00000000 00000000
00:00:12.379923 Hst:                00000000 00000000 00000000 00000000
00:00:12.379924 Gst: 0000000b/0000  00000000 00000001 00000100 00000000
00:00:12.379925 Hst:                00000001 00000002 00000100 00000007
00:00:12.379926 Gst: 0000000b/0001  00000002 00000003 00000201 00000000
00:00:12.379927 Hst:                00000007 00000008 00000201 00000007
00:00:12.379928 Gst: 0000000b/0002  00000000 00000000 00000002 00000000
00:00:12.379929 Hst:                00000000 00000000 00000002 00000007
00:00:12.379929 Gst: 0000000c/0000  00000000 00000000 00000000 00000000
00:00:12.379930 Hst:                00000000 00000000 00000000 00000000
00:00:12.379931 Gst: 0000000d/0000  00000007 00000340 00000340 00000000
00:00:12.379932 Hst:                00000207 00000340 00000380 00000000
00:00:12.379933 Gst: 0000000d/0001  00000000 00000340 00000000 00000000
00:00:12.379934 Hst:                0000000f 00000340 00000000 00000000
00:00:12.379934 Gst: 0000000d/0002  00000100 00000240 00000000 00000000
00:00:12.379935 Hst:                00000100 00000240 00000000 00000000
00:00:12.379936 Gst: 0000000d/0003  00000000 00000000 00000000 00000000
00:00:12.379937 Hst:                00000000 00000000 00000000 00000000
00:00:12.379938 Gst: 0000000d/0004  00000000 00000000 00000000 00000000
00:00:12.379939 Hst:                00000000 00000000 00000000 00000000
00:00:12.379939 Gst: 0000000d/0005  00000000 00000000 00000000 00000000
00:00:12.379940 Hst:                00000000 00000000 00000000 00000000
00:00:12.379941 Gst: 0000000d/0006  00000000 00000000 00000000 00000000
00:00:12.379942 Hst:                00000000 00000000 00000000 00000000
00:00:12.379943 Gst: 0000000d/0007  00000000 00000000 00000000 00000000
00:00:12.379944 Hst:                00000000 00000000 00000000 00000000
00:00:12.379945 Gst: 0000000d/0008  00000000 00000000 00000000 00000000
00:00:12.379946 Hst:                00000000 00000000 00000000 00000000
00:00:12.379946 Gst: 0000000d/0009  00000000 00000000 00000000 00000000
00:00:12.379947 Hst:                00000040 00000340 00000000 00000000
00:00:12.379948 Gst: 0000000d/000a  00000000 00000000 00000000 00000000
00:00:12.379949 Hst:                00000000 00000000 00000000 00000000
00:00:12.379950 Gst: 0000000e/0000  00000000 00000000 00000000 00000000
00:00:12.379951 Hst:                00000000 00000000 00000000 00000000
00:00:12.379951 Gst: 0000000f/0000  00000000 00000000 00000000 00000000
00:00:12.379952 Hst:                00000000 000000ff 00000000 00000002
00:00:12.379953 Hst: 00000010/0000  00000000 00000002 00000000 00000000
00:00:12.379954                                Name: AuthenticAMD
00:00:12.379956                            Supports: 0x00000000-0x00000010
00:00:12.379957                              Family: 15 	Extended: 8 	Effective: 23
00:00:12.379959                               Model:  0 	Extended: 10 	Effective: 160
00:00:12.379960                            Stepping: 0
00:00:12.379961                                Type: 0 (primary)
00:00:12.379962                             APIC ID: 0x00
00:00:12.379963                        Logical CPUs: 3
00:00:12.379964                        CLFLUSH Size: 8
00:00:12.379965                            Brand ID: 0x00
00:00:12.379966 Features
00:00:12.379966   Mnemonic - Description                                  = Guest (Host)
00:00:12.379973   FPU - x87 FPU on Chip                                   = 1 (1)
00:00:12.379975   VME - Virtual 8086 Mode Enhancements                    = 1 (1)
00:00:12.379976   DE - Debugging extensions                               = 1 (1)
00:00:12.379978   PSE - Page Size Extension                               = 1 (1)
00:00:12.379979   TSC - Time Stamp Counter                                = 1 (1)
00:00:12.379980   MSR - Model Specific Registers                          = 1 (1)
00:00:12.379981   PAE - Physical Address Extension                        = 1 (1)
00:00:12.379982   MCE - Machine Check Exception                           = 1 (1)
00:00:12.379983   CX8 - CMPXCHG8B instruction                             = 1 (1)
00:00:12.379985   APIC - APIC On-Chip                                     = 1 (1)
00:00:12.379986   SEP - SYSENTER and SYSEXIT Present                      = 1 (1)
00:00:12.379987   MTRR - Memory Type Range Registers                      = 1 (1)
00:00:12.379988   PGE - PTE Global Bit                                    = 1 (1)
00:00:12.379990   MCA - Machine Check Architecture                        = 1 (1)
00:00:12.379991   CMOV - Conditional Move instructions                    = 1 (1)
00:00:12.379992   PAT - Page Attribute Table                              = 1 (1)
00:00:12.379993   PSE-36 - 36-bit Page Size Extension                     = 1 (1)
00:00:12.379994   PSN - Processor Serial Number                           = 0 (0)
00:00:12.379995   CLFSH - CLFLUSH instruction                             = 1 (1)
00:00:12.379997   DS - Debug Store                                        = 0 (0)
00:00:12.379998   ACPI - Thermal Mon. & Soft. Clock Ctrl.                 = 0 (0)
00:00:12.379999   MMX - Intel MMX Technology                              = 1 (1)
00:00:12.380000   FXSR - FXSAVE and FXRSTOR instructions                  = 1 (1)
00:00:12.380001   SSE - SSE support                                       = 1 (1)
00:00:12.380003   SSE2 - SSE2 support                                     = 1 (1)
00:00:12.380004   SS - Self Snoop                                         = 0 (0)
00:00:12.380006   HTT - Hyper-Threading Technology                        = 1 (1)
00:00:12.380007   TM - Therm. Monitor                                     = 0 (0)
00:00:12.380008   PBE - Pending Break Enabled                             = 0 (0)
00:00:12.380009   SSE3 - SSE3 support                                     = 1 (1)
00:00:12.380011   PCLMUL - PCLMULQDQ support (for AES-GCM)                = 1 (1)
00:00:12.380012   DTES64 - DS Area 64-bit Layout                          = 0 (0)
00:00:12.380013   MONITOR - MONITOR/MWAIT instructions                    = 0 (1)
00:00:12.380014   CPL-DS - CPL Qualified Debug Store                      = 0 (0)
00:00:12.380015   VMX - Virtual Machine Extensions                        = 0 (0)
00:00:12.380016   SMX - Safer Mode Extensions                             = 0 (0)
00:00:12.380017   EST - Enhanced SpeedStep Technology                     = 0 (0)
00:00:12.380018   TM2 - Terminal Monitor 2                                = 0 (0)
00:00:12.380020   SSSE3 - Supplemental Streaming SIMD Extensions 3        = 1 (1)
00:00:12.380021   CNTX-ID - L1 Context ID                                 = 0 (0)
00:00:12.380022   SDBG - Silicon Debug interface                          = 0 (0)
00:00:12.380023   FMA - Fused Multiply Add extensions                     = 1 (1)
00:00:12.380024   CX16 - CMPXCHG16B instruction                           = 1 (1)
00:00:12.380026   TPRUPDATE - xTPR Update Control                         = 0 (0)
00:00:12.380027   PDCM - Perf/Debug Capability MSR                        = 0 (0)
00:00:12.380028   PCID - Process Context Identifiers                      = 0 (0)
00:00:12.380029   DCA - Direct Cache Access                               = 0 (0)
00:00:12.380030   SSE4_1 - SSE4_1 support                                 = 1 (1)
00:00:12.380031   SSE4_2 - SSE4_2 support                                 = 1 (1)
00:00:12.380033   X2APIC - x2APIC support                                 = 0 (1)
00:00:12.380034   MOVBE - MOVBE instruction                               = 1 (1)
00:00:12.380035   POPCNT - POPCNT instruction                             = 1 (1)
00:00:12.380036   TSCDEADL - Time Stamp Counter Deadline                  = 0 (0)
00:00:12.380037   AES - AES instructions                                  = 1 (1)
00:00:12.380039   XSAVE - XSAVE instruction                               = 1 (1)
00:00:12.380040   OSXSAVE - OSXSAVE instruction                           = 0 (1)
00:00:12.380041   AVX - AVX support                                       = 1 (1)
00:00:12.380042   F16C - 16-bit floating point conversion instructions    = 1 (1)
00:00:12.380043   RDRAND - RDRAND instruction                             = 1 (1)
00:00:12.380045   HVP - Hypervisor Present (we're a guest)                = 1 (0)
00:00:12.380046 Structured Extended Feature Flags Enumeration (leaf 7):
00:00:12.380046 Sub-leaf 0
00:00:12.380047   Mnemonic - Description                                  = Guest (Host)
00:00:12.380052   FSGSBASE - RDFSBASE/RDGSBASE/WRFSBASE/WRGSBASE instr.   = 1 (1)
00:00:12.380053   TSCADJUST - Supports MSR_IA32_TSC_ADJUST                = 0 (0)
00:00:12.380054   SGX - Supports Software Guard Extensions                = 0 (0)
00:00:12.380055   BMI1 - Advanced Bit Manipulation extension 1            = 1 (1)
00:00:12.380056   HLE - Hardware Lock Elision                             = 0 (0)
00:00:12.380057   AVX2 - Advanced Vector Extensions 2                     = 1 (1)
00:00:12.380059   FDP_EXCPTN_ONLY - FPU DP only updated on exceptions     = 0 (0)
00:00:12.380059   SMEP - Supervisor Mode Execution Prevention             = 0 (1)
00:00:12.380060   BMI2 - Advanced Bit Manipulation extension 2            = 1 (1)
00:00:12.380061   ERMS - Enhanced REP MOVSB/STOSB instructions            = 0 (0)
00:00:12.380062   INVPCID - INVPCID instruction                           = 0 (0)
00:00:12.380063   RTM - Restricted Transactional Memory                   = 0 (0)
00:00:12.380065   PQM - Platform Quality of Service Monitoring            = 0 (1)
00:00:12.380066   DEPFPU_CS_DS - Deprecates FPU CS, FPU DS values if set  = 0 (0)
00:00:12.380066   MPE - Intel Memory Protection Extensions                = 0 (0)
00:00:12.380067   PQE - Platform Quality of Service Enforcement           = 0 (1)
00:00:12.380068   AVX512F - AVX512 Foundation instructions                = 0 (0)
00:00:12.380069   AVX512DQ - Supports the AVX512DQ instructions           = 0 (0)
00:00:12.380070   RDSEED - RDSEED instruction                             = 1 (1)
00:00:12.380072   ADX - ADCX/ADOX instructions                            = 1 (1)
00:00:12.380073   SMAP - Supervisor Mode Access Prevention                = 0 (1)
00:00:12.380074   AVX512_IFMA - Supports the AVX512_IFMA instructions     = 0 (0)
00:00:12.380075   CLFLUSHOPT - CLFLUSHOPT (Cache Line Flush) instruction  = 1 (1)
00:00:12.380076   CLWB - CLWB instruction                                 = 0 (1)
00:00:12.380077   INTEL_PT - Intel Processor Trace                        = 0 (0)
00:00:12.380078   AVX512PF - AVX512 Prefetch instructions                 = 0 (0)
00:00:12.380079   AVX512ER - AVX512 Exponential & Reciprocal instructions = 0 (0)
00:00:12.380080   AVX512CD - AVX512 Conflict Detection instructions       = 0 (0)
00:00:12.380081   SHA - Secure Hash Algorithm extensions                  = 1 (1)
00:00:12.380082   AVX512BW - Supports the AVX512BW instructions           = 0 (0)
00:00:12.380083   AVX512VL - Supports the AVX512VL instructions           = 0 (0)
00:00:12.380084   PREFETCHWT1 - PREFETCHWT1 instruction                   = 0 (0)
00:00:12.380085   AVX512_VBMI - Supports the AVX512_VBMI instructions     = 0 (0)
00:00:12.380086   UMIP - User mode insturction prevention                 = 0 (1)
00:00:12.380087   PKU - Protection Key for Usermode pages                 = 0 (0)
00:00:12.380088   OSPKE - CR4.PKU mirror                                  = 0 (0)
00:00:12.380089   WAITPKG - TPAUSE, UMONITOR & UMWAIT support             = 0 (0)
00:00:12.380090   AVX512_VBMI2 - Supports the AVX512_VBMI2 instructions   = 0 (0)
00:00:12.380091   CET_SS - CET shadow stack support                       = 0 (0)
00:00:12.380092   GFNI - Supports the GFNI instruction set                = 0 (0)
00:00:12.380093   VAES - Supports the VEX encoded AES instruction set     = 0 (0)
00:00:12.380094   VPCLMULQDQ - Supports the VPCLMULQDQ instruction        = 0 (0)
00:00:12.380095   AVX512_VNNI - Supports the AVX512_VNNI instructions     = 0 (0)
00:00:12.380096   AVX512_BITALG - Supports the AVX512_BITALG instructions = 0 (0)
00:00:12.380097   TME_EN - Supports 4 IA32_TME_ MSRs                      = 0 (0)
00:00:12.380098   AVX512_VPOPCNTDQ - Supports the AVX512_VPOPCNTDQ instructions = 0 (0)
00:00:12.380099   LA57 - 57-bit linear addresses                          = 0 (0)
00:00:12.380100   MAWAU - Value used by BNDLDX & BNDSTX                   = 0x0 (0x0)
00:00:12.380101   RDPID - Read processor ID support                       = 0 (1)
00:00:12.380102   KEY_LOCKER - Supports Key Locker                        = 0 (0)
00:00:12.380103   BUS_LOCK_DETECT - Supports OS bus-lock detection        = 0 (0)
00:00:12.380104   CLDEMOTE - Supports cache line demote                   = 0 (0)
00:00:12.380105   MOVDIRI - Supports the MOVDIRI instruction              = 0 (0)
00:00:12.380106   MOVDIRI64B - Supports the MOVDIRI64B instruction        = 0 (0)
00:00:12.380107   ENQCMD - Supports the Eqnqueue Stores                   = 0 (0)
00:00:12.380109   SGX_LC - Supports SGX Launch Configuration              = 0 (0)
00:00:12.380114   PKS - Supports protection keys for supervisor pages     = 0 (0)
00:00:12.380115  Sub-leaf 2
00:00:12.380116   Mnemonic - Description                                  = Guest (Host)
00:00:12.380116   PSFD - Supports IA32_SPEC_CTRL[7] (PSFD)                = 0 (0)
00:00:12.380123   IPRED_CTRL - Supports IA32_SPEC_CTRL[4:3] (IPRED_DIS)   = 0 (0)
00:00:12.380124   RRSBA_CTRL - Supports IA32_SPEC_CTRL[6:5] (RRSBA_DIS)   = 0 (0)
00:00:12.380125   DDPD_U - Supports IA32_SPEC_CTRL[8] (DDPD_U)            = 0 (0)
00:00:12.380126   BHI_CTRL - Supports IA32_SPEC_CTRL[10] (BHI_DIS_S)      = 0 (0)
00:00:12.380127   MCDT_NO - No MXCSR Config Dependent Timing issues       = 0 (0)
00:00:12.380128   UC_LOCK_DIS - Supports UC-lock disable and causing #AC  = 0 (0)
00:00:12.380129   MONITOR_MITG_NO - No MONITOR/UMONITOR power issues      = 0 (0)
00:00:12.380130 Processor Extended State Enumeration (leaf 0xd):
00:00:12.380131    XSAVE area cur/max size by XCR0, Guest: 0x340/0x340
00:00:12.380132    XSAVE area cur/max size by XCR0,  Host: 0x340/0x380
00:00:12.380133                    Valid XCR0 bits, Guest: 0x00000000`00000007 ( x87 SSE YMM_Hi128 )
00:00:12.380135                    Valid XCR0 bits,  Host: 0x00000000`00000207 ( x87 SSE YMM_Hi128 9 )
00:00:12.380138                     XSAVE features, Guest
00:00:12.380139                     XSAVE features,  Host XSAVEOPT XSAVEC XGETBC1 XSAVES
00:00:12.380141       XSAVE area cur size XCR0|XSS, Guest: 0x340
00:00:12.380142       XSAVE area cur size XCR0|XSS,  Host: 0x340
00:00:12.380143                Valid IA32_XSS bits, Guest: 0x00000000`00000000
00:00:12.380144                Valid IA32_XSS bits,  Host: 0x00000000`00000000
00:00:12.380145   State #2, Guest: off=0x0240, cb=0x0100 IA32_XSS-bit -- YMM_Hi128
00:00:12.380147   State #2,  Host:  off=0x0240, cb=0x0100 IA32_XSS-bit -- YMM_Hi128
00:00:12.380149   State #9,  Host:  off=0x0340, cb=0x0040 IA32_XSS-bit -- 9
00:00:12.380155          Raw Hypervisor CPUID Leaves
00:00:12.380156      Leaf/sub-leaf  eax      ebx      ecx      edx
00:00:12.380156 Gst: 40000000/0000  40000006 786f4256 786f4256 786f4256
00:00:12.380158 Gst: 40000001/0000  31237648 00000000 00000000 00000000
00:00:12.380159 Gst: 40000002/0000  00000000 00000000 00000000 00000000
00:00:12.380160 Gst: 40000003/0000  00000af2 00100000 00000000 00000500
00:00:12.380161 Gst: 40000004/0000  00000130 ffffffff 00000000 00000000
00:00:12.380162 Gst: 40000005/0000  00000000 00000000 00000000 00000000
00:00:12.380163 Gst: 40000006/0000  0000000a 00000000 00000000 00000000
00:00:12.380164          Raw Extended CPUID Leaves
00:00:12.380165      Leaf/sub-leaf  eax      ebx      ecx      edx
00:00:12.380165 Gst: 80000000/0000  80000020 68747541 444d4163 69746e65
00:00:12.380166 Hst:                80000020 68747541 444d4163 69746e65
00:00:12.380168 Gst: 80000001/0000  008a0f00 10000000 000001f3 2bd3fb7f
00:00:12.380169 Hst:                008a0f00 10000000 75c237ff 2fd3fbff
00:00:12.380170 Gst: 80000002/0000  20444d41 657a7952 2035206e 30323537
00:00:12.380171 Hst:                20444d41 657a7952 2035206e 30323537
00:00:12.380172 Gst: 80000003/0000  69772055 52206874 6f656461 7247206e
00:00:12.380173 Hst:                69772055 52206874 6f656461 7247206e
00:00:12.380175 Gst: 80000004/0000  69687061 20207363 20202020 00202020
00:00:12.380176 Hst:                69687061 20207363 20202020 00202020
00:00:12.380177 Gst: 80000005/0000  ff40ff40 ff40ff40 20080140 20080140
00:00:12.380178 Hst:                ff40ff40 ff40ff40 20080140 20080140
00:00:12.380179 Gst: 80000006/0000  48006400 68006400 02006140 00209140
00:00:12.380180 Hst:                48006400 68006400 02006140 00209140
00:00:12.380182 Gst: 80000007/0000  00000000 00000000 00000000 00000100
00:00:12.380182 Hst:                00000000 0000001b 00000000 00006799
00:00:12.380183 Gst: 80000008/0000  00003030 04000000 00000002 00000000
00:00:12.380184 Hst:                00003030 090cf657 00007007 00010000
00:00:12.380185 Gst: 80000009/0000  00000000 00000000 00000000 00000000
00:00:12.380186 Hst:                00000000 00000000 00000000 00000000
00:00:12.380187 Gst: 8000000a/0000  00000000 00000000 00000000 00000000
00:00:12.380188 Hst:                00000001 00008000 00000000 0013bcff
00:00:12.380189 Gst: 8000000b/0000  00000000 00000000 00000000 00000000
00:00:12.380190 Hst:                00000000 00000000 00000000 00000000
00:00:12.380191 Gst: 8000000c/0000  00000000 00000000 00000000 00000000
00:00:12.380192 Hst:                00000000 00000000 00000000 00000000
00:00:12.380192 Gst: 8000000d/0000  00000000 00000000 00000000 00000000
00:00:12.380193 Hst:                00000000 00000000 00000000 00000000
00:00:12.380194 Gst: 8000000e/0000  00000000 00000000 00000000 00000000
00:00:12.380195 Hst:                00000000 00000000 00000000 00000000
00:00:12.380196 Gst: 8000000f/0000  00000000 00000000 00000000 00000000
00:00:12.380197 Hst:                00000000 00000000 00000000 00000000
00:00:12.380197 Gst: 80000010/0000  00000000 00000000 00000000 00000000
00:00:12.380198 Hst:                00000000 00000000 00000000 00000000
00:00:12.380199 Gst: 80000011/0000  00000000 00000000 00000000 00000000
00:00:12.380200 Hst:                00000000 00000000 00000000 00000000
00:00:12.380201 Gst: 80000012/0000  00000000 00000000 00000000 00000000
00:00:12.380202 Hst:                00000000 00000000 00000000 00000000
00:00:12.380202 Gst: 80000013/0000  00000000 00000000 00000000 00000000
00:00:12.380203 Hst:                00000000 00000000 00000000 00000000
00:00:12.380204 Gst: 80000014/0000  00000000 00000000 00000000 00000000
00:00:12.380205 Hst:                00000000 00000000 00000000 00000000
00:00:12.380206 Gst: 80000015/0000  00000000 00000000 00000000 00000000
00:00:12.380207 Hst:                00000000 00000000 00000000 00000000
00:00:12.380207 Gst: 80000016/0000  00000000 00000000 00000000 00000000
00:00:12.380208 Hst:                00000000 00000000 00000000 00000000
00:00:12.380209 Gst: 80000017/0000  00000000 00000000 00000000 00000000
00:00:12.380210 Hst:                00000000 00000000 00000000 00000000
00:00:12.380211 Gst: 80000018/0000  00000000 00000000 00000000 00000000
00:00:12.380212 Hst:                00000000 00000000 00000000 00000000
00:00:12.380212 Gst: 80000019/0000  f040f040 00000000 00000000 00000000
00:00:12.380213 Hst:                f040f040 00000000 00000000 00000000
00:00:12.380214 Gst: 8000001a/0000  00000002 00000000 00000000 00000000
00:00:12.380215 Hst:                00000006 00000000 00000000 00000000
00:00:12.380216 Gst: 8000001b/0000  00000000 00000000 00000000 00000000
00:00:12.380217 Hst:                000003ff 00000000 00000000 00000000
00:00:12.380218 Gst: 8000001c/0000  00000000 00000000 00000000 00000000
00:00:12.380219 Hst:                00000000 00000000 00000000 00000000
00:00:12.380220 Gst: 8000001d/0000  00004121 01c0003f 0000003f 00000000
00:00:12.380221 Hst:                00004121 01c0003f 0000003f 00000000
00:00:12.380222 Gst: 8000001d/0001  00004122 01c0003f 0000003f 00000000
00:00:12.380223 Hst:                00004122 01c0003f 0000003f 00000000
00:00:12.380223 Gst: 8000001d/0002  00004143 01c0003f 000003ff 00000002
00:00:12.380225 Hst:                00004143 01c0003f 000003ff 00000002
00:00:12.380225 Gst: 8000001d/0003  00008163 03c0003f 00000fff 00000001
00:00:12.380226 Hst:                0001c163 03c0003f 00000fff 00000001
00:00:12.380227 Gst: 8000001d/0004  00000000 00000000 00000000 00000000
00:00:12.380228 Hst:                00000000 00000000 00000000 00000000
00:00:12.380229 Gst: 8000001e/0000  00000000 00000200 00000000 00000000
00:00:12.380230 Hst:                00000007 00000103 00000000 00000000
00:00:12.380231 Gst: 8000001f/0000  0001000f 0000012f 0000000e 00000001
00:00:12.380232 Hst:                0001000f 0000012f 0000000e 00000001
00:00:12.380233 Gst: 80000020/0000  00000000 00000000 00000000 00000000
00:00:12.380234 Hst:                00000000 00000002 00000000 00000000
00:00:12.380235 Ext Name:                        AuthenticAMD
00:00:12.380235 Ext Supports:                    0x80000000-0x80000020
00:00:12.380236 Family:                          15  	Extended: 8 	Effective: 23
00:00:12.380237 Model:                           0  	Extended: 10 	Effective: 160
00:00:12.380238 Stepping:                        0
00:00:12.380238 Brand ID:                        0x000
00:00:12.380239 Ext Features
00:00:12.380239   Mnemonic - Description                                  = Guest (Host)
00:00:12.380241   FPU - x87 FPU on Chip                                   = 1 (1)
00:00:12.380242   VME - Virtual 8086 Mode Enhancements                    = 1 (1)
00:00:12.380243   DE - Debugging extensions                               = 1 (1)
00:00:12.380244   PSE - Page Size Extension                               = 1 (1)
00:00:12.380246   TSC - Time Stamp Counter                                = 1 (1)
00:00:12.380252   MSR - K86 Model Specific Registers                      = 1 (1)
00:00:12.380253   PAE - Physical Address Extension                        = 1 (1)
00:00:12.380254   MCE - Machine Check Exception                           = 0 (1)
00:00:12.380255   CX8 - CMPXCHG8B instruction                             = 1 (1)
00:00:12.380256   APIC - APIC On-Chip                                     = 1 (1)
00:00:12.380257   SEP - SYSCALL/SYSRET                                    = 1 (1)
00:00:12.380258   MTRR - Memory Type Range Registers                      = 1 (1)
00:00:12.380260   PGE - PTE Global Bit                                    = 1 (1)
00:00:12.380261   MCA - Machine Check Architecture                        = 1 (1)
00:00:12.380262   CMOV - Conditional Move instructions                    = 1 (1)
00:00:12.380263   PAT - Page Attribute Table                              = 1 (1)
00:00:12.380264   PSE-36 - 36-bit Page Size Extension                     = 1 (1)
00:00:12.380265   NX - No-Execute/Execute-Disable                         = 1 (1)
00:00:12.380266   AXMMX - AMD Extensions to MMX instructions              = 1 (1)
00:00:12.380267   MMX - Intel MMX Technology                              = 1 (1)
00:00:12.380269   FXSR - FXSAVE and FXRSTOR Instructions                  = 1 (1)
00:00:12.380270   FFXSR - AMD fast FXSAVE and FXRSTOR instructions        = 1 (1)
00:00:12.380271   Page1GB - 1 GB large page                               = 0 (1)
00:00:12.380272   RDTSCP - RDTSCP instruction                             = 1 (1)
00:00:12.380273   LM - AMD64 Long Mode                                    = 1 (1)
00:00:12.380274   3DNOWEXT - AMD Extensions to 3DNow                      = 0 (0)
00:00:12.380275   3DNOW - AMD 3DNow                                       = 0 (0)
00:00:12.380277   LahfSahf - LAHF/SAHF support in 64-bit mode             = 1 (1)
00:00:12.380278   CmpLegacy - Core multi-processing legacy mode           = 1 (1)
00:00:12.380279   SVM - AMD Secure Virtual Machine extensions             = 0 (1)
00:00:12.380280   EXTAPIC - AMD Extended APIC registers                   = 0 (1)
00:00:12.380281   CR8L - AMD LOCK MOV CR0 means MOV CR8                   = 1 (1)
00:00:12.380282   ABM - AMD Advanced Bit Manipulation                     = 1 (1)
00:00:12.380283   SSE4A - SSE4A instructions                              = 1 (1)
00:00:12.380284   MISALIGNSSE - AMD Misaligned SSE mode                   = 1 (1)
00:00:12.380285   3DNOWPRF - AMD PREFETCH and PREFETCHW instructions      = 1 (1)
00:00:12.380286   OSVW - AMD OS Visible Workaround                        = 0 (1)
00:00:12.380287   IBS - Instruct Based Sampling                           = 0 (1)
00:00:12.380289   XOP - Extended Operation support                        = 0 (0)
00:00:12.380290   SKINIT - SKINIT, STGI, and DEV support                  = 0 (1)
00:00:12.380291   WDT - AMD Watchdog Timer support                        = 0 (1)
00:00:12.380292   LWP - Lightweight Profiling support                     = 0 (0)
00:00:12.380293   FMA4 - Four operand FMA instruction support             = 0 (0)
00:00:12.380294   TCE - Translation Cache Extension support               = 0 (1)
00:00:12.380295   NodeId - NodeId in MSR C001_100C                        = 0 (0)
00:00:12.380296   TBM - Trailing Bit Manipulation instructions            = 0 (0)
00:00:12.380297   TOPOEXT - Topology Extensions                           = 0 (1)
00:00:12.380298   PRFEXTCORE - Performance Counter Extensions support     = 0 (1)
00:00:12.380299   PRFEXTNB - NB Performance Counter Extensions support    = 0 (1)
00:00:12.380300   DATABPEXT - Data-access Breakpoint Extension            = 0 (1)
00:00:12.380301   PERFTSC - Performance Time Stamp Counter                = 0 (0)
00:00:12.380302   PCX_L2I - L2I/L3 Performance Counter Extensions         = 0 (1)
00:00:12.380303   MONITORX - MWAITX and MONITORX instructions             = 0 (1)
00:00:12.380304   AddrMaskExt - BP Addressing masking extended to bit 31  = 0 (1)
00:00:12.380309 SVM Feature Identification (leaf A)
00:00:12.380310   Mnemonic - Description                                  = Guest (Host)
00:00:12.380311   NP - Nested Paging                                      = 0 (1)
00:00:12.380312   LbrVirt - Last Branch Record Virtualization             = 0 (1)
00:00:12.380313   SVML - SVM Lock                                         = 0 (1)
00:00:12.380321   NRIPS - NextRIP Save                                    = 0 (1)
00:00:12.380322   TscRateMsr - MSR based TSC rate control                 = 0 (1)
00:00:12.380324   VmcbClean - VMCB clean bits                             = 0 (1)
00:00:12.380325   FlushByASID - Flush by ASID                             = 0 (1)
00:00:12.380326   DecodeAssists - Decode Assists                          = 0 (1)
00:00:12.380327   PauseFilter - Pause intercept filter                    = 0 (1)
00:00:12.380328   11 - Reserved                                           = 0 (1)
00:00:12.380330   PauseFilterThreshold - Pause filter threshold           = 0 (1)
00:00:12.380331   AVIC - Advanced Virtual Interrupt Controller            = 0 (1)
00:00:12.380332   VMSAVEVirt - VMSAVE and VMLOAD Virtualization           = 0 (1)
00:00:12.380333   VGIF - Virtual Global-Interrupt Flag                    = 0 (1)
00:00:12.380334   GMET - Guest Mode Execute Trap Extension                = 0 (1)
00:00:12.380335   x2AVIC - AVIC support for x2APIC mode                   = 0 (0)
00:00:12.380336   SSSCheck - SVM supervisor shadow stack restrictions     = 0 (0)
00:00:12.380337   SpecCtrl - SPEC_CTRL virtualization                     = 0 (1)
00:00:12.380338   ROGPT - Read-Only Guest Page Table feature support      = 0 (0)
00:00:12.380339   HOST_MCE_OVERRIDE - Guest #MC can be intercepted        = 0 (0)
00:00:12.380340   TlbiCtl - INVLPGB/TLBSYNC enable and intercept          = 0 (0)
00:00:12.380341   VNMI - NMI Virtualization                               = 0 (0)
00:00:12.380342   IbsVirt - IBS Virtualization                            = 0 (0)
00:00:12.380343   ExtLvtAvicAccessChg - Extended LVT AVIC access changes  = 0 (0)
00:00:12.380344   NestedVirtVmcbAddrChk - Guest VMCB address check        = 0 (0)
00:00:12.380345   BusLockThreshold - Bus Lock Threshold                   = 0 (0)
00:00:12.380347 Full Name:                       "AMD Ryzen 5 7520U with Radeon Graphics         "
00:00:12.380347 TLB 2/4M Instr/Uni:              fully  64 entries
00:00:12.380348 TLB 2/4M Data:                   fully  64 entries
00:00:12.380349 TLB 4K Instr/Uni:                fully  64 entries
00:00:12.380350 TLB 4K Data:                     fully  64 entries
00:00:12.380351 L1 Instr Cache Line Size:        64 bytes
00:00:12.380351 L1 Instr Cache Lines Per Tag:    1
00:00:12.380352 L1 Instr Cache Associativity:    8 way
00:00:12.380352 L1 Instr Cache Size:             32 KB
00:00:12.380353 L1 Data Cache Line Size:         64 bytes
00:00:12.380353 L1 Data Cache Lines Per Tag:     1
00:00:12.380354 L1 Data Cache Associativity:     8 way
00:00:12.380354 L1 Data Cache Size:              32 KB
00:00:12.380355 L2 TLB 2/4M Instr/Uni:           8 way  1024 entries
00:00:12.380355 L2 TLB 2/4M Data:                4 way  2048 entries
00:00:12.380356 L2 TLB 4K Instr/Uni:             8 way  1024 entries
00:00:12.380357 L2 TLB 4K Data:                  8 way  2048 entries
00:00:12.380357 L2 Cache Line Size:              64 bytes
00:00:12.380358 L2 Cache Lines Per Tag:          1
00:00:12.380358 L2 Cache Associativity:          8 way 
00:00:12.380358 L2 Cache Size:                   512 KB
00:00:12.380359 L3 Cache Line Size:              64 bytes
00:00:12.380359 L3 Cache Lines Per Tag:          1
00:00:12.380360 L3 Cache Associativity:          tpoext
00:00:12.380360 L3 Cache Size:                   4096 KB
00:00:12.380361 APM Features EDX
00:00:12.380361   Mnemonic - Description                                  = Guest (Host)
00:00:12.380363   TS - Temperature Sensor                                 = 0 (1)
00:00:12.380364   FID - Frequency ID control                              = 0 (0)
00:00:12.380365   VID - Voltage ID control                                = 0 (0)
00:00:12.380366   TTP - Thermal Trip                                      = 0 (1)
00:00:12.380368   TM - Hardware Thermal Control (HTC)                     = 0 (1)
00:00:12.380369   100MHzSteps - 100 MHz Multiplier control                = 0 (0)
00:00:12.380370   HwPstate - Hardware P-state control                     = 0 (1)
00:00:12.380373   TscInvariant - Invariant Time Stamp Counter             = 1 (1)
00:00:12.380374   CPB - Core Performance Boost                            = 0 (1)
00:00:12.380375   EffFreqRO - Read-only Effective Frequency Interface     = 0 (1)
00:00:12.380376   ProcFdbkIf - Processor Feedback Interface               = 0 (0)
00:00:12.380377   ProcPwrRep - Core power reporting interface support     = 0 (0)
00:00:12.380378   ConnectedStandby - Connected Standby                    = 0 (1)
00:00:12.380379   RAPL - Running average power limit                      = 0 (1)
00:00:12.380380 Ext Features ext IDs EBX
00:00:12.380381   Mnemonic - Description                                  = Guest (Host)
00:00:12.380382   CLZERO - Clear zero instruction (cacheline)             = 0 (1)
00:00:12.380383   IRPerf - Instructions retired count support             = 0 (1)
00:00:12.380384   XSaveErPtr - Save/restore error pointers (FXSAVE/RSTOR) = 0 (1)
00:00:12.380385   INVLPGB - INVLPGB and TLBSYNC instructions              = 0 (0)
00:00:12.380386   RDPRU - RDPRU instruction                               = 0 (1)
00:00:12.380387   BE - Bandwidth Enforcement extension                    = 0 (1)
00:00:12.380388   MCOMMIT - MCOMMIT instruction                           = 0 (0)
00:00:12.380390   WBNOINVD - WBNOINVD instruction                         = 0 (1)
00:00:12.380391   10 - Reserved                                           = 0 (1)
00:00:12.380392   IBPB - Supports the IBPB command in IA32_PRED_CMD       = 0 (1)
00:00:12.380393   INT_WBINVD - WBINVD/WBNOINVD interruptible              = 0 (1)
00:00:12.380394   IBRS - Indirect Branch Restricted Speculation           = 0 (1)
00:00:12.380395   STIBP - Single Thread Indirect Branch Prediction        = 0 (1)
00:00:12.380396   IbrsAlwaysOn - Processor prefers that IBRS be left on   = 0 (0)
00:00:12.380397   StibpAlwaysOn - Processor prefers that STIBP be left on = 0 (0)
00:00:12.380398   IbrsPreferred - IBRS preferred over software solution   = 0 (1)
00:00:12.380399   IbrsSameMode - IBRS limits same mode speculation        = 0 (1)
00:00:12.380400   EferLmsleUnsupported - EFER.LMSLE is unsupported        = 0 (0)
00:00:12.380400   INVLPGBnestedPages - INVLPGB for nested translation     = 0 (0)
00:00:12.380401   PPIN - Protected processor inventory number             = 0 (0)
00:00:12.380402   SSBD - Speculative Store Bypass Disable                 = 0 (1)
00:00:12.380403   SsbdVirtSpecCtrl - Use VIRT_SPEC_CTL for SSBD           = 0 (0)
00:00:12.380404   SsbdNotRequired - SSBD not needed on this processor     = 1 (0)
00:00:12.380405   CPPC - Collaborative Processor Performance Control      = 0 (1)
00:00:12.380406   PSFD - Predictive Store Forward Disable                 = 0 (0)
00:00:12.380407   BTC_NO - Unaffected by branch type confusion            = 0 (0)
00:00:12.380408   IBPB_RET - Clears RA predictor when PRED_CMD.IBPB set   = 0 (0)
00:00:12.380409 Physical Address Width:          48 bits
00:00:12.380410 Virtual Address Width:           48 bits
00:00:12.380410 Guest Physical Address Width:    48 bits (0)
00:00:12.380411 Physical Core Count:             3
00:00:12.380411 APIC ID size:                    3 (0x3)
00:00:12.380412 Performance TSC size:            40 bits
00:00:12.380412 Max page count for INVLPGB:      0x3030
00:00:12.380413 Max ECX for RDPRU:               0x0
00:00:12.380415 ********************* End of CPUID dump *********************
00:00:12.379398 HM: fUsePauseFilter=false fUseLbrVirt=false fUseVGif=true fUseVirtVmsaveVmload=true
00:00:12.380636 VMEmt: Halt method global1 (5)
00:00:12.380705 VMEmt: HaltedGlobal1 config: cNsSpinBlockThresholdCfg=50000
00:00:12.380747 Changing the VM state from 'CREATING' to 'CREATED'
00:00:12.382443 NAT: DNS settings changed, triggering update
00:00:12.382459 NAT DNS Update: Stored 16843009 as nameserver #0
00:00:12.382466 NAT DNS Update: Stored 134744072 as nameserver #1
00:00:12.382471 NAT DNS Update: Stored 2 total nameservers
00:00:12.382749 Changing the VM state from 'CREATED' to 'POWERING_ON'
00:00:12.385296 AIOMgr: Endpoints without assigned bandwidth groups:
00:00:12.385314 AIOMgr:     C:\Users\WINDOWS 11\face-recognition-project\FaceRecognition\FaceRecognition.vdi
00:00:12.385463 Changing the VM state from 'POWERING_ON' to 'RUNNING'
00:00:12.385476 Console: Machine state changed to 'Running'
00:00:12.396689 EFI: debug point SEC_PREMEM
00:00:12.428831 GUI: UIMachineLogicNormal::sltCheckForRequestedVisualStateType: Requested-state=1, Machine-state=6
00:00:12.647444 EFI: VBoxDbg> loadimage64 'SecMain.efi' 0xfffcc094 LB 0x0
00:00:12.655168 EFI: VBoxDbg> loadimage64 'PeiCore.efi' 0x2020120 LB 0x0
00:00:12.656274 EFI: VBoxDbg> loadimage64 'PcdPeim.efi' 0x2028760 LB 0x27e0
00:00:12.657644 EFI: VBoxDbg> loadimage64 'ReportStatusCodeRouterPei.efi' 0x202afa0 LB 0xa40
00:00:12.658888 EFI: VBoxDbg> loadimage64 'StatusCodeHandlerPei.efi' 0x202baa0 LB 0x800
00:00:12.659858 EFI: VBoxDbg> loadimage64 'TdTcg2Pei.efi' 0x202c3a0 LB 0x2060
00:00:12.660884 EFI: VBoxDbg> loadimage64 'PlatformPei.efi' 0x202e4a0 LB 0x10160
00:00:12.766627 EFI: debug point SEC_POSTMEM
00:00:12.792486 EFI: VBoxDbg> loadimage64 'PeiCore.efi' 0xdf165000 LB 0x8460
00:00:12.793537 EFI: VBoxDbg> loadimage64 'PcdPeim.efi' 0xdf162000 LB 0x27e0
00:00:12.794523 EFI: VBoxDbg> loadimage64 'DxeIpl.efi' 0xdf15f000 LB 0x2460
00:00:12.795633 EFI: VBoxDbg> loadimage64 'S3Resume2Pei.efi' 0xdf15c000 LB 0x2420
00:00:12.796608 EFI: VBoxDbg> loadimage64 'CpuMpPei.efi' 0xdf14d000 LB 0xe940
00:00:12.829827 EFI: VBoxDbg> loadimage64 'TpmMmioSevDecryptPei.efi' 0xdf123000 LB 0x17e0
00:00:12.830897 EFI: VBoxDbg> loadimage64 'Tcg2ConfigPei.efi' 0xdf121000 LB 0x1b20
00:00:12.832110 EFI: VBoxDbg> loadimage64 'TcgPei.efi' 0xdf11d000 LB 0x3120
00:00:12.833084 EFI: VBoxDbg> loadimage64 'Tcg2Pei.efi' 0xdf111000 LB 0xb2e0
00:00:13.217871 EFI: VBoxDbg> loadimage64 'Tcg2PlatformPei.efi' 0xdf10d000 LB 0x2560
00:00:13.218974 EFI: VBoxDbg> loadimage64 'DxeCore.efi' 0xdf0e7000 LB 0x25ec0
00:00:13.291377 EFI: debug point DXE_CORE
00:00:13.317639 EFI: VBoxDbg> loadimage64 'DxeCore.efi' 0xdf0e7000 LB 0x0
00:00:13.330988 EFI: debug point DXE_CORE_LATE
00:00:13.360060 EFI: VBoxDbg> loadimage64 'DevicePathDxe.efi' 0xde186000 LB 0xa540
00:00:13.361141 EFI: VBoxDbg> loadimage64 'PcdDxe.efi' 0xde197000 LB 0x2f40
00:00:13.362513 EFI: VBoxDbg> loadimage64 'FvbServicesRuntimeDxe.efi' 0xde8ea000 LB 0x2660
00:00:13.366157 EFI: VBoxDbg> loadimage64 'ReportStatusCodeRouterRuntimeDxe.efi' 0xde8e8000 LB 0x14e0
00:00:13.367258 EFI: VBoxDbg> loadimage64 'RuntimeDxe.efi' 0xde8e6000 LB 0x1420
00:00:13.383673 EFI: VBoxDbg> loadimage64 'SecurityStubDxe.efi' 0xddfb6000 LB 0xe7f60
00:00:13.384863 EFI: VBoxDbg> loadimage64 'EbcDxe.efi' 0xde17c000 LB 0x4260
00:00:13.413877 EFI: VBoxDbg> loadimage64 'CpuIo2Dxe.efi' 0xde182000 LB 0x1400
00:00:13.415308 EFI: VBoxDbg> loadimage64 'IncompatiblePciDeviceSupportDxe.efi' 0xde184000 LB 0x820
00:00:13.416461 EFI: VBoxDbg> loadimage64 'PciHotPlugInitDxe.efi' 0xde176000 LB 0x2c20
00:00:13.417743 EFI: VBoxDbg> loadimage64 'ResetSystemRuntimeDxe.efi' 0xde8e4000 LB 0x1720
00:00:13.418809 EFI: VBoxDbg> loadimage64 'Metronome.efi' 0xde17a000 LB 0xce0
00:00:13.419952 EFI: VBoxDbg> loadimage64 'HiiDatabase.efi' 0xde13c000 LB 0x1c160
00:00:13.421073 EFI: VBoxDbg> loadimage64 'AcpiTableDxe.efi' 0xde16a000 LB 0x5100
00:00:13.421956 EFI: VBoxDbg> loadimage64 'TdxDxe.efi' 0xde167000 LB 0x2100
00:00:13.422870 EFI: VBoxDbg> loadimage64 'DpcDxe.efi' 0xde174000 LB 0xb20
00:00:13.423786 EFI: VBoxDbg> loadimage64 'IoMmuDxe.efi' 0xde15f000 LB 0x36c0
00:00:13.424887 EFI: VBoxDbg> loadimage64 'EmuVariableFvbRuntimeDxe.efi' 0xde8e3000 LB 0xf20
00:00:13.425966 EFI: VBoxDbg> unload 'EmuVariableFvbRuntimeDxe.efi' # 0xde8e3000 LB 0xf20
00:00:13.427503 EFI: VBoxDbg> loadimage64 'VariableRuntimeDxe.efi' 0xde7f6000 LB 0xed1a0
00:00:13.444087 EFI: VBoxDbg> loadimage64 'TcgDxe.efi' 0xde137000 LB 0x41e0
00:00:13.445063 EFI: VBoxDbg> unload 'TcgDxe.efi' # 0xde137000 LB 0x41e0
00:00:13.446120 EFI: VBoxDbg> loadimage64 'RngDxe.efi' 0xde165000 LB 0x1ae0
00:00:13.447732 EFI: VBoxDbg> loadimage64 'StatusCodeHandlerRuntimeDxe.efi' 0xde7f5000 LB 0xbc0
00:00:13.448643 EFI: VBoxDbg> loadimage64 'CpuDxe.efi' 0xde109000 LB 0x18fe0
00:00:13.474015 EFI: debug point DXE_AP
00:00:13.474073 EFI: debug point DXE_AP
00:00:13.475606 EFI: VBoxDbg> loadimage64 'SetupBrowser.efi' 0xde0d2000 LB 0x14980
00:00:13.476729 EFI: VBoxDbg> loadimage64 'SmbiosDxe.efi' 0xde139000 LB 0x2f60
00:00:13.477917 EFI: VBoxDbg> loadimage64 'AcpiPlatform.efi' 0xde15a000 LB 0x760
00:00:13.479126 EFI: VBoxDbg> unload 'AcpiPlatform.efi' # 0xde15a000 LB 0x760
00:00:13.480061 EFI: VBoxDbg> loadimage64 'LogoDxe.efi' 0xde0c6000 LB 0xb860
00:00:13.481349 EFI: VBoxDbg> loadimage64 'FaultTolerantWriteDxe.efi' 0xde126000 LB 0x3180
00:00:16.484899 EFI: VBoxDbg> loadimage64 'TdTcg2Dxe.efi' 0xde0ba000 LB 0x5a80
00:00:16.485935 EFI: VBoxDbg> unload 'TdTcg2Dxe.efi' # 0xde0ba000 LB 0x5a80
00:00:16.486969 EFI: VBoxDbg> loadimage64 'Tcg2Dxe.efi' 0xde0a8000 LB 0xede0
00:00:16.499904 EFI: VBoxDbg> loadimage64 'LocalApicTimerDxe.efi' 0xde122000 LB 0x1420
00:00:16.501228 EFI: VBoxDbg> loadimage64 'PciHostBridgeDxe.efi' 0xde0ba000 LB 0x5de0
00:00:16.512297 EFI: debug point DXE_AP
00:00:16.512362 EFI: debug point DXE_AP
00:00:16.521570 EFI: VBoxDbg> loadimage64 'PcRtc.efi' 0xde7f2000 LB 0x2a80
00:00:16.532334 EFI: VBoxDbg> loadimage64 'SecureBootConfigDxe.efi' 0xdd66e000 LB 0xc8e00
00:00:16.533821 EFI: VBoxDbg> loadimage64 'MonotonicCounterRuntimeDxe.efi' 0xde7f1000 LB 0x840
00:00:16.535832 EFI: VBoxDbg> loadimage64 'CapsuleRuntimeDxe.efi' 0xde7f0000 LB 0x920
00:00:16.537134 EFI: VBoxDbg> loadimage64 'DriverHealthManagerDxe.efi' 0xde09e000 LB 0x4380
00:00:16.538327 EFI: VBoxDbg> loadimage64 'BdsDxe.efi' 0xdda50000 LB 0x18560
00:00:16.539443 EFI: VBoxDbg> loadimage64 'RamDiskDxe.efi' 0xdda70000 LB 0x8760
00:00:16.540673 EFI: VBoxDbg> loadimage64 'DisplayEngine.efi' 0xdda2e000 LB 0x10ea0
00:00:16.542051 EFI: VBoxDbg> loadimage64 'SmbiosPlatformDxe.efi' 0xdda7a000 LB 0x1700
00:00:16.543145 EFI: VBoxDbg> unload 'SmbiosPlatformDxe.efi' # 0xdda7a000 LB 0x1700
00:00:16.544186 EFI: VBoxDbg> loadimage64 'PlatformDxe.efi' 0xdda6b000 LB 0x4300
00:00:16.545302 EFI: VBoxDbg> loadimage64 'Tcg2PlatformDxe.efi' 0xdda79000 LB 0x1540
00:00:16.546383 EFI: VBoxDbg> loadimage64 'Tcg2ConfigDxe.efi' 0xdda24000 LB 0x9580
00:00:16.552676 EFI: VBoxDbg> loadimage64 'TcgMor.efi' 0xdda69000 LB 0xb00
00:00:16.555367 EFI: VBoxDbg> loadimage64 'WatchdogTimer.efi' 0xdda4d000 LB 0x820
00:00:16.556618 EFI: VBoxDbg> loadimage64 'QemuKernelLoaderFsDxe.efi' 0xdda45000 LB 0x3580
00:00:16.557875 EFI: VBoxDbg> unload 'QemuKernelLoaderFsDxe.efi' # 0xdda45000 LB 0x3580
00:00:16.560056 EFI: VBoxDbg> loadimage64 'PciBusDxe.efi' 0xdda18000 LB 0xb940
00:00:16.561266 EFI: VBoxDbg> loadimage64 'VirtioPciDeviceDxe.efi' 0xdda48000 LB 0x11e0
00:00:16.562230 EFI: VBoxDbg> loadimage64 'Virtio10.efi' 0xdda42000 LB 0x2820
00:00:16.563233 EFI: VBoxDbg> loadimage64 'VirtioScsiDxe.efi' 0xdda3f000 LB 0x2060
00:00:16.564190 EFI: VBoxDbg> loadimage64 'MptScsiDxe.efi' 0xdda16000 LB 0x1900
00:00:16.565367 EFI: VBoxDbg> loadimage64 'ConPlatformDxe.efi' 0xdda14000 LB 0x1d80
00:00:16.566560 EFI: VBoxDbg> loadimage64 'ConSplitterDxe.efi' 0xdda06000 LB 0x60a0
00:00:16.567896 EFI: VBoxDbg> loadimage64 'GraphicsConsoleDxe.efi' 0xdda01000 LB 0x4120
00:00:16.569058 EFI: VBoxDbg> loadimage64 'TerminalDxe.efi' 0xdd7f2000 LB 0x53a0
00:00:16.570153 EFI: VBoxDbg> loadimage64 'DiskIoDxe.efi' 0xdd7fb000 LB 0x21c0
00:00:16.571465 EFI: VBoxDbg> loadimage64 'PartitionDxe.efi' 0xdd7e6000 LB 0x5480
00:00:16.572687 EFI: VBoxDbg> loadimage64 'EnglishDxe.efi' 0xdda0f000 LB 0xd60
00:00:16.573735 EFI: VBoxDbg> loadimage64 'ScsiBus.efi' 0xdd7ef000 LB 0x2140
00:00:16.574802 EFI: VBoxDbg> loadimage64 'ScsiDisk.efi' 0xdd7d2000 LB 0x9100
00:00:16.575952 EFI: VBoxDbg> loadimage64 'SataController.efi' 0xdd7ed000 LB 0x1660
00:00:16.577134 EFI: VBoxDbg> loadimage64 'AtaAtapiPassThruDxe.efi' 0xdd7ca000 LB 0x7e00
00:00:16.578186 EFI: VBoxDbg> loadimage64 'AtaBusDxe.efi' 0xdd7de000 LB 0x3d40
00:00:16.579311 EFI: VBoxDbg> loadimage64 'NvmExpressDxe.efi' 0xdd7ba000 LB 0x7aa0
00:00:16.580264 EFI: VBoxDbg> loadimage64 'SioBusDxe.efi' 0xdd7e4000 LB 0x15c0
00:00:16.581509 EFI: VBoxDbg> loadimage64 'PciSioSerialDxe.efi' 0xdd7b5000 LB 0x5000
00:00:16.582723 EFI: VBoxDbg> loadimage64 'Ps2KeyboardDxe.efi' 0xdd7c2000 LB 0x3b80
00:00:16.583805 EFI: VBoxDbg> loadimage64 'VBoxVgaDxe.efi' 0xdd7b1000 LB 0x3840
00:00:16.584840 EFI: VBoxDbg> loadimage64 'VBoxHfs.efi' 0xdd7a3000 LB 0x6500
00:00:16.585946 EFI: VBoxDbg> loadimage64 'VBoxSysTables.efi' 0xdd7e3000 LB 0xac0
00:00:16.646246 EFI: VBoxDbg> loadimage64 'VBoxAppleSim.efi' 0xdd7ae000 LB 0x2ae0
00:00:16.649876 EFI: VBoxDbg> loadimage64 'VBoxApfsJmpStartDxe.efi' 0xdd7c8000 LB 0x1180
00:00:16.651961 EFI: VBoxDbg> loadimage64 'BootGraphicsResourceTableDxe.efi' 0xdd7dc000 LB 0xf40
00:00:16.652981 EFI: VBoxDbg> loadimage64 'Fat.efi' 0xdd793000 LB 0x7660
00:00:16.654022 EFI: VBoxDbg> loadimage64 'UdfDxe.efi' 0xdd78e000 LB 0x4200
00:00:16.655049 EFI: VBoxDbg> loadimage64 'VirtioFsDxe.efi' 0xdd787000 LB 0x6180
00:00:16.656135 EFI: VBoxDbg> loadimage64 'Hash2DxeCrypto.efi' 0xdd7a0000 LB 0x2ba0
00:00:16.657132 EFI: VBoxDbg> loadimage64 'SnpDxe.efi' 0xdd77b000 LB 0x57a0
00:00:16.658192 EFI: VBoxDbg> loadimage64 'VlanConfigDxe.efi' 0xdd775000 LB 0x55a0
00:00:16.659149 EFI: VBoxDbg> loadimage64 'MnpDxe.efi' 0xdd765000 LB 0x7380
00:00:16.660425 EFI: VBoxDbg> loadimage64 'ArpDxe.efi' 0xdd783000 LB 0x35c0
00:00:16.662483 EFI: VBoxDbg> loadimage64 'Dhcp4Dxe.efi' 0xdd753000 LB 0x87a0
00:00:16.663612 EFI: VBoxDbg> loadimage64 'Ip4Dxe.efi' 0xdd65b000 LB 0x12680
00:00:16.664662 EFI: VBoxDbg> loadimage64 'Udp4Dxe.efi' 0xdd75d000 LB 0x7660
00:00:16.666239 EFI: VBoxDbg> loadimage64 'Mtftp4Dxe.efi' 0xdd74b000 LB 0x7c20
00:00:16.667294 EFI: VBoxDbg> loadimage64 'Dhcp6Dxe.efi' 0xdd739000 LB 0x8940
00:00:16.668318 EFI: VBoxDbg> loadimage64 'Ip6Dxe.efi' 0xdd627000 LB 0x194e0
00:00:16.669376 EFI: VBoxDbg> loadimage64 'Udp6Dxe.efi' 0xdd743000 LB 0x7340
00:00:16.670959 EFI: VBoxDbg> loadimage64 'Mtftp6Dxe.efi' 0xdd653000 LB 0x7ea0
00:00:16.672032 EFI: VBoxDbg> loadimage64 'UefiPxeBcDxe.efi' 0xdd616000 LB 0x109e0
00:00:16.682187 EFI: VBoxDbg> loadimage64 'IScsiDxe.efi' 0xdd5da000 LB 0x1d100
00:00:16.683271 EFI: VBoxDbg> unload 'IScsiDxe.efi' # 0xdd5da000 LB 0x1d100
00:00:16.684447 EFI: VBoxDbg> loadimage64 'VirtioNetDxe.efi' 0xdd64e000 LB 0x4300
00:00:16.685433 EFI: VBoxDbg> loadimage64 'E1kNetDxe.efi' 0xdd76f000 LB 0x2e60
00:00:16.686469 EFI: VBoxDbg> loadimage64 'UhciDxe.efi' 0xdd644000 LB 0x4580
00:00:16.687499 EFI: VBoxDbg> loadimage64 'EhciDxe.efi' 0xdd611000 LB 0x4f00
00:00:16.688549 EFI: VBoxDbg> loadimage64 'XhciDxe.efi' 0xdd5ff000 LB 0x8660
00:00:16.689641 EFI: VBoxDbg> loadimage64 'UsbBusDxe.efi' 0xdd5f9000 LB 0x5260
00:00:16.690729 EFI: VBoxDbg> loadimage64 'UsbKbDxe.efi' 0xdd60c000 LB 0x4020
00:00:16.692044 EFI: VBoxDbg> loadimage64 'UsbMassStorageDxe.efi' 0xdd5f4000 LB 0x4380
00:00:16.693098 EFI: VBoxDbg> loadimage64 'TcpDxe.efi' 0xdd5da000 LB 0xce80
00:00:16.809964 Display::i_handleDisplayResize: uScreenId=0 pvVRAM=000002873c150000 w=1024 h=768 bpp=32 cbLine=0x1000 flags=0x0 origin=0,0
00:00:16.929985 PS2K: Selected scan set 2
00:00:16.937073 xHCI: Hardware reset
00:00:16.939498 xHCI: USB Operational
00:00:16.947624 xHCI: Root hub-attached device reset completed with VINF_SUCCESS
00:00:17.143197 AHCI#0: Reset the HBA
00:00:17.143247 VD#0: Cancelling all active requests
00:00:17.158177 GUI: UIMediumEnumerator: Medium-enumeration finished!
00:00:17.273852 EFI: Boot failure
00:00:17.273904 VM: Raising runtime error 'VMBootFail' (fFlags=0x0)
00:00:17.273916 Console: VM runtime error: fatal=false, errorID=VMBootFail message="The VM failed to boot. This is possibly caused by not having an operating system installed or a misconfigured boot order. Maybe picking a guest OS install DVD will resolve the situation"
00:00:22.135667 NAT: Link up
00:00:46.323040 GUI: UIMediumEnumerator: Medium-enumeration finished!
00:00:52.495388 GUI: UIMediumEnumerator: Medium-enumeration finished!
00:00:57.026018 EFI: VBoxDbg> loadimage64 'UiApp.efi' 0xdd29c000 LB 0x1f300
00:00:57.080347 Display::i_handleDisplayResize: uScreenId=0 pvVRAM=000002873c150000 w=1280 h=800 bpp=32 cbLine=0x1400 flags=0x0 origin=0,0
00:01:14.440304 Display::i_handleDisplayResize: uScreenId=0 pvVRAM=000002873c150000 w=1024 h=768 bpp=32 cbLine=0x1000 flags=0x0 origin=0,0
00:01:14.446135 EFI: VBoxDbg> unload 'UiApp.efi' # 0xdd29c000 LB 0x1f300
00:01:14.454112 EFI: VBoxDbg> loadimage64 'UiApp.efi' 0xdd283000 LB 0x1f300
00:01:14.520725 Display::i_handleDisplayResize: uScreenId=0 pvVRAM=000002873c150000 w=1280 h=800 bpp=32 cbLine=0x1400 flags=0x0 origin=0,0
00:01:17.995049 EFI: VBoxDbg> unload 'UiApp.efi' # 0xdd283000 LB 0x1f300
00:01:18.002505 EFI: VBoxDbg> loadimage64 'UiApp.efi' 0xdd283000 LB 0x1f300
00:01:18.009853 Display::i_handleDisplayResize: uScreenId=0 pvVRAM=000002873c150000 w=1024 h=768 bpp=32 cbLine=0x1000 flags=0x0 origin=0,0
00:01:18.070379 Display::i_handleDisplayResize: uScreenId=0 pvVRAM=000002873c150000 w=1280 h=800 bpp=32 cbLine=0x1400 flags=0x0 origin=0,0
00:01:25.380579 Reset initiated by keyboard controller
00:01:25.380673 Changing the VM state from 'RUNNING' to 'RESETTING'
00:01:25.380824 GIM: HyperV: Resetting MMIO2 regions and MSRs
00:01:25.381038 PIT: mode=3 count=0x10000 (65536) - 18.20 Hz (ch=0)
00:01:25.389307 AHCI#0: Reset the HBA
00:01:25.389370 VD#0: Cancelling all active requests
00:01:25.389419 HDA: Codec reset
00:01:25.389429 HDA: Reset
00:01:25.389752 VMMDevNotifyGuest: fAddEvents=0x1 ignored because enmVMState=8
00:01:25.403184 Changing the VM state from 'RESETTING' to 'RUNNING'
00:01:25.403476 xHCI: Root hub-attached device reset completed with VINF_SUCCESS
00:01:25.406847 EFI: debug point SEC_PREMEM
00:01:25.556472 EFI: VBoxDbg> loadimage64 'SecMain.efi' 0xfffcc094 LB 0x0
00:01:25.557435 EFI: VBoxDbg> loadimage64 'PeiCore.efi' 0x2020120 LB 0x0
00:01:25.558435 EFI: VBoxDbg> loadimage64 'PcdPeim.efi' 0x2028760 LB 0x27e0
00:01:25.559761 EFI: VBoxDbg> loadimage64 'ReportStatusCodeRouterPei.efi' 0x202afa0 LB 0xa40
00:01:25.560993 EFI: VBoxDbg> loadimage64 'StatusCodeHandlerPei.efi' 0x202baa0 LB 0x800
00:01:25.561946 EFI: VBoxDbg> loadimage64 'TdTcg2Pei.efi' 0x202c3a0 LB 0x2060
00:01:25.562938 EFI: VBoxDbg> loadimage64 'PlatformPei.efi' 0x202e4a0 LB 0x10160
00:01:25.569335 EFI: debug point SEC_POSTMEM
00:01:25.571180 EFI: VBoxDbg> loadimage64 'PeiCore.efi' 0xdf165000 LB 0x8460
00:01:25.572202 EFI: VBoxDbg> loadimage64 'PcdPeim.efi' 0xdf162000 LB 0x27e0
00:01:25.573150 EFI: VBoxDbg> loadimage64 'DxeIpl.efi' 0xdf15f000 LB 0x2460
00:01:25.574255 EFI: VBoxDbg> loadimage64 'S3Resume2Pei.efi' 0xdf15c000 LB 0x2420
00:01:25.575223 EFI: VBoxDbg> loadimage64 'CpuMpPei.efi' 0xdf14d000 LB 0xe940
00:01:25.608555 EFI: VBoxDbg> loadimage64 'TpmMmioSevDecryptPei.efi' 0xdf123000 LB 0x17e0
00:01:25.609668 EFI: VBoxDbg> loadimage64 'Tcg2ConfigPei.efi' 0xdf121000 LB 0x1b20
00:01:25.610816 EFI: VBoxDbg> loadimage64 'TcgPei.efi' 0xdf11d000 LB 0x3120
00:01:25.611810 EFI: VBoxDbg> loadimage64 'Tcg2Pei.efi' 0xdf111000 LB 0xb2e0
00:01:25.995382 EFI: VBoxDbg> loadimage64 'Tcg2PlatformPei.efi' 0xdf10d000 LB 0x2560
00:01:25.996463 EFI: VBoxDbg> loadimage64 'DxeCore.efi' 0xdf0e7000 LB 0x25ec0
00:01:26.029759 EFI: debug point DXE_CORE
00:01:26.031636 EFI: VBoxDbg> loadimage64 'DxeCore.efi' 0xdf0e7000 LB 0x0
00:01:26.032054 EFI: debug point DXE_CORE_LATE
00:01:26.035065 EFI: VBoxDbg> loadimage64 'DevicePathDxe.efi' 0xde186000 LB 0xa540
00:01:26.036058 EFI: VBoxDbg> loadimage64 'PcdDxe.efi' 0xde197000 LB 0x2f40
00:01:26.037277 EFI: VBoxDbg> loadimage64 'FvbServicesRuntimeDxe.efi' 0xde8ea000 LB 0x2660
00:01:26.040280 EFI: VBoxDbg> loadimage64 'ReportStatusCodeRouterRuntimeDxe.efi' 0xde8e8000 LB 0x14e0
00:01:26.041315 EFI: VBoxDbg> loadimage64 'RuntimeDxe.efi' 0xde8e6000 LB 0x1420
00:01:26.043140 EFI: VBoxDbg> loadimage64 'SecurityStubDxe.efi' 0xddfb6000 LB 0xe7f60
00:01:26.044182 EFI: VBoxDbg> loadimage64 'EbcDxe.efi' 0xde17c000 LB 0x4260
00:01:26.045873 EFI: VBoxDbg> loadimage64 'CpuIo2Dxe.efi' 0xde182000 LB 0x1400
00:01:26.047197 EFI: VBoxDbg> loadimage64 'IncompatiblePciDeviceSupportDxe.efi' 0xde184000 LB 0x820
00:01:26.048287 EFI: VBoxDbg> loadimage64 'PciHotPlugInitDxe.efi' 0xde176000 LB 0x2c20
00:01:26.049564 EFI: VBoxDbg> loadimage64 'ResetSystemRuntimeDxe.efi' 0xde8e4000 LB 0x1720
00:01:26.050612 EFI: VBoxDbg> loadimage64 'Metronome.efi' 0xde17a000 LB 0xce0
00:01:26.051755 EFI: VBoxDbg> loadimage64 'HiiDatabase.efi' 0xde13c000 LB 0x1c160
00:01:26.052871 EFI: VBoxDbg> loadimage64 'AcpiTableDxe.efi' 0xde16a000 LB 0x5100
00:01:26.053759 EFI: VBoxDbg> loadimage64 'TdxDxe.efi' 0xde167000 LB 0x2100
00:01:26.054659 EFI: VBoxDbg> loadimage64 'DpcDxe.efi' 0xde174000 LB 0xb20
00:01:26.055587 EFI: VBoxDbg> loadimage64 'IoMmuDxe.efi' 0xde15f000 LB 0x36c0
00:01:26.056682 EFI: VBoxDbg> loadimage64 'EmuVariableFvbRuntimeDxe.efi' 0xde8e3000 LB 0xf20
00:01:26.057758 EFI: VBoxDbg> unload 'EmuVariableFvbRuntimeDxe.efi' # 0xde8e3000 LB 0xf20
00:01:26.059160 EFI: VBoxDbg> loadimage64 'VariableRuntimeDxe.efi' 0xde7f6000 LB 0xed1a0
00:01:26.075262 EFI: VBoxDbg> loadimage64 'TcgDxe.efi' 0xde137000 LB 0x41e0
00:01:26.076228 EFI: VBoxDbg> unload 'TcgDxe.efi' # 0xde137000 LB 0x41e0
00:01:26.077300 EFI: VBoxDbg> loadimage64 'RngDxe.efi' 0xde165000 LB 0x1ae0
00:01:26.078929 EFI: VBoxDbg> loadimage64 'StatusCodeHandlerRuntimeDxe.efi' 0xde7f5000 LB 0xbc0
00:01:26.079871 EFI: VBoxDbg> loadimage64 'CpuDxe.efi' 0xde109000 LB 0x18fe0
00:01:26.091757 EFI: debug point DXE_AP
00:01:26.091806 EFI: debug point DXE_AP
00:01:26.093764 EFI: VBoxDbg> loadimage64 'SetupBrowser.efi' 0xde0d2000 LB 0x14980
00:01:26.095543 EFI: VBoxDbg> loadimage64 'SmbiosDxe.efi' 0xde139000 LB 0x2f60
00:01:26.096843 EFI: VBoxDbg> loadimage64 'AcpiPlatform.efi' 0xde15a000 LB 0x760
00:01:26.098116 EFI: VBoxDbg> unload 'AcpiPlatform.efi' # 0xde15a000 LB 0x760
00:01:26.099119 EFI: VBoxDbg> loadimage64 'LogoDxe.efi' 0xde0c6000 LB 0xb860
00:01:26.100512 EFI: VBoxDbg> loadimage64 'FaultTolerantWriteDxe.efi' 0xde126000 LB 0x3180
00:01:26.102273 EFI: VBoxDbg> loadimage64 'TdTcg2Dxe.efi' 0xde0ba000 LB 0x5a80
00:01:26.103314 EFI: VBoxDbg> unload 'TdTcg2Dxe.efi' # 0xde0ba000 LB 0x5a80
00:01:26.104405 EFI: VBoxDbg> loadimage64 'Tcg2Dxe.efi' 0xde0a8000 LB 0xede0
00:01:26.117030 EFI: VBoxDbg> loadimage64 'LocalApicTimerDxe.efi' 0xde122000 LB 0x1420
00:01:26.118337 EFI: VBoxDbg> loadimage64 'PciHostBridgeDxe.efi' 0xde0ba000 LB 0x5de0
00:01:26.127287 EFI: VBoxDbg> loadimage64 'PcRtc.efi' 0xde7f2000 LB 0x2a80
00:01:26.129338 EFI: VBoxDbg> loadimage64 'SecureBootConfigDxe.efi' 0xdd66e000 LB 0xc8e00
00:01:26.130914 EFI: VBoxDbg> loadimage64 'MonotonicCounterRuntimeDxe.efi' 0xde7f1000 LB 0x840
00:01:26.133108 EFI: VBoxDbg> loadimage64 'CapsuleRuntimeDxe.efi' 0xde7f0000 LB 0x920
00:01:26.134521 EFI: VBoxDbg> loadimage64 'DriverHealthManagerDxe.efi' 0xde09e000 LB 0x4380
00:01:26.135639 EFI: VBoxDbg> loadimage64 'BdsDxe.efi' 0xdda70000 LB 0x18560
00:01:26.136836 EFI: VBoxDbg> loadimage64 'RamDiskDxe.efi' 0xdda90000 LB 0x8760
00:01:26.138097 EFI: VBoxDbg> loadimage64 'DisplayEngine.efi' 0xdda4e000 LB 0x10ea0
00:01:26.139584 EFI: VBoxDbg> loadimage64 'SmbiosPlatformDxe.efi' 0xdda9a000 LB 0x1700
00:01:26.140703 EFI: VBoxDbg> unload 'SmbiosPlatformDxe.efi' # 0xdda9a000 LB 0x1700
00:01:26.141778 EFI: VBoxDbg> loadimage64 'PlatformDxe.efi' 0xdda8b000 LB 0x4300
00:01:26.142950 EFI: VBoxDbg> loadimage64 'Tcg2PlatformDxe.efi' 0xdda99000 LB 0x1540
00:01:26.144050 EFI: VBoxDbg> loadimage64 'Tcg2ConfigDxe.efi' 0xdda44000 LB 0x9580
00:01:26.145827 EFI: VBoxDbg> loadimage64 'TcgMor.efi' 0xdda89000 LB 0xb00
00:01:26.148317 EFI: VBoxDbg> loadimage64 'WatchdogTimer.efi' 0xdda6d000 LB 0x820
00:01:26.149510 EFI: VBoxDbg> loadimage64 'QemuKernelLoaderFsDxe.efi' 0xdda65000 LB 0x3580
00:01:26.150694 EFI: VBoxDbg> unload 'QemuKernelLoaderFsDxe.efi' # 0xdda65000 LB 0x3580
00:01:26.151933 EFI: VBoxDbg> loadimage64 'PciBusDxe.efi' 0xdda38000 LB 0xb940
00:01:26.153153 EFI: VBoxDbg> loadimage64 'VirtioPciDeviceDxe.efi' 0xdda68000 LB 0x11e0
00:01:26.154174 EFI: VBoxDbg> loadimage64 'Virtio10.efi' 0xdda62000 LB 0x2820
00:01:26.155266 EFI: VBoxDbg> loadimage64 'VirtioScsiDxe.efi' 0xdda5f000 LB 0x2060
00:01:26.156355 EFI: VBoxDbg> loadimage64 'MptScsiDxe.efi' 0xdda36000 LB 0x1900
00:01:26.157653 EFI: VBoxDbg> loadimage64 'ConPlatformDxe.efi' 0xdda34000 LB 0x1d80
00:01:26.158885 EFI: VBoxDbg> loadimage64 'ConSplitterDxe.efi' 0xdda26000 LB 0x60a0
00:01:26.160257 EFI: VBoxDbg> loadimage64 'GraphicsConsoleDxe.efi' 0xdda21000 LB 0x4120
00:01:26.161448 EFI: VBoxDbg> loadimage64 'TerminalDxe.efi' 0xdda13000 LB 0x53a0
00:01:26.162562 EFI: VBoxDbg> loadimage64 'DiskIoDxe.efi' 0xdda1c000 LB 0x21c0
00:01:26.163728 EFI: VBoxDbg> loadimage64 'PartitionDxe.efi' 0xdda07000 LB 0x5480
00:01:26.164969 EFI: VBoxDbg> loadimage64 'EnglishDxe.efi' 0xdda2f000 LB 0xd60
00:01:26.166034 EFI: VBoxDbg> loadimage64 'ScsiBus.efi' 0xdda10000 LB 0x2140
00:01:26.167170 EFI: VBoxDbg> loadimage64 'ScsiDisk.efi' 0xdd7ec000 LB 0x9100
00:01:26.168377 EFI: VBoxDbg> loadimage64 'SataController.efi' 0xdda0e000 LB 0x1660
00:01:26.169582 EFI: VBoxDbg> loadimage64 'AtaAtapiPassThruDxe.efi' 0xdd7e4000 LB 0x7e00
00:01:26.170657 EFI: VBoxDbg> loadimage64 'AtaBusDxe.efi' 0xdd7fc000 LB 0x3d40
00:01:26.171832 EFI: VBoxDbg> loadimage64 'NvmExpressDxe.efi' 0xdd7d4000 LB 0x7aa0
00:01:26.172822 EFI: VBoxDbg> loadimage64 'SioBusDxe.efi' 0xdda05000 LB 0x15c0
00:01:26.174017 EFI: VBoxDbg> loadimage64 'PciSioSerialDxe.efi' 0xdda00000 LB 0x5000
00:01:26.175166 EFI: VBoxDbg> loadimage64 'Ps2KeyboardDxe.efi' 0xdd7e0000 LB 0x3b80
00:01:26.176190 EFI: VBoxDbg> loadimage64 'VBoxVgaDxe.efi' 0xdd7dc000 LB 0x3840
00:01:26.177178 EFI: VBoxDbg> loadimage64 'VBoxHfs.efi' 0xdd7c6000 LB 0x6500
00:01:26.178268 EFI: VBoxDbg> loadimage64 'VBoxSysTables.efi' 0xdd7fa000 LB 0xac0
00:01:26.239503 EFI: VBoxDbg> loadimage64 'VBoxAppleSim.efi' 0xdd7d1000 LB 0x2ae0
00:01:26.240961 EFI: VBoxDbg> loadimage64 'VBoxApfsJmpStartDxe.efi' 0xdd7cf000 LB 0x1180
00:01:26.242444 EFI: VBoxDbg> loadimage64 'BootGraphicsResourceTableDxe.efi' 0xdd7f7000 LB 0xf40
00:01:26.243412 EFI: VBoxDbg> loadimage64 'Fat.efi' 0xdd7b6000 LB 0x7660
00:01:26.244467 EFI: VBoxDbg> loadimage64 'UdfDxe.efi' 0xdd7b1000 LB 0x4200
00:01:26.245493 EFI: VBoxDbg> loadimage64 'VirtioFsDxe.efi' 0xdd7aa000 LB 0x6180
00:01:26.246602 EFI: VBoxDbg> loadimage64 'Hash2DxeCrypto.efi' 0xdd7c0000 LB 0x2ba0
00:01:26.247601 EFI: VBoxDbg> loadimage64 'SnpDxe.efi' 0xdd79e000 LB 0x57a0
00:01:26.248760 EFI: VBoxDbg> loadimage64 'VlanConfigDxe.efi' 0xdd798000 LB 0x55a0
00:01:26.249790 EFI: VBoxDbg> loadimage64 'MnpDxe.efi' 0xdd788000 LB 0x7380
00:01:26.250810 EFI: VBoxDbg> loadimage64 'ArpDxe.efi' 0xdd794000 LB 0x35c0
00:01:26.251879 EFI: VBoxDbg> loadimage64 'Dhcp4Dxe.efi' 0xdd776000 LB 0x87a0
00:01:26.252941 EFI: VBoxDbg> loadimage64 'Ip4Dxe.efi' 0xdd750000 LB 0x12680
00:01:26.254011 EFI: VBoxDbg> loadimage64 'Udp4Dxe.efi' 0xdd76e000 LB 0x7660
00:01:26.255693 EFI: VBoxDbg> loadimage64 'Mtftp4Dxe.efi' 0xdd766000 LB 0x7c20
00:01:26.256780 EFI: VBoxDbg> loadimage64 'Dhcp6Dxe.efi' 0xdd747000 LB 0x8940
00:01:26.257801 EFI: VBoxDbg> loadimage64 'Ip6Dxe.efi' 0xdd63a000 LB 0x194e0
00:01:26.258861 EFI: VBoxDbg> loadimage64 'Udp6Dxe.efi' 0xdd73f000 LB 0x7340
00:01:26.260430 EFI: VBoxDbg> loadimage64 'Mtftp6Dxe.efi' 0xdd737000 LB 0x7ea0
00:01:26.261515 EFI: VBoxDbg> loadimage64 'UefiPxeBcDxe.efi' 0xdd629000 LB 0x109e0
00:01:26.262979 EFI: VBoxDbg> loadimage64 'IScsiDxe.efi' 0xdd5ed000 LB 0x1d100
00:01:26.264045 EFI: VBoxDbg> unload 'IScsiDxe.efi' # 0xdd5ed000 LB 0x1d100
00:01:26.265213 EFI: VBoxDbg> loadimage64 'VirtioNetDxe.efi' 0xdd669000 LB 0x4300
00:01:26.266201 EFI: VBoxDbg> loadimage64 'E1kNetDxe.efi' 0xdd791000 LB 0x2e60
00:01:26.267290 EFI: VBoxDbg> loadimage64 'UhciDxe.efi' 0xdd664000 LB 0x4580
00:01:26.268387 EFI: VBoxDbg> loadimage64 'EhciDxe.efi' 0xdd65f000 LB 0x4f00
00:01:26.269447 EFI: VBoxDbg> loadimage64 'XhciDxe.efi' 0xdd656000 LB 0x8660
00:01:26.270547 EFI: VBoxDbg> loadimage64 'UsbBusDxe.efi' 0xdd623000 LB 0x5260
00:01:26.271626 EFI: VBoxDbg> loadimage64 'UsbKbDxe.efi' 0xdd61e000 LB 0x4020
00:01:26.272877 EFI: VBoxDbg> loadimage64 'UsbMassStorageDxe.efi' 0xdd619000 LB 0x4380
00:01:26.273885 EFI: VBoxDbg> loadimage64 'TcpDxe.efi' 0xdd5ff000 LB 0xce80
00:01:26.387656 Display::i_handleDisplayResize: uScreenId=0 pvVRAM=000002873c150000 w=1024 h=768 bpp=32 cbLine=0x1000 flags=0x0 origin=0,0
00:01:26.498056 PS2K: Selected scan set 2
00:01:26.499222 xHCI: Hardware reset
00:01:26.501562 xHCI: USB Operational
00:01:26.509446 xHCI: Root hub-attached device reset completed with VINF_SUCCESS
00:01:26.713605 AHCI#0: Reset the HBA
00:01:26.713653 VD#0: Cancelling all active requests
00:01:26.816604 EFI: Boot failure
00:01:26.816654 VM: Raising runtime error 'VMBootFail' (fFlags=0x0)
00:01:26.816666 Console: VM runtime error: fatal=false, errorID=VMBootFail message="The VM failed to boot. This is possibly caused by not having an operating system installed or a misconfigured boot order. Maybe picking a guest OS install DVD will resolve the situation"
00:01:31.705612 NAT: Link up
00:01:33.404819 EFI: VBoxDbg> loadimage64 'UiApp.efi' 0xdd2be000 LB 0x1f300
00:01:33.478507 Display::i_handleDisplayResize: uScreenId=0 pvVRAM=000002873c150000 w=1280 h=800 bpp=32 cbLine=0x1400 flags=0x0 origin=0,0
00:01:39.060663 GUI: UIMediumEnumerator: Medium-enumeration finished!
00:01:42.326191 EFI: VBoxDbg> unload 'UiApp.efi' # 0xdd2be000 LB 0x1f300
00:01:42.328337 Display::i_handleDisplayResize: uScreenId=0 pvVRAM=000002873c150000 w=1024 h=768 bpp=32 cbLine=0x1000 flags=0x0 origin=0,0
00:01:42.334259 EFI: VBoxDbg> loadimage64 'UiApp.efi' 0xdd2a1000 LB 0x1f300
00:01:42.417460 Display::i_handleDisplayResize: uScreenId=0 pvVRAM=000002873c150000 w=1280 h=800 bpp=32 cbLine=0x1400 flags=0x0 origin=0,0
00:01:42.755776 GUI: UIMediumEnumerator: Medium-enumeration finished!
00:01:44.690054 EFI: VBoxDbg> unload 'UiApp.efi' # 0xdd2a1000 LB 0x1f300
00:01:44.697378 Display::i_handleDisplayResize: uScreenId=0 pvVRAM=000002873c150000 w=1024 h=768 bpp=32 cbLine=0x1000 flags=0x0 origin=0,0
00:01:44.698035 EFI: VBoxDbg> loadimage64 'UiApp.efi' 0xdd2a1000 LB 0x1f300
00:01:44.767112 Display::i_handleDisplayResize: uScreenId=0 pvVRAM=000002873c150000 w=1280 h=800 bpp=32 cbLine=0x1400 flags=0x0 origin=0,0
00:01:46.737903 Display::i_handleDisplayResize: uScreenId=0 pvVRAM=000002873c150000 w=1024 h=768 bpp=32 cbLine=0x1000 flags=0x0 origin=0,0
00:01:46.744440 EFI: VBoxDbg> unload 'UiApp.efi' # 0xdd2a1000 LB 0x1f300
00:01:46.751952 EFI: VBoxDbg> loadimage64 'UiApp.efi' 0xdd2a1000 LB 0x1f300
00:01:46.829837 Display::i_handleDisplayResize: uScreenId=0 pvVRAM=000002873c150000 w=1280 h=800 bpp=32 cbLine=0x1400 flags=0x0 origin=0,0
00:02:51.488384 Reset initiated by keyboard controller
00:02:51.488468 Changing the VM state from 'RUNNING' to 'RESETTING'
00:02:51.488647 GIM: HyperV: Resetting MMIO2 regions and MSRs
00:02:51.488920 PIT: mode=3 count=0x10000 (65536) - 18.20 Hz (ch=0)
00:02:51.498220 AHCI#0: Reset the HBA
00:02:51.498266 VD#0: Cancelling all active requests
00:02:51.498309 HDA: Codec reset
00:02:51.498321 HDA: Reset
00:02:51.503254 VMMDevNotifyGuest: fAddEvents=0x1 ignored because enmVMState=8
00:02:51.514773 Changing the VM state from 'RESETTING' to 'RUNNING'
00:02:51.514854 xHCI: Root hub-attached device reset completed with VINF_SUCCESS
00:02:51.517663 EFI: debug point SEC_PREMEM
00:02:51.669351 EFI: VBoxDbg> loadimage64 'SecMain.efi' 0xfffcc094 LB 0x0
00:02:51.670299 EFI: VBoxDbg> loadimage64 'PeiCore.efi' 0x2020120 LB 0x0
00:02:51.671298 EFI: VBoxDbg> loadimage64 'PcdPeim.efi' 0x2028760 LB 0x27e0
00:02:51.672617 EFI: VBoxDbg> loadimage64 'ReportStatusCodeRouterPei.efi' 0x202afa0 LB 0xa40
00:02:51.673873 EFI: VBoxDbg> loadimage64 'StatusCodeHandlerPei.efi' 0x202baa0 LB 0x800
00:02:51.674866 EFI: VBoxDbg> loadimage64 'TdTcg2Pei.efi' 0x202c3a0 LB 0x2060
00:02:51.675861 EFI: VBoxDbg> loadimage64 'PlatformPei.efi' 0x202e4a0 LB 0x10160
00:02:51.682777 EFI: debug point SEC_POSTMEM
00:02:51.684512 EFI: VBoxDbg> loadimage64 'PeiCore.efi' 0xdf165000 LB 0x8460
00:02:51.685523 EFI: VBoxDbg> loadimage64 'PcdPeim.efi' 0xdf162000 LB 0x27e0
00:02:51.686503 EFI: VBoxDbg> loadimage64 'DxeIpl.efi' 0xdf15f000 LB 0x2460
00:02:51.687610 EFI: VBoxDbg> loadimage64 'S3Resume2Pei.efi' 0xdf15c000 LB 0x2420
00:02:51.688656 EFI: VBoxDbg> loadimage64 'CpuMpPei.efi' 0xdf14d000 LB 0xe940
00:02:51.723033 EFI: VBoxDbg> loadimage64 'TpmMmioSevDecryptPei.efi' 0xdf123000 LB 0x17e0
00:02:51.724175 EFI: VBoxDbg> loadimage64 'Tcg2ConfigPei.efi' 0xdf121000 LB 0x1b20
00:02:51.725401 EFI: VBoxDbg> loadimage64 'TcgPei.efi' 0xdf11d000 LB 0x3120
00:02:51.726387 EFI: VBoxDbg> loadimage64 'Tcg2Pei.efi' 0xdf111000 LB 0xb2e0
00:02:52.111904 EFI: VBoxDbg> loadimage64 'Tcg2PlatformPei.efi' 0xdf10d000 LB 0x2560
00:02:52.113254 EFI: VBoxDbg> loadimage64 'DxeCore.efi' 0xdf0e7000 LB 0x25ec0
00:02:52.151366 EFI: debug point DXE_CORE
00:02:52.153255 EFI: VBoxDbg> loadimage64 'DxeCore.efi' 0xdf0e7000 LB 0x0
00:02:52.153668 EFI: debug point DXE_CORE_LATE
00:02:52.156808 EFI: VBoxDbg> loadimage64 'DevicePathDxe.efi' 0xde186000 LB 0xa540
00:02:52.157805 EFI: VBoxDbg> loadimage64 'PcdDxe.efi' 0xde197000 LB 0x2f40
00:02:52.159033 EFI: VBoxDbg> loadimage64 'FvbServicesRuntimeDxe.efi' 0xde8ea000 LB 0x2660
00:02:52.162064 EFI: VBoxDbg> loadimage64 'ReportStatusCodeRouterRuntimeDxe.efi' 0xde8e8000 LB 0x14e0
00:02:52.163105 EFI: VBoxDbg> loadimage64 'RuntimeDxe.efi' 0xde8e6000 LB 0x1420
00:02:52.165047 EFI: VBoxDbg> loadimage64 'SecurityStubDxe.efi' 0xddfb6000 LB 0xe7f60
00:02:52.166103 EFI: VBoxDbg> loadimage64 'EbcDxe.efi' 0xde17c000 LB 0x4260
00:02:52.167823 EFI: VBoxDbg> loadimage64 'CpuIo2Dxe.efi' 0xde182000 LB 0x1400
00:02:52.169188 EFI: VBoxDbg> loadimage64 'IncompatiblePciDeviceSupportDxe.efi' 0xde184000 LB 0x820
00:02:52.170248 EFI: VBoxDbg> loadimage64 'PciHotPlugInitDxe.efi' 0xde176000 LB 0x2c20
00:02:52.171495 EFI: VBoxDbg> loadimage64 'ResetSystemRuntimeDxe.efi' 0xde8e4000 LB 0x1720
00:02:52.172573 EFI: VBoxDbg> loadimage64 'Metronome.efi' 0xde17a000 LB 0xce0
00:02:52.173732 EFI: VBoxDbg> loadimage64 'HiiDatabase.efi' 0xde13c000 LB 0x1c160
00:02:52.174883 EFI: VBoxDbg> loadimage64 'AcpiTableDxe.efi' 0xde16a000 LB 0x5100
00:02:52.175768 EFI: VBoxDbg> loadimage64 'TdxDxe.efi' 0xde167000 LB 0x2100
00:02:52.176694 EFI: VBoxDbg> loadimage64 'DpcDxe.efi' 0xde174000 LB 0xb20
00:02:52.177622 EFI: VBoxDbg> loadimage64 'IoMmuDxe.efi' 0xde15f000 LB 0x36c0
00:02:52.178731 EFI: VBoxDbg> loadimage64 'EmuVariableFvbRuntimeDxe.efi' 0xde8e3000 LB 0xf20
00:02:52.179813 EFI: VBoxDbg> unload 'EmuVariableFvbRuntimeDxe.efi' # 0xde8e3000 LB 0xf20
00:02:52.181358 EFI: VBoxDbg> loadimage64 'VariableRuntimeDxe.efi' 0xde7f6000 LB 0xed1a0
00:02:52.197320 EFI: VBoxDbg> loadimage64 'TcgDxe.efi' 0xde137000 LB 0x41e0
00:02:52.198296 EFI: VBoxDbg> unload 'TcgDxe.efi' # 0xde137000 LB 0x41e0
00:02:52.199379 EFI: VBoxDbg> loadimage64 'RngDxe.efi' 0xde165000 LB 0x1ae0
00:02:52.201121 EFI: VBoxDbg> loadimage64 'StatusCodeHandlerRuntimeDxe.efi' 0xde7f5000 LB 0xbc0
00:02:52.202090 EFI: VBoxDbg> loadimage64 'CpuDxe.efi' 0xde109000 LB 0x18fe0
00:02:52.213957 EFI: debug point DXE_AP
00:02:52.214017 EFI: debug point DXE_AP
00:02:52.215603 EFI: VBoxDbg> loadimage64 'SetupBrowser.efi' 0xde0d2000 LB 0x14980
00:02:52.216727 EFI: VBoxDbg> loadimage64 'SmbiosDxe.efi' 0xde139000 LB 0x2f60
00:02:52.217940 EFI: VBoxDbg> loadimage64 'AcpiPlatform.efi' 0xde15a000 LB 0x760
00:02:52.219145 EFI: VBoxDbg> unload 'AcpiPlatform.efi' # 0xde15a000 LB 0x760
00:02:52.220149 EFI: VBoxDbg> loadimage64 'LogoDxe.efi' 0xde0c6000 LB 0xb860
00:02:52.221605 EFI: VBoxDbg> loadimage64 'FaultTolerantWriteDxe.efi' 0xde126000 LB 0x3180
00:02:52.223558 EFI: VBoxDbg> loadimage64 'TdTcg2Dxe.efi' 0xde0ba000 LB 0x5a80
00:02:52.224577 EFI: VBoxDbg> unload 'TdTcg2Dxe.efi' # 0xde0ba000 LB 0x5a80
00:02:52.225613 EFI: VBoxDbg> loadimage64 'Tcg2Dxe.efi' 0xde0a8000 LB 0xede0
00:02:52.238074 EFI: VBoxDbg> loadimage64 'LocalApicTimerDxe.efi' 0xde122000 LB 0x1420
00:02:52.239425 EFI: VBoxDbg> loadimage64 'PciHostBridgeDxe.efi' 0xde0ba000 LB 0x5de0
00:02:52.248398 EFI: VBoxDbg> loadimage64 'PcRtc.efi' 0xde7f2000 LB 0x2a80
00:02:52.250391 EFI: VBoxDbg> loadimage64 'SecureBootConfigDxe.efi' 0xdd66e000 LB 0xc8e00
00:02:52.251810 EFI: VBoxDbg> loadimage64 'MonotonicCounterRuntimeDxe.efi' 0xde7f1000 LB 0x840
00:02:52.253805 EFI: VBoxDbg> loadimage64 'CapsuleRuntimeDxe.efi' 0xde7f0000 LB 0x920
00:02:52.255060 EFI: VBoxDbg> loadimage64 'DriverHealthManagerDxe.efi' 0xde09e000 LB 0x4380
00:02:52.256082 EFI: VBoxDbg> loadimage64 'BdsDxe.efi' 0xdda70000 LB 0x18560
00:02:52.257168 EFI: VBoxDbg> loadimage64 'RamDiskDxe.efi' 0xdda90000 LB 0x8760
00:02:52.258376 EFI: VBoxDbg> loadimage64 'DisplayEngine.efi' 0xdda4e000 LB 0x10ea0
00:02:52.259973 EFI: VBoxDbg> loadimage64 'SmbiosPlatformDxe.efi' 0xdda9a000 LB 0x1700
00:02:52.261152 EFI: VBoxDbg> unload 'SmbiosPlatformDxe.efi' # 0xdda9a000 LB 0x1700
00:02:52.262281 EFI: VBoxDbg> loadimage64 'PlatformDxe.efi' 0xdda8b000 LB 0x4300
00:02:52.263489 EFI: VBoxDbg> loadimage64 'Tcg2PlatformDxe.efi' 0xdda99000 LB 0x1540
00:02:52.264740 EFI: VBoxDbg> loadimage64 'Tcg2ConfigDxe.efi' 0xdda44000 LB 0x9580
00:02:52.266551 EFI: VBoxDbg> loadimage64 'TcgMor.efi' 0xdda89000 LB 0xb00
00:02:52.269074 EFI: VBoxDbg> loadimage64 'WatchdogTimer.efi' 0xdda6d000 LB 0x820
00:02:52.270289 EFI: VBoxDbg> loadimage64 'QemuKernelLoaderFsDxe.efi' 0xdda65000 LB 0x3580
00:02:52.271472 EFI: VBoxDbg> unload 'QemuKernelLoaderFsDxe.efi' # 0xdda65000 LB 0x3580
00:02:52.272641 EFI: VBoxDbg> loadimage64 'PciBusDxe.efi' 0xdda38000 LB 0xb940
00:02:52.273778 EFI: VBoxDbg> loadimage64 'VirtioPciDeviceDxe.efi' 0xdda68000 LB 0x11e0
00:02:52.274724 EFI: VBoxDbg> loadimage64 'Virtio10.efi' 0xdda62000 LB 0x2820
00:02:52.275737 EFI: VBoxDbg> loadimage64 'VirtioScsiDxe.efi' 0xdda5f000 LB 0x2060
00:02:52.276703 EFI: VBoxDbg> loadimage64 'MptScsiDxe.efi' 0xdda36000 LB 0x1900
00:02:52.277880 EFI: VBoxDbg> loadimage64 'ConPlatformDxe.efi' 0xdda34000 LB 0x1d80
00:02:52.279118 EFI: VBoxDbg> loadimage64 'ConSplitterDxe.efi' 0xdda26000 LB 0x60a0
00:02:52.280602 EFI: VBoxDbg> loadimage64 'GraphicsConsoleDxe.efi' 0xdda21000 LB 0x4120
00:02:52.281897 EFI: VBoxDbg> loadimage64 'TerminalDxe.efi' 0xdda13000 LB 0x53a0
00:02:52.283067 EFI: VBoxDbg> loadimage64 'DiskIoDxe.efi' 0xdda1c000 LB 0x21c0
00:02:52.284292 EFI: VBoxDbg> loadimage64 'PartitionDxe.efi' 0xdda07000 LB 0x5480
00:02:52.285537 EFI: VBoxDbg> loadimage64 'EnglishDxe.efi' 0xdda2f000 LB 0xd60
00:02:52.286611 EFI: VBoxDbg> loadimage64 'ScsiBus.efi' 0xdda10000 LB 0x2140
00:02:52.287689 EFI: VBoxDbg> loadimage64 'ScsiDisk.efi' 0xdd7ec000 LB 0x9100
00:02:52.288915 EFI: VBoxDbg> loadimage64 'SataController.efi' 0xdda0e000 LB 0x1660
00:02:52.290268 EFI: VBoxDbg> loadimage64 'AtaAtapiPassThruDxe.efi' 0xdd7e4000 LB 0x7e00
00:02:52.291550 EFI: VBoxDbg> loadimage64 'AtaBusDxe.efi' 0xdd7fc000 LB 0x3d40
00:02:52.292857 EFI: VBoxDbg> loadimage64 'NvmExpressDxe.efi' 0xdd7d4000 LB 0x7aa0
00:02:52.293960 EFI: VBoxDbg> loadimage64 'SioBusDxe.efi' 0xdda05000 LB 0x15c0
00:02:52.295224 EFI: VBoxDbg> loadimage64 'PciSioSerialDxe.efi' 0xdda00000 LB 0x5000
00:02:52.296456 EFI: VBoxDbg> loadimage64 'Ps2KeyboardDxe.efi' 0xdd7e0000 LB 0x3b80
00:02:52.297550 EFI: VBoxDbg> loadimage64 'VBoxVgaDxe.efi' 0xdd7dc000 LB 0x3840
00:02:52.298572 EFI: VBoxDbg> loadimage64 'VBoxHfs.efi' 0xdd7c6000 LB 0x6500
00:02:52.299637 EFI: VBoxDbg> loadimage64 'VBoxSysTables.efi' 0xdd7fa000 LB 0xac0
00:02:52.359177 EFI: VBoxDbg> loadimage64 'VBoxAppleSim.efi' 0xdd7d1000 LB 0x2ae0
00:02:52.360630 EFI: VBoxDbg> loadimage64 'VBoxApfsJmpStartDxe.efi' 0xdd7cf000 LB 0x1180
00:02:52.362069 EFI: VBoxDbg> loadimage64 'BootGraphicsResourceTableDxe.efi' 0xdd7f7000 LB 0xf40
00:02:52.363158 EFI: VBoxDbg> loadimage64 'Fat.efi' 0xdd7b6000 LB 0x7660
00:02:52.364298 EFI: VBoxDbg> loadimage64 'UdfDxe.efi' 0xdd7b1000 LB 0x4200
00:02:52.365332 EFI: VBoxDbg> loadimage64 'VirtioFsDxe.efi' 0xdd7aa000 LB 0x6180
00:02:52.366424 EFI: VBoxDbg> loadimage64 'Hash2DxeCrypto.efi' 0xdd7c0000 LB 0x2ba0
00:02:52.367423 EFI: VBoxDbg> loadimage64 'SnpDxe.efi' 0xdd79e000 LB 0x57a0
00:02:52.368552 EFI: VBoxDbg> loadimage64 'VlanConfigDxe.efi' 0xdd798000 LB 0x55a0
00:02:52.369518 EFI: VBoxDbg> loadimage64 'MnpDxe.efi' 0xdd788000 LB 0x7380
00:02:52.370474 EFI: VBoxDbg> loadimage64 'ArpDxe.efi' 0xdd794000 LB 0x35c0
00:02:52.371460 EFI: VBoxDbg> loadimage64 'Dhcp4Dxe.efi' 0xdd776000 LB 0x87a0
00:02:52.372445 EFI: VBoxDbg> loadimage64 'Ip4Dxe.efi' 0xdd750000 LB 0x12680
00:02:52.373464 EFI: VBoxDbg> loadimage64 'Udp4Dxe.efi' 0xdd76e000 LB 0x7660
00:02:52.375244 EFI: VBoxDbg> loadimage64 'Mtftp4Dxe.efi' 0xdd766000 LB 0x7c20
00:02:52.376240 EFI: VBoxDbg> loadimage64 'Dhcp6Dxe.efi' 0xdd747000 LB 0x8940
00:02:52.377214 EFI: VBoxDbg> loadimage64 'Ip6Dxe.efi' 0xdd63a000 LB 0x194e0
00:02:52.378234 EFI: VBoxDbg> loadimage64 'Udp6Dxe.efi' 0xdd73f000 LB 0x7340
00:02:52.379828 EFI: VBoxDbg> loadimage64 'Mtftp6Dxe.efi' 0xdd737000 LB 0x7ea0
00:02:52.380903 EFI: VBoxDbg> loadimage64 'UefiPxeBcDxe.efi' 0xdd629000 LB 0x109e0
00:02:52.382334 EFI: VBoxDbg> loadimage64 'IScsiDxe.efi' 0xdd5ed000 LB 0x1d100
00:02:52.383416 EFI: VBoxDbg> unload 'IScsiDxe.efi' # 0xdd5ed000 LB 0x1d100
00:02:52.384642 EFI: VBoxDbg> loadimage64 'VirtioNetDxe.efi' 0xdd669000 LB 0x4300
00:02:52.385630 EFI: VBoxDbg> loadimage64 'E1kNetDxe.efi' 0xdd791000 LB 0x2e60
00:02:52.386689 EFI: VBoxDbg> loadimage64 'UhciDxe.efi' 0xdd664000 LB 0x4580
00:02:52.387736 EFI: VBoxDbg> loadimage64 'EhciDxe.efi' 0xdd65f000 LB 0x4f00
00:02:52.388831 EFI: VBoxDbg> loadimage64 'XhciDxe.efi' 0xdd656000 LB 0x8660
00:02:52.389967 EFI: VBoxDbg> loadimage64 'UsbBusDxe.efi' 0xdd623000 LB 0x5260
00:02:52.391034 EFI: VBoxDbg> loadimage64 'UsbKbDxe.efi' 0xdd61e000 LB 0x4020
00:02:52.392386 EFI: VBoxDbg> loadimage64 'UsbMassStorageDxe.efi' 0xdd619000 LB 0x4380
00:02:52.393438 EFI: VBoxDbg> loadimage64 'TcpDxe.efi' 0xdd5ff000 LB 0xce80
00:02:52.528898 Display::i_handleDisplayResize: uScreenId=0 pvVRAM=000002873c150000 w=1024 h=768 bpp=32 cbLine=0x1000 flags=0x0 origin=0,0
00:02:52.628568 PS2K: Selected scan set 2
00:02:52.629466 xHCI: Hardware reset
00:02:52.632105 xHCI: USB Operational
00:02:52.639974 xHCI: Root hub-attached device reset completed with VINF_SUCCESS
00:02:52.846680 AHCI#0: Reset the HBA
00:02:52.846717 VD#0: Cancelling all active requests
00:02:52.868795 GUI: UIMediumEnumerator: Medium-enumeration finished!
00:02:52.969752 EFI: Boot failure
00:02:52.969805 VM: Raising runtime error 'VMBootFail' (fFlags=0x0)
00:02:52.969822 Console: VM runtime error: fatal=false, errorID=VMBootFail message="The VM failed to boot. This is possibly caused by not having an operating system installed or a misconfigured boot order. Maybe picking a guest OS install DVD will resolve the situation"
00:02:57.838948 NAT: Link up
00:03:03.095968 Changing the VM state from 'RUNNING' to 'RESETTING'
00:03:03.096127 GIM: HyperV: Resetting MMIO2 regions and MSRs
00:03:03.096436 PIT: mode=3 count=0x10000 (65536) - 18.20 Hz (ch=0)
00:03:03.103644 AHCI#0: Reset the HBA
00:03:03.103692 VD#0: Cancelling all active requests
00:03:03.103750 HDA: Codec reset
00:03:03.103763 HDA: Reset
00:03:03.121940 Changing the VM state from 'RESETTING' to 'RUNNING'
00:03:03.122023 xHCI: Root hub-attached device reset completed with VINF_SUCCESS
00:03:03.126106 EFI: debug point SEC_PREMEM
00:03:03.286788 EFI: VBoxDbg> loadimage64 'SecMain.efi' 0xfffcc094 LB 0x0
00:03:03.287817 EFI: VBoxDbg> loadimage64 'PeiCore.efi' 0x2020120 LB 0x0
00:03:03.288856 EFI: VBoxDbg> loadimage64 'PcdPeim.efi' 0x2028760 LB 0x27e0
00:03:03.290174 EFI: VBoxDbg> loadimage64 'ReportStatusCodeRouterPei.efi' 0x202afa0 LB 0xa40
00:03:03.291411 EFI: VBoxDbg> loadimage64 'StatusCodeHandlerPei.efi' 0x202baa0 LB 0x800
00:03:03.292351 EFI: VBoxDbg> loadimage64 'TdTcg2Pei.efi' 0x202c3a0 LB 0x2060
00:03:03.293333 EFI: VBoxDbg> loadimage64 'PlatformPei.efi' 0x202e4a0 LB 0x10160
00:03:03.299953 EFI: debug point SEC_POSTMEM
00:03:03.301823 EFI: VBoxDbg> loadimage64 'PeiCore.efi' 0xdf165000 LB 0x8460
00:03:03.302855 EFI: VBoxDbg> loadimage64 'PcdPeim.efi' 0xdf162000 LB 0x27e0
00:03:03.303871 EFI: VBoxDbg> loadimage64 'DxeIpl.efi' 0xdf15f000 LB 0x2460
00:03:03.304997 EFI: VBoxDbg> loadimage64 'S3Resume2Pei.efi' 0xdf15c000 LB 0x2420
00:03:03.305978 EFI: VBoxDbg> loadimage64 'CpuMpPei.efi' 0xdf14d000 LB 0xe940
00:03:03.341722 EFI: VBoxDbg> loadimage64 'TpmMmioSevDecryptPei.efi' 0xdf123000 LB 0x17e0
00:03:03.342804 EFI: VBoxDbg> loadimage64 'Tcg2ConfigPei.efi' 0xdf121000 LB 0x1b20
00:03:03.344030 EFI: VBoxDbg> loadimage64 'TcgPei.efi' 0xdf11d000 LB 0x3120
00:03:03.345054 EFI: VBoxDbg> loadimage64 'Tcg2Pei.efi' 0xdf111000 LB 0xb2e0
00:03:03.732167 EFI: VBoxDbg> loadimage64 'Tcg2PlatformPei.efi' 0xdf10d000 LB 0x2560
00:03:03.733225 EFI: VBoxDbg> loadimage64 'DxeCore.efi' 0xdf0e7000 LB 0x25ec0
00:03:03.766419 EFI: debug point DXE_CORE
00:03:03.768317 EFI: VBoxDbg> loadimage64 'DxeCore.efi' 0xdf0e7000 LB 0x0
00:03:03.768815 EFI: debug point DXE_CORE_LATE
00:03:03.772065 EFI: VBoxDbg> loadimage64 'DevicePathDxe.efi' 0xde186000 LB 0xa540
00:03:03.773120 EFI: VBoxDbg> loadimage64 'PcdDxe.efi' 0xde197000 LB 0x2f40
00:03:03.774440 EFI: VBoxDbg> loadimage64 'FvbServicesRuntimeDxe.efi' 0xde8ea000 LB 0x2660
00:03:03.777619 EFI: VBoxDbg> loadimage64 'ReportStatusCodeRouterRuntimeDxe.efi' 0xde8e8000 LB 0x14e0
00:03:03.778739 EFI: VBoxDbg> loadimage64 'RuntimeDxe.efi' 0xde8e6000 LB 0x1420
00:03:03.780842 EFI: VBoxDbg> loadimage64 'SecurityStubDxe.efi' 0xddfb6000 LB 0xe7f60
00:03:03.781947 EFI: VBoxDbg> loadimage64 'EbcDxe.efi' 0xde17c000 LB 0x4260
00:03:03.783701 EFI: VBoxDbg> loadimage64 'CpuIo2Dxe.efi' 0xde182000 LB 0x1400
00:03:03.785066 EFI: VBoxDbg> loadimage64 'IncompatiblePciDeviceSupportDxe.efi' 0xde184000 LB 0x820
00:03:03.786156 EFI: VBoxDbg> loadimage64 'PciHotPlugInitDxe.efi' 0xde176000 LB 0x2c20
00:03:03.787397 EFI: VBoxDbg> loadimage64 'ResetSystemRuntimeDxe.efi' 0xde8e4000 LB 0x1720
00:03:03.788456 EFI: VBoxDbg> loadimage64 'Metronome.efi' 0xde17a000 LB 0xce0
00:03:03.789609 EFI: VBoxDbg> loadimage64 'HiiDatabase.efi' 0xde13c000 LB 0x1c160
00:03:03.790743 EFI: VBoxDbg> loadimage64 'AcpiTableDxe.efi' 0xde16a000 LB 0x5100
00:03:03.791636 EFI: VBoxDbg> loadimage64 'TdxDxe.efi' 0xde167000 LB 0x2100
00:03:03.792558 EFI: VBoxDbg> loadimage64 'DpcDxe.efi' 0xde174000 LB 0xb20
00:03:03.793483 EFI: VBoxDbg> loadimage64 'IoMmuDxe.efi' 0xde15f000 LB 0x36c0
00:03:03.794584 EFI: VBoxDbg> loadimage64 'EmuVariableFvbRuntimeDxe.efi' 0xde8e3000 LB 0xf20
00:03:03.795653 EFI: VBoxDbg> unload 'EmuVariableFvbRuntimeDxe.efi' # 0xde8e3000 LB 0xf20
00:03:03.797223 EFI: VBoxDbg> loadimage64 'VariableRuntimeDxe.efi' 0xde7f6000 LB 0xed1a0
00:03:03.813569 EFI: VBoxDbg> loadimage64 'TcgDxe.efi' 0xde137000 LB 0x41e0
00:03:03.814548 EFI: VBoxDbg> unload 'TcgDxe.efi' # 0xde137000 LB 0x41e0
00:03:03.815637 EFI: VBoxDbg> loadimage64 'RngDxe.efi' 0xde165000 LB 0x1ae0
00:03:03.817279 EFI: VBoxDbg> loadimage64 'StatusCodeHandlerRuntimeDxe.efi' 0xde7f5000 LB 0xbc0
00:03:03.818235 EFI: VBoxDbg> loadimage64 'CpuDxe.efi' 0xde109000 LB 0x18fe0
00:03:03.829802 EFI: debug point DXE_AP
00:03:03.829912 EFI: debug point DXE_AP
00:03:03.831479 EFI: VBoxDbg> loadimage64 'SetupBrowser.efi' 0xde0d2000 LB 0x14980
00:03:03.832543 EFI: VBoxDbg> loadimage64 'SmbiosDxe.efi' 0xde139000 LB 0x2f60
00:03:03.833735 EFI: VBoxDbg> loadimage64 'AcpiPlatform.efi' 0xde15a000 LB 0x760
00:03:03.834919 EFI: VBoxDbg> unload 'AcpiPlatform.efi' # 0xde15a000 LB 0x760
00:03:03.835857 EFI: VBoxDbg> loadimage64 'LogoDxe.efi' 0xde0c6000 LB 0xb860
00:03:03.837150 EFI: VBoxDbg> loadimage64 'FaultTolerantWriteDxe.efi' 0xde126000 LB 0x3180
00:03:03.838878 EFI: VBoxDbg> loadimage64 'TdTcg2Dxe.efi' 0xde0ba000 LB 0x5a80
00:03:03.839940 EFI: VBoxDbg> unload 'TdTcg2Dxe.efi' # 0xde0ba000 LB 0x5a80
00:03:03.841019 EFI: VBoxDbg> loadimage64 'Tcg2Dxe.efi' 0xde0a8000 LB 0xede0
00:03:03.853291 EFI: VBoxDbg> loadimage64 'LocalApicTimerDxe.efi' 0xde122000 LB 0x1420
00:03:03.854583 EFI: VBoxDbg> loadimage64 'PciHostBridgeDxe.efi' 0xde0ba000 LB 0x5de0
00:03:03.863468 EFI: VBoxDbg> loadimage64 'PcRtc.efi' 0xde7f2000 LB 0x2a80
00:03:03.865616 EFI: VBoxDbg> loadimage64 'SecureBootConfigDxe.efi' 0xdd66e000 LB 0xc8e00
00:03:03.867071 EFI: VBoxDbg> loadimage64 'MonotonicCounterRuntimeDxe.efi' 0xde7f1000 LB 0x840
00:03:03.869119 EFI: VBoxDbg> loadimage64 'CapsuleRuntimeDxe.efi' 0xde7f0000 LB 0x920
00:03:03.870414 EFI: VBoxDbg> loadimage64 'DriverHealthManagerDxe.efi' 0xde09e000 LB 0x4380
00:03:03.871279 EFI: VBoxDbg> loadimage64 'BdsDxe.efi' 0xdda70000 LB 0x18560
00:03:03.872611 EFI: VBoxDbg> loadimage64 'RamDiskDxe.efi' 0xdda90000 LB 0x8760
00:03:03.873881 EFI: VBoxDbg> loadimage64 'DisplayEngine.efi' 0xdda4e000 LB 0x10ea0
00:03:03.875431 EFI: VBoxDbg> loadimage64 'SmbiosPlatformDxe.efi' 0xdda9a000 LB 0x1700
00:03:03.876533 EFI: VBoxDbg> unload 'SmbiosPlatformDxe.efi' # 0xdda9a000 LB 0x1700
00:03:03.877607 EFI: VBoxDbg> loadimage64 'PlatformDxe.efi' 0xdda8b000 LB 0x4300
00:03:03.878795 EFI: VBoxDbg> loadimage64 'Tcg2PlatformDxe.efi' 0xdda99000 LB 0x1540
00:03:03.879902 EFI: VBoxDbg> loadimage64 'Tcg2ConfigDxe.efi' 0xdda44000 LB 0x9580
00:03:03.881696 EFI: VBoxDbg> loadimage64 'TcgMor.efi' 0xdda89000 LB 0xb00
00:03:03.884432 EFI: VBoxDbg> loadimage64 'WatchdogTimer.efi' 0xdda6d000 LB 0x820
00:03:03.885748 EFI: VBoxDbg> loadimage64 'QemuKernelLoaderFsDxe.efi' 0xdda65000 LB 0x3580
00:03:03.886938 EFI: VBoxDbg> unload 'QemuKernelLoaderFsDxe.efi' # 0xdda65000 LB 0x3580
00:03:03.888130 EFI: VBoxDbg> loadimage64 'PciBusDxe.efi' 0xdda38000 LB 0xb940
00:03:03.889316 EFI: VBoxDbg> loadimage64 'VirtioPciDeviceDxe.efi' 0xdda68000 LB 0x11e0
00:03:03.890332 EFI: VBoxDbg> loadimage64 'Virtio10.efi' 0xdda62000 LB 0x2820
00:03:03.891354 EFI: VBoxDbg> loadimage64 'VirtioScsiDxe.efi' 0xdda5f000 LB 0x2060
00:03:03.892324 EFI: VBoxDbg> loadimage64 'MptScsiDxe.efi' 0xdda36000 LB 0x1900
00:03:03.893517 EFI: VBoxDbg> loadimage64 'ConPlatformDxe.efi' 0xdda34000 LB 0x1d80
00:03:03.894774 EFI: VBoxDbg> loadimage64 'ConSplitterDxe.efi' 0xdda26000 LB 0x60a0
00:03:03.896219 EFI: VBoxDbg> loadimage64 'GraphicsConsoleDxe.efi' 0xdda21000 LB 0x4120
00:03:03.897467 EFI: VBoxDbg> loadimage64 'TerminalDxe.efi' 0xdda13000 LB 0x53a0
00:03:03.898798 EFI: VBoxDbg> loadimage64 'DiskIoDxe.efi' 0xdda1c000 LB 0x21c0
00:03:03.900187 EFI: VBoxDbg> loadimage64 'PartitionDxe.efi' 0xdda07000 LB 0x5480
00:03:03.901482 EFI: VBoxDbg> loadimage64 'EnglishDxe.efi' 0xdda2f000 LB 0xd60
00:03:03.902596 EFI: VBoxDbg> loadimage64 'ScsiBus.efi' 0xdda10000 LB 0x2140
00:03:03.903416 EFI: VBoxDbg> loadimage64 'ScsiDisk.efi' 0xdd7ec000 LB 0x9100
00:03:03.904980 EFI: VBoxDbg> loadimage64 'SataController.efi' 0xdda0e000 LB 0x1660
00:03:03.906193 EFI: VBoxDbg> loadimage64 'AtaAtapiPassThruDxe.efi' 0xdd7e4000 LB 0x7e00
00:03:03.907277 EFI: VBoxDbg> loadimage64 'AtaBusDxe.efi' 0xdd7fc000 LB 0x3d40
00:03:03.908443 EFI: VBoxDbg> loadimage64 'NvmExpressDxe.efi' 0xdd7d4000 LB 0x7aa0
00:03:03.909421 EFI: VBoxDbg> loadimage64 'SioBusDxe.efi' 0xdda05000 LB 0x15c0
00:03:03.910585 EFI: VBoxDbg> loadimage64 'PciSioSerialDxe.efi' 0xdda00000 LB 0x5000
00:03:03.911758 EFI: VBoxDbg> loadimage64 'Ps2KeyboardDxe.efi' 0xdd7e0000 LB 0x3b80
00:03:03.912758 EFI: VBoxDbg> loadimage64 'VBoxVgaDxe.efi' 0xdd7dc000 LB 0x3840
00:03:03.913715 EFI: VBoxDbg> loadimage64 'VBoxHfs.efi' 0xdd7c6000 LB 0x6500
00:03:03.914796 EFI: VBoxDbg> loadimage64 'VBoxSysTables.efi' 0xdd7fa000 LB 0xac0
00:03:03.975593 EFI: VBoxDbg> loadimage64 'VBoxAppleSim.efi' 0xdd7d1000 LB 0x2ae0
00:03:03.977098 EFI: VBoxDbg> loadimage64 'VBoxApfsJmpStartDxe.efi' 0xdd7cf000 LB 0x1180
00:03:03.978690 EFI: VBoxDbg> loadimage64 'BootGraphicsResourceTableDxe.efi' 0xdd7f7000 LB 0xf40
00:03:03.979698 EFI: VBoxDbg> loadimage64 'Fat.efi' 0xdd7b6000 LB 0x7660
00:03:03.980768 EFI: VBoxDbg> loadimage64 'UdfDxe.efi' 0xdd7b1000 LB 0x4200
00:03:03.981792 EFI: VBoxDbg> loadimage64 'VirtioFsDxe.efi' 0xdd7aa000 LB 0x6180
00:03:03.982894 EFI: VBoxDbg> loadimage64 'Hash2DxeCrypto.efi' 0xdd7c0000 LB 0x2ba0
00:03:03.984120 EFI: VBoxDbg> loadimage64 'SnpDxe.efi' 0xdd79e000 LB 0x57a0
00:03:03.985386 EFI: VBoxDbg> loadimage64 'VlanConfigDxe.efi' 0xdd798000 LB 0x55a0
00:03:03.986376 EFI: VBoxDbg> loadimage64 'MnpDxe.efi' 0xdd788000 LB 0x7380
00:03:03.987329 EFI: VBoxDbg> loadimage64 'ArpDxe.efi' 0xdd794000 LB 0x35c0
00:03:03.988320 EFI: VBoxDbg> loadimage64 'Dhcp4Dxe.efi' 0xdd776000 LB 0x87a0
00:03:03.989297 EFI: VBoxDbg> loadimage64 'Ip4Dxe.efi' 0xdd750000 LB 0x12680
00:03:03.990635 EFI: VBoxDbg> loadimage64 'Udp4Dxe.efi' 0xdd76e000 LB 0x7660
00:03:03.992349 EFI: VBoxDbg> loadimage64 'Mtftp4Dxe.efi' 0xdd766000 LB 0x7c20
00:03:03.993514 EFI: VBoxDbg> loadimage64 'Dhcp6Dxe.efi' 0xdd747000 LB 0x8940
00:03:03.994549 EFI: VBoxDbg> loadimage64 'Ip6Dxe.efi' 0xdd63a000 LB 0x194e0
00:03:03.995629 EFI: VBoxDbg> loadimage64 'Udp6Dxe.efi' 0xdd73f000 LB 0x7340
00:03:03.997239 EFI: VBoxDbg> loadimage64 'Mtftp6Dxe.efi' 0xdd737000 LB 0x7ea0
00:03:03.998387 EFI: VBoxDbg> loadimage64 'UefiPxeBcDxe.efi' 0xdd629000 LB 0x109e0
00:03:03.999944 EFI: VBoxDbg> loadimage64 'IScsiDxe.efi' 0xdd5ed000 LB 0x1d100
00:03:04.001158 EFI: VBoxDbg> unload 'IScsiDxe.efi' # 0xdd5ed000 LB 0x1d100
00:03:04.002410 EFI: VBoxDbg> loadimage64 'VirtioNetDxe.efi' 0xdd669000 LB 0x4300
00:03:04.003439 EFI: VBoxDbg> loadimage64 'E1kNetDxe.efi' 0xdd791000 LB 0x2e60
00:03:04.004526 EFI: VBoxDbg> loadimage64 'UhciDxe.efi' 0xdd664000 LB 0x4580
00:03:04.005633 EFI: VBoxDbg> loadimage64 'EhciDxe.efi' 0xdd65f000 LB 0x4f00
00:03:04.006697 EFI: VBoxDbg> loadimage64 'XhciDxe.efi' 0xdd656000 LB 0x8660
00:03:04.007822 EFI: VBoxDbg> loadimage64 'UsbBusDxe.efi' 0xdd623000 LB 0x5260
00:03:04.008891 EFI: VBoxDbg> loadimage64 'UsbKbDxe.efi' 0xdd61e000 LB 0x4020
00:03:04.010162 EFI: VBoxDbg> loadimage64 'UsbMassStorageDxe.efi' 0xdd619000 LB 0x4380
00:03:04.011205 EFI: VBoxDbg> loadimage64 'TcpDxe.efi' 0xdd5ff000 LB 0xce80
00:03:04.235021 PS2K: Selected scan set 2
00:03:04.235908 xHCI: Hardware reset
00:03:04.238271 xHCI: USB Operational
00:03:04.246045 xHCI: Root hub-attached device reset completed with VINF_SUCCESS
00:03:04.449190 AHCI#0: Reset the HBA
00:03:04.449230 VD#0: Cancelling all active requests
00:03:04.561252 EFI: Boot failure
00:03:04.561290 VM: Raising runtime error 'VMBootFail' (fFlags=0x0)
00:03:04.561302 Console: VM runtime error: fatal=false, errorID=VMBootFail message="The VM failed to boot. This is possibly caused by not having an operating system installed or a misconfigured boot order. Maybe picking a guest OS install DVD will resolve the situation"
00:03:09.441238 NAT: Link up
00:06:57.296262 Changing the VM state from 'RUNNING' to 'SUSPENDING'
00:06:57.309631 AIOMgr: Async flushes not supported
00:06:57.332618 AIOMgr: Endpoint for file 'C:\Users\WINDOWS 11\face-recognition-project\FaceRecognition\FaceRecognition.vdi' (flags 000c0781) created successfully
00:06:57.335286 PDMR3Suspend: 38 963 136 ns run time
00:06:57.335329 Changing the VM state from 'SUSPENDING' to 'SUSPENDED'
00:06:57.335348 Console: Machine state changed to 'Paused'
00:07:02.904514 GUI: Request for close-action to power VM off.
00:07:02.904802 GUI: Powering VM off..
00:07:02.909664 Console: Machine state changed to 'Stopping'
00:07:02.911050 Console::powerDown(): A request to power off the VM has been issued (mMachineState=Stopping, InUninit=0)
00:07:02.915721 Changing the VM state from 'SUSPENDED' to 'POWERING_OFF'
00:07:02.915781 ****************** Guest state at power off for VCpu 2 ******************
00:07:02.915789 Guest CPUM (VCPU 2) state: 
00:07:02.915804 rax=0000000000000000 rbx=00000000de1010f0 rcx=00000000de1010f0 rdx=00000000178bfbff
00:07:02.915808 rsi=00000000de100008 rdi=0000000000000000 r8 =0000000000000000 r9 =0000000000000000
00:07:02.915810 r10=0000000000000000 r11=0000000000000000 r12=0000000000000000 r13=0000000000000002
00:07:02.915811 r14=00000000de1010f0 r15=0000000000000002
00:07:02.915812 rip=00000000de1092e1 rsp=00000000de0fff38 rbp=0000000000000001 iopl=0  iopl=0 nv up di pl zr na po nc
00:07:02.915814 cs={0038 base=0000000000000000 limit=ffffffff flags=0000a09b}
00:07:02.915816 ds={0030 base=0000000000000000 limit=ffffffff flags=0000c093}
00:07:02.915818 es={0030 base=0000000000000000 limit=ffffffff flags=0000c093}
00:07:02.915819 fs={0030 base=0000000000000000 limit=ffffffff flags=0000c093}
00:07:02.915820 gs={0030 base=0000000000000000 limit=ffffffff flags=0000c093}
00:07:02.915821 ss={0030 base=0000000000000000 limit=ffffffff flags=0000c093}
00:07:02.915822 cr0=0000000080010033 cr2=0000000000000000 cr3=00000000dea01000 cr4=0000000000000660
00:07:02.915824 dr0=0000000000000000 dr1=0000000000000000 dr2=0000000000000000 dr3=0000000000000000
00:07:02.915825 dr4=0000000000000000 dr5=0000000000000000 dr6=00000000ffff0ff0 dr7=0000000000000400
00:07:02.915826 gdtr=00000000de96c018:0047  idtr=00000000de1000f0:0fff  eflags=00000046
00:07:02.915834 ldtr={0000 base=00000000 limit=0000ffff flags=00000082}
00:07:02.915836 tr  ={0000 base=00000000 limit=0000ffff flags=0000008b}
00:07:02.915837 SysEnter={cs=0000 eip=0000000000000000 esp=0000000000000000}
00:07:02.915838 xcr=0000000000000001 xcr1=0000000000000000 xss=0000000000000000 (fXStateMask=0000000000000000)
00:07:02.915840 FCW=037f FSW=0000 FTW=0000 FOP=0000 MXCSR=00001f80 MXCSR_MASK=0002ffff
00:07:02.915842 FPUIP=00000000 CS=0000 Rsrvd1=0000  FPUDP=00000000 DS=0000 Rsvrd2=0000
00:07:02.915844 ST(0)=FPR0={0000'00000000'00000000} t0 +0.0000000000000000000000 * 2 ^ -16383 (*)
00:07:02.915847 ST(1)=FPR1={0000'00000000'00000000} t0 +0.0000000000000000000000 * 2 ^ -16383 (*)
00:07:02.915850 ST(2)=FPR2={0000'00000000'00000000} t0 +0.0000000000000000000000 * 2 ^ -16383 (*)
00:07:02.915852 ST(3)=FPR3={0000'00000000'00000000} t0 +0.0000000000000000000000 * 2 ^ -16383 (*)
00:07:02.915854 ST(4)=FPR4={0000'00000000'00000000} t0 +0.0000000000000000000000 * 2 ^ -16383 (*)
00:07:02.915855 ST(5)=FPR5={0000'00000000'00000000} t0 +0.0000000000000000000000 * 2 ^ -16383 (*)
00:07:02.915858 ST(6)=FPR6={0000'00000000'00000000} t0 +0.0000000000000000000000 * 2 ^ -16383 (*)
00:07:02.915859 ST(7)=FPR7={0000'00000000'00000000} t0 +0.0000000000000000000000 * 2 ^ -16383 (*)
00:07:02.915861 XMM0 =00000000'00000000'00000000'00000000  XMM1 =00000000'00000000'00000000'00000000
00:07:02.915864 XMM2 =00000000'00000000'00000000'00000000  XMM3 =00000000'00000000'00000000'00000000
00:07:02.915867 XMM4 =00000000'00000000'00000000'00000000  XMM5 =00000000'00000000'00000000'00000000
00:07:02.915869 XMM6 =00000000'00000000'00000000'00000000  XMM7 =00000000'00000000'00000000'00000000
00:07:02.915872 XMM8 =00000000'00000000'00000000'00000000  XMM9 =00000000'00000000'00000000'00000000
00:07:02.915874 XMM10=00000000'00000000'00000000'00000000  XMM11=00000000'00000000'00000000'00000000
00:07:02.915877 XMM12=00000000'00000000'00000000'00000000  XMM13=00000000'00000000'00000000'00000000
00:07:02.915879 XMM14=00000000'00000000'00000000'00000000  XMM15=00000000'00000000'00000000'00000000
00:07:02.915882 EFER         =0000000000000d00
00:07:02.915883 PAT          =0007040600070406
00:07:02.915884 STAR         =0000000000000000
00:07:02.915884 CSTAR        =0000000000000000
00:07:02.915885 LSTAR        =0000000000000000
00:07:02.915886 SFMASK       =0000000000000000
00:07:02.915886 KERNELGSBASE =0000000000000000
00:07:02.915887 MTRR_CAP          =0000000000000510
00:07:02.915888 MTRR_DEF_TYPE     =0000000000000c06
00:07:02.915889 MTRR_FIX64K_00000 =0606060606060606
00:07:02.915890 MTRR_FIX16K_80000 =0606060606060606
00:07:02.915891 MTRR_FIX16K_A0000 =0000000000000000
00:07:02.915891 MTRR_FIX4K_C0000  =0505050505050505
00:07:02.915892 MTRR_FIX4K_C8000  =0505050505050505
00:07:02.915893 MTRR_FIX4K_D0000  =0505050505050505
00:07:02.915894 MTRR_FIX4K_D8000  =0505050505050505
00:07:02.915895 MTRR_FIX4K_E0000  =0505050505050505
00:07:02.915896 MTRR_FIX4K_E8000  =0505050505050505
00:07:02.915897 MTRR_FIX4K_F0000  =0505050505050505
00:07:02.915898 MTRR_FIX4K_F8000  =0505050505050505
00:07:02.915899 MTRR_PHYSBASE[ 0] =000000e000000000 First=000000e000000000 917504 MB [UC]
00:07:02.915901 MTRR_PHYSMASK[ 0] =0000ffe000000800 Last =000000ffffffffff 1048575 MB [131072 MB]
00:07:02.915904 MTRR_PHYSBASE[ 1] =00000000e0000000 First=00000000e0000000   3584 MB [UC]
00:07:02.915906 MTRR_PHYSMASK[ 1] =0000ffffe0000800 Last =00000000ffffffff   4095 MB [512 MB]
00:07:02.915908 MTRR_PHYSBASE[ 2] =0000000000000000
00:07:02.915909 MTRR_PHYSMASK[ 2] =0000000000000000
00:07:02.915909 MTRR_PHYSBASE[ 3] =0000000000000000
00:07:02.915910 MTRR_PHYSMASK[ 3] =0000000000000000
00:07:02.915911 MTRR_PHYSBASE[ 4] =0000000000000000
00:07:02.915912 MTRR_PHYSMASK[ 4] =0000000000000000
00:07:02.915912 MTRR_PHYSBASE[ 5] =0000000000000000
00:07:02.915913 MTRR_PHYSMASK[ 5] =0000000000000000
00:07:02.915914 MTRR_PHYSBASE[ 6] =0000000000000000
00:07:02.915914 MTRR_PHYSMASK[ 6] =0000000000000000
00:07:02.915915 MTRR_PHYSBASE[ 7] =0000000000000000
00:07:02.915916 MTRR_PHYSMASK[ 7] =0000000000000000
00:07:02.915917 MTRR_PHYSBASE[ 8] =0000000000000000
00:07:02.915917 MTRR_PHYSMASK[ 8] =0000000000000000
00:07:02.915918 MTRR_PHYSBASE[ 9] =0000000000000000
00:07:02.915919 MTRR_PHYSMASK[ 9] =0000000000000000
00:07:02.915920 MTRR_PHYSBASE[10] =0000000000000000
00:07:02.915920 MTRR_PHYSMASK[10] =0000000000000000
00:07:02.915921 MTRR_PHYSBASE[11] =0000000000000000
00:07:02.915922 MTRR_PHYSMASK[11] =0000000000000000
00:07:02.915922 MTRR_PHYSBASE[12] =0000000000000000
00:07:02.915923 MTRR_PHYSMASK[12] =0000000000000000
00:07:02.915924 MTRR_PHYSBASE[13] =0000000000000000
00:07:02.915924 MTRR_PHYSMASK[13] =0000000000000000
00:07:02.915925 MTRR_PHYSBASE[14] =0000000000000000
00:07:02.915926 MTRR_PHYSMASK[14] =0000000000000000
00:07:02.915927 MTRR_PHYSBASE[15] =0000000000000000
00:07:02.915927 MTRR_PHYSMASK[15] =0000000000000000
00:07:02.915930 ***
00:07:02.915944 VCPU[2] hardware virtualization state:
00:07:02.915945 fSavedInhibit                = 0x0
00:07:02.915946 In nested-guest hwvirt mode  = false
00:07:02.915947 Hwvirt state disabled.
00:07:02.915949 ***
00:07:02.915955 Guest paging mode (VCPU #2):  AMD64+NX (changed 3 times), A20 enabled (changed 0 times)
00:07:02.915957 Guest SLAT mode (VCPU #2): Direct
00:07:02.915958 Shadow paging mode (VCPU #2): Nested-AMD64
00:07:02.915960 Host paging mode:             AMD64+G+NX
00:07:02.915961 ***
00:07:02.915961 ************** End of Guest state at power off for VCpu 2 ***************
00:07:02.915993 ****************** Guest state at power off for VCpu 1 ******************
00:07:02.915996 Guest CPUM (VCPU 1) state: 
00:07:02.915998 rax=0000000000000000 rbx=00000000de1010f0 rcx=00000000de1010f0 rdx=00000000178bfbff
00:07:02.916000 rsi=00000000de100004 rdi=0000000000000000 r8 =0000000000000000 r9 =0000000000000000
00:07:02.916001 r10=0000000000000000 r11=0000000000000000 r12=0000000000000000 r13=0000000000000001
00:07:02.916003 r14=00000000de1010f0 r15=0000000000000001
00:07:02.916003 rip=00000000de1092e1 rsp=00000000de0f7f38 rbp=0000000000000001 iopl=0  iopl=0 nv up di pl zr na po nc
00:07:02.916005 cs={0038 base=0000000000000000 limit=ffffffff flags=0000a09b}
00:07:02.916007 ds={0030 base=0000000000000000 limit=ffffffff flags=0000c093}
00:07:02.916008 es={0030 base=0000000000000000 limit=ffffffff flags=0000c093}
00:07:02.916009 fs={0030 base=0000000000000000 limit=ffffffff flags=0000c093}
00:07:02.916010 gs={0030 base=0000000000000000 limit=ffffffff flags=0000c093}
00:07:02.916011 ss={0030 base=0000000000000000 limit=ffffffff flags=0000c093}
00:07:02.916012 cr0=0000000080010033 cr2=0000000000000000 cr3=00000000dea01000 cr4=0000000000000660
00:07:02.916014 dr0=0000000000000000 dr1=0000000000000000 dr2=0000000000000000 dr3=0000000000000000
00:07:02.916015 dr4=0000000000000000 dr5=0000000000000000 dr6=00000000ffff0ff0 dr7=0000000000000400
00:07:02.916016 gdtr=00000000de96c018:0047  idtr=00000000de1000f0:0fff  eflags=00000046
00:07:02.916018 ldtr={0000 base=00000000 limit=0000ffff flags=00000082}
00:07:02.916019 tr  ={0000 base=00000000 limit=0000ffff flags=0000008b}
00:07:02.916020 SysEnter={cs=0000 eip=0000000000000000 esp=0000000000000000}
00:07:02.916021 xcr=0000000000000001 xcr1=0000000000000000 xss=0000000000000000 (fXStateMask=0000000000000000)
00:07:02.916023 FCW=037f FSW=0000 FTW=0000 FOP=0000 MXCSR=00001f80 MXCSR_MASK=0002ffff
00:07:02.916024 FPUIP=00000000 CS=0000 Rsrvd1=0000  FPUDP=00000000 DS=0000 Rsvrd2=0000
00:07:02.916026 ST(0)=FPR0={0000'00000000'00000000} t0 +0.0000000000000000000000 * 2 ^ -16383 (*)
00:07:02.916028 ST(1)=FPR1={0000'00000000'00000000} t0 +0.0000000000000000000000 * 2 ^ -16383 (*)
00:07:02.916030 ST(2)=FPR2={0000'00000000'00000000} t0 +0.0000000000000000000000 * 2 ^ -16383 (*)
00:07:02.916031 ST(3)=FPR3={0000'00000000'00000000} t0 +0.0000000000000000000000 * 2 ^ -16383 (*)
00:07:02.916034 ST(4)=FPR4={0000'00000000'00000000} t0 +0.0000000000000000000000 * 2 ^ -16383 (*)
00:07:02.916035 ST(5)=FPR5={0000'00000000'00000000} t0 +0.0000000000000000000000 * 2 ^ -16383 (*)
00:07:02.916037 ST(6)=FPR6={0000'00000000'00000000} t0 +0.0000000000000000000000 * 2 ^ -16383 (*)
00:07:02.916039 ST(7)=FPR7={0000'00000000'00000000} t0 +0.0000000000000000000000 * 2 ^ -16383 (*)
00:07:02.916041 XMM0 =00000000'00000000'00000000'00000000  XMM1 =00000000'00000000'00000000'00000000
00:07:02.916044 XMM2 =00000000'00000000'00000000'00000000  XMM3 =00000000'00000000'00000000'00000000
00:07:02.916046 XMM4 =00000000'00000000'00000000'00000000  XMM5 =00000000'00000000'00000000'00000000
00:07:02.916048 XMM6 =00000000'00000000'00000000'00000000  XMM7 =00000000'00000000'00000000'00000000
00:07:02.916051 XMM8 =00000000'00000000'00000000'00000000  XMM9 =00000000'00000000'00000000'00000000
00:07:02.916053 XMM10=00000000'00000000'00000000'00000000  XMM11=00000000'00000000'00000000'00000000
00:07:02.916055 XMM12=00000000'00000000'00000000'00000000  XMM13=00000000'00000000'00000000'00000000
00:07:02.916058 XMM14=00000000'00000000'00000000'00000000  XMM15=00000000'00000000'00000000'00000000
00:07:02.916060 EFER         =0000000000000d00
00:07:02.916061 PAT          =0007040600070406
00:07:02.916061 STAR         =0000000000000000
00:07:02.916062 CSTAR        =0000000000000000
00:07:02.916063 LSTAR        =0000000000000000
00:07:02.916063 SFMASK       =0000000000000000
00:07:02.916064 KERNELGSBASE =0000000000000000
00:07:02.916065 MTRR_CAP          =0000000000000510
00:07:02.916066 MTRR_DEF_TYPE     =0000000000000c06
00:07:02.916066 MTRR_FIX64K_00000 =0606060606060606
00:07:02.916067 MTRR_FIX16K_80000 =0606060606060606
00:07:02.916068 MTRR_FIX16K_A0000 =0000000000000000
00:07:02.916069 MTRR_FIX4K_C0000  =0505050505050505
00:07:02.916070 MTRR_FIX4K_C8000  =0505050505050505
00:07:02.916070 MTRR_FIX4K_D0000  =0505050505050505
00:07:02.916071 MTRR_FIX4K_D8000  =0505050505050505
00:07:02.916072 MTRR_FIX4K_E0000  =0505050505050505
00:07:02.916073 MTRR_FIX4K_E8000  =0505050505050505
00:07:02.916074 MTRR_FIX4K_F0000  =0505050505050505
00:07:02.916075 MTRR_FIX4K_F8000  =0505050505050505
00:07:02.916076 MTRR_PHYSBASE[ 0] =000000e000000000 First=000000e000000000 917504 MB [UC]
00:07:02.916077 MTRR_PHYSMASK[ 0] =0000ffe000000800 Last =000000ffffffffff 1048575 MB [131072 MB]
00:07:02.916080 MTRR_PHYSBASE[ 1] =00000000e0000000 First=00000000e0000000   3584 MB [UC]
00:07:02.916081 MTRR_PHYSMASK[ 1] =0000ffffe0000800 Last =00000000ffffffff   4095 MB [512 MB]
00:07:02.916083 MTRR_PHYSBASE[ 2] =0000000000000000
00:07:02.916084 MTRR_PHYSMASK[ 2] =0000000000000000
00:07:02.916085 MTRR_PHYSBASE[ 3] =0000000000000000
00:07:02.916086 MTRR_PHYSMASK[ 3] =0000000000000000
00:07:02.916086 MTRR_PHYSBASE[ 4] =0000000000000000
00:07:02.916087 MTRR_PHYSMASK[ 4] =0000000000000000
00:07:02.916088 MTRR_PHYSBASE[ 5] =0000000000000000
00:07:02.916088 MTRR_PHYSMASK[ 5] =0000000000000000
00:07:02.916089 MTRR_PHYSBASE[ 6] =0000000000000000
00:07:02.916090 MTRR_PHYSMASK[ 6] =0000000000000000
00:07:02.916091 MTRR_PHYSBASE[ 7] =0000000000000000
00:07:02.916091 MTRR_PHYSMASK[ 7] =0000000000000000
00:07:02.916092 MTRR_PHYSBASE[ 8] =0000000000000000
00:07:02.916093 MTRR_PHYSMASK[ 8] =0000000000000000
00:07:02.916093 MTRR_PHYSBASE[ 9] =0000000000000000
00:07:02.916094 MTRR_PHYSMASK[ 9] =0000000000000000
00:07:02.916095 MTRR_PHYSBASE[10] =0000000000000000
00:07:02.916095 MTRR_PHYSMASK[10] =0000000000000000
00:07:02.916096 MTRR_PHYSBASE[11] =0000000000000000
00:07:02.916097 MTRR_PHYSMASK[11] =0000000000000000
00:07:02.916098 MTRR_PHYSBASE[12] =0000000000000000
00:07:02.916098 MTRR_PHYSMASK[12] =0000000000000000
00:07:02.916099 MTRR_PHYSBASE[13] =0000000000000000
00:07:02.916100 MTRR_PHYSMASK[13] =0000000000000000
00:07:02.916101 MTRR_PHYSBASE[14] =0000000000000000
00:07:02.916101 MTRR_PHYSMASK[14] =0000000000000000
00:07:02.916102 MTRR_PHYSBASE[15] =0000000000000000
00:07:02.916103 MTRR_PHYSMASK[15] =0000000000000000
00:07:02.916105 ***
00:07:02.916107 VCPU[1] hardware virtualization state:
00:07:02.916107 fSavedInhibit                = 0x0
00:07:02.916108 In nested-guest hwvirt mode  = false
00:07:02.916109 Hwvirt state disabled.
00:07:02.916110 ***
00:07:02.916112 Guest paging mode (VCPU #1):  AMD64+NX (changed 3 times), A20 enabled (changed 0 times)
00:07:02.916114 Guest SLAT mode (VCPU #1): Direct
00:07:02.916114 Shadow paging mode (VCPU #1): Nested-AMD64
00:07:02.916115 Host paging mode:             AMD64+G+NX
00:07:02.916116 ***
00:07:02.916117 ************** End of Guest state at power off for VCpu 1 ***************
00:07:02.916156 ****************** Guest state at power off for VCpu 0 ******************
00:07:02.916167 Guest CPUM (VCPU 0) state: 
00:07:02.916171 rax=0000000000000000 rbx=0000000000000010 rcx=00000000de15e718 rdx=0000000000000000
00:07:02.916176 rsi=00000000de15e718 rdi=00000000df10af60 r8 =0000000000000000 r9 =00000000de6eb198
00:07:02.916179 r10=00000000df102618 r11=00000000df102618 r12=0000000000000000 r13=0000000000000000
00:07:02.916182 r14=0000000000000000 r15=0000000000000000
00:07:02.916183 rip=00000000de1092e1 rsp=00000000df0e6b68 rbp=0000000000000004 iopl=0  iopl=0 nv up ei pl nz na po nc
00:07:02.916187 cs={0038 base=0000000000000000 limit=ffffffff flags=0000a09b}
00:07:02.916190 ds={0030 base=0000000000000000 limit=ffffffff flags=0000c093}
00:07:02.916192 es={0030 base=0000000000000000 limit=ffffffff flags=0000c093}
00:07:02.916194 fs={0030 base=0000000000000000 limit=ffffffff flags=0000c093}
00:07:02.916196 gs={0030 base=0000000000000000 limit=ffffffff flags=0000c093}
00:07:02.916198 ss={0030 base=0000000000000000 limit=ffffffff flags=0000c093}
00:07:02.916200 cr0=0000000080010033 cr2=0000000000000000 cr3=00000000dea01000 cr4=0000000000000668
00:07:02.916203 dr0=0000000000000000 dr1=0000000000000000 dr2=0000000000000000 dr3=0000000000000000
00:07:02.916205 dr4=0000000000000000 dr5=0000000000000000 dr6=00000000ffff0ff0 dr7=0000000000000400
00:07:02.916208 gdtr=00000000de96c018:0047  idtr=00000000de163018:0fff  eflags=00000206
00:07:02.916211 ldtr={0000 base=00000000 limit=0000ffff flags=00000082}
00:07:02.916213 tr  ={0000 base=00000000 limit=0000ffff flags=0000008b}
00:07:02.916215 SysEnter={cs=0000 eip=0000000000000000 esp=0000000000000000}
00:07:02.916218 xcr=0000000000000001 xcr1=0000000000000000 xss=0000000000000000 (fXStateMask=0000000000000000)
00:07:02.916221 FCW=037f FSW=0000 FTW=0000 FOP=0000 MXCSR=00001f80 MXCSR_MASK=0002ffff
00:07:02.916224 FPUIP=00000000 CS=0000 Rsrvd1=0000  FPUDP=00000000 DS=0000 Rsvrd2=0000
00:07:02.916227 ST(0)=FPR0={0000'00000000'00000000} t0 +0.0000000000000000000000 * 2 ^ -16383 (*)
00:07:02.916233 ST(1)=FPR1={0000'00000000'00000000} t0 +0.0000000000000000000000 * 2 ^ -16383 (*)
00:07:02.916236 ST(2)=FPR2={0000'00000000'00000000} t0 +0.0000000000000000000000 * 2 ^ -16383 (*)
00:07:02.916240 ST(3)=FPR3={0000'00000000'00000000} t0 +0.0000000000000000000000 * 2 ^ -16383 (*)
00:07:02.916243 ST(4)=FPR4={0000'00000000'00000000} t0 +0.0000000000000000000000 * 2 ^ -16383 (*)
00:07:02.916247 ST(5)=FPR5={0000'00000000'00000000} t0 +0.0000000000000000000000 * 2 ^ -16383 (*)
00:07:02.916250 ST(6)=FPR6={0000'00000000'00000000} t0 +0.0000000000000000000000 * 2 ^ -16383 (*)
00:07:02.916253 ST(7)=FPR7={0000'00000000'00000000} t0 +0.0000000000000000000000 * 2 ^ -16383 (*)
00:07:02.916257 XMM0 =00000000'dd73faec'00000000'dd73f8c8  XMM1 =00000000'00000000'00000000'00000000
00:07:02.916262 XMM2 =00000000'00000000'00000000'00000000  XMM3 =00000000'00000000'00000000'00000000
00:07:02.916266 XMM4 =00000000'00000000'00000000'00000000  XMM5 =00000000'00000000'00000000'00000000
00:07:02.916271 XMM6 =00000000'00000000'00000000'00000000  XMM7 =00000000'00000000'00000000'00000000
00:07:02.916275 XMM8 =00000000'00000000'00000000'00000000  XMM9 =00000000'00000000'00000000'00000000
00:07:02.916279 XMM10=00000000'00000000'00000000'00000000  XMM11=00000000'00000000'00000000'00000000
00:07:02.916284 XMM12=00000000'00000000'00000000'00000000  XMM13=00000000'00000000'00000000'00000000
00:07:02.916288 XMM14=00000000'00000000'00000000'00000000  XMM15=00000000'00000000'00000000'00000000
00:07:02.916292 EFER         =0000000000000d00
00:07:02.916293 PAT          =0007040600070406
00:07:02.916295 STAR         =0000000000000000
00:07:02.916296 CSTAR        =0000000000000000
00:07:02.916297 LSTAR        =0000000000000000
00:07:02.916298 SFMASK       =0000000000000000
00:07:02.916299 KERNELGSBASE =0000000000000000
00:07:02.916300 MTRR_CAP          =0000000000000510
00:07:02.916302 MTRR_DEF_TYPE     =0000000000000c06
00:07:02.916303 MTRR_FIX64K_00000 =0606060606060606
00:07:02.916305 MTRR_FIX16K_80000 =0606060606060606
00:07:02.916306 MTRR_FIX16K_A0000 =0000000000000000
00:07:02.916307 MTRR_FIX4K_C0000  =0505050505050505
00:07:02.916309 MTRR_FIX4K_C8000  =0505050505050505
00:07:02.916310 MTRR_FIX4K_D0000  =0505050505050505
00:07:02.916312 MTRR_FIX4K_D8000  =0505050505050505
00:07:02.916313 MTRR_FIX4K_E0000  =0505050505050505
00:07:02.916315 MTRR_FIX4K_E8000  =0505050505050505
00:07:02.916317 MTRR_FIX4K_F0000  =0505050505050505
00:07:02.916318 MTRR_FIX4K_F8000  =0505050505050505
00:07:02.916320 MTRR_PHYSBASE[ 0] =000000e000000000 First=000000e000000000 917504 MB [UC]
00:07:02.916324 MTRR_PHYSMASK[ 0] =0000ffe000000800 Last =000000ffffffffff 1048575 MB [131072 MB]
00:07:02.916329 MTRR_PHYSBASE[ 1] =00000000e0000000 First=00000000e0000000   3584 MB [UC]
00:07:02.916332 MTRR_PHYSMASK[ 1] =0000ffffe0000800 Last =00000000ffffffff   4095 MB [512 MB]
00:07:02.916336 MTRR_PHYSBASE[ 2] =0000000000000000
00:07:02.916337 MTRR_PHYSMASK[ 2] =0000000000000000
00:07:02.916339 MTRR_PHYSBASE[ 3] =0000000000000000
00:07:02.916340 MTRR_PHYSMASK[ 3] =0000000000000000
00:07:02.916341 MTRR_PHYSBASE[ 4] =0000000000000000
00:07:02.916343 MTRR_PHYSMASK[ 4] =0000000000000000
00:07:02.916344 MTRR_PHYSBASE[ 5] =0000000000000000
00:07:02.916345 MTRR_PHYSMASK[ 5] =0000000000000000
00:07:02.916347 MTRR_PHYSBASE[ 6] =0000000000000000
00:07:02.916348 MTRR_PHYSMASK[ 6] =0000000000000000
00:07:02.916349 MTRR_PHYSBASE[ 7] =0000000000000000
00:07:02.916350 MTRR_PHYSMASK[ 7] =0000000000000000
00:07:02.916352 MTRR_PHYSBASE[ 8] =0000000000000000
00:07:02.916353 MTRR_PHYSMASK[ 8] =0000000000000000
00:07:02.916354 MTRR_PHYSBASE[ 9] =0000000000000000
00:07:02.916356 MTRR_PHYSMASK[ 9] =0000000000000000
00:07:02.916357 MTRR_PHYSBASE[10] =0000000000000000
00:07:02.916358 MTRR_PHYSMASK[10] =0000000000000000
00:07:02.916360 MTRR_PHYSBASE[11] =0000000000000000
00:07:02.916361 MTRR_PHYSMASK[11] =0000000000000000
00:07:02.916362 MTRR_PHYSBASE[12] =0000000000000000
00:07:02.916364 MTRR_PHYSMASK[12] =0000000000000000
00:07:02.916365 MTRR_PHYSBASE[13] =0000000000000000
00:07:02.916366 MTRR_PHYSMASK[13] =0000000000000000
00:07:02.916368 MTRR_PHYSBASE[14] =0000000000000000
00:07:02.916369 MTRR_PHYSMASK[14] =0000000000000000
00:07:02.916370 MTRR_PHYSBASE[15] =0000000000000000
00:07:02.916371 MTRR_PHYSMASK[15] =0000000000000000
00:07:02.916376 ***
00:07:02.916380 VCPU[0] hardware virtualization state:
00:07:02.916382 fSavedInhibit                = 0x0
00:07:02.916384 In nested-guest hwvirt mode  = false
00:07:02.916386 Hwvirt state disabled.
00:07:02.916388 ***
00:07:02.916393 Guest paging mode (VCPU #0):  AMD64+NX (changed 5 times), A20 enabled (changed 0 times)
00:07:02.916397 Guest SLAT mode (VCPU #0): Direct
00:07:02.916399 Shadow paging mode (VCPU #0): Nested-AMD64
00:07:02.916400 Host paging mode:             AMD64+G+NX
00:07:02.916402 ***
00:07:02.916405 Active Timers (pVM=0000028739ea0000)
00:07:02.916407 pTimerR3         offNext  offPrev  offSched Clock               Time             Expire HzHint State                     Description
00:07:02.916416 000002873b460180 00000007 ffffffff ffffffff Real            82993604           82987992      0 2-ACTIVE                  VGA Refresh
00:07:02.916423 000002873b460380 ffffffff 00000003 ffffffff Real            82993604           82988772      0 2-ACTIVE                  CPU Load Timer
00:07:02.916431 000002873ba60200 00000001 ffffffff ffffffff VrSy        404911882937       404911882937     18 2-ACTIVE                  i8254 PIT
00:07:02.916437 000002873ba60080 00000006 00000004 ffffffff VrSy        404911882937       404917704901    100 2-ACTIVE                  APIC Timer 0
00:07:02.916443 000002873ba60300 00000003 00000001 ffffffff VrSy        404911882937       404990000000      0 2-ACTIVE                  MC146818 RTC Second
00:07:02.916449 000002873ba60180 00000002 00000006 ffffffff VrSy        404911882937       411961773658      0 2-ACTIVE                  APIC Timer 2
00:07:02.916454 000002873ba60100 00000010 00000003 ffffffff VrSy        404911882937       411961864185      0 2-ACTIVE                  APIC Timer 1
00:07:02.916465 000002873ba60800 ffffffff 00000002 ffffffff VrSy        404911882937       770649588434      0 2-ACTIVE                  ACPI PM
00:07:02.916476 ***
00:07:02.916483 Guest GDT (GCAddr=00000000de96c018 limit=47):
00:07:02.916527 0008 - 0000ffff 00cf9200 - base=00000000 limit=ffffffff dpl=0 DataRW Present Page 32-bit 
00:07:02.916530 0010 - 0000ffff 00cf9f00 - base=00000000 limit=ffffffff dpl=0 CodeConfER Accessed Present Page 32-bit 
00:07:02.916532 0018 - 0000ffff 00cf9300 - base=00000000 limit=ffffffff dpl=0 DataRW Accessed Present Page 32-bit 
00:07:02.916534 0020 - 0000ffff 00cf9a00 - base=00000000 limit=ffffffff dpl=0 CodeER Present Page 32-bit 
00:07:02.916535 0028 - 0000ffff 008f9a00 - base=00000000 limit=ffffffff dpl=0 CodeER Present Page 16-bit 
00:07:02.916537 0030 - 0000ffff 00cf9300 - base=00000000 limit=ffffffff dpl=0 DataRW Accessed Present Page 32-bit 
00:07:02.916539 0038 - 0000ffff 00af9b00 - base=00000000 limit=ffffffff dpl=0 CodeER Accessed Present Page 16-bit 
00:07:02.916541 ************** End of Guest state at power off ***************
00:07:02.917664 PDMR3PowerOff: 1 069 301 ns run time
00:07:02.917749 Changing the VM state from 'POWERING_OFF' to 'OFF'
00:07:02.930289 Changing the VM state from 'OFF' to 'DESTROYING'
00:07:02.930467 ************************* Statistics *************************
00:07:02.930493 /CPUM/MSR-Totals/Reads                         84726 times
00:07:02.930518 /CPUM/MSR-Totals/ReadsRaisingGP                    0 times
00:07:02.930533 /CPUM/MSR-Totals/ReadsUnknown                      0 times
00:07:02.930540 /CPUM/MSR-Totals/Writes                          887 times
00:07:02.930547 /CPUM/MSR-Totals/WritesRaisingGP                   0 times
00:07:02.930553 /CPUM/MSR-Totals/WritesToIgnoredBits               0 times
00:07:02.930560 /CPUM/MSR-Totals/WritesUnknown                     0 times
00:07:02.930567 /CPUM/cpu0/GuestFpuLoad                       542581 calls
00:07:02.930667 /CPUM/cpu1/GuestFpuLoad                           38 calls
00:07:02.930714 /CPUM/cpu2/GuestFpuLoad                           35 calls
00:07:02.930734 /Devices/8237A/DmaRun                              0 ticks/call (           0 ticks,       0 calls, max         0, min      -1)
00:07:02.930744 /Devices/VMMDev/BalloonChunks                      0 count
00:07:02.930752 /Devices/VMMDev/FastIrqAckR3                       0 count
00:07:02.930760 /Devices/VMMDev/FastIrqAckRZ                       0 count
00:07:02.930768 /Devices/VMMDev/HGCM-Kernel/BudgetAvailable 683654997 bytes
00:07:02.930775 /Devices/VMMDev/HGCM-Kernel/BudgetConfig   683654997 bytes
00:07:02.930783 /Devices/VMMDev/HGCM-Kernel/BudgetOverruns         0 bytes
00:07:02.930790 /Devices/VMMDev/HGCM-Kernel/MessageHeapUsage         0 bytes/call (           0 bytes,       0 calls, max         0, min      -1)
00:07:02.930798 /Devices/VMMDev/HGCM-Root/BudgetAvailable  683654997 bytes
00:07:02.930806 /Devices/VMMDev/HGCM-Root/BudgetConfig     683654997 bytes
00:07:02.930814 /Devices/VMMDev/HGCM-Root/BudgetOverruns           0 bytes
00:07:02.930821 /Devices/VMMDev/HGCM-Root/MessageHeapUsage         0 bytes/call (           0 bytes,       0 calls, max         0, min      -1)
00:07:02.930830 /Devices/VMMDev/HGCM-User/BudgetAvailable  683654997 bytes
00:07:02.930838 /Devices/VMMDev/HGCM-User/BudgetConfig     683654997 bytes
00:07:02.930847 /Devices/VMMDev/HGCM-User/BudgetOverruns           0 bytes
00:07:02.930855 /Devices/VMMDev/HGCM-User/MessageHeapUsage         0 bytes/call (           0 bytes,       0 calls, max         0, min      -1)
00:07:02.930864 /Devices/VMMDev/LargeReqBufAllocs                  0 count
00:07:02.930871 /Devices/VMMDev/SlowIrqAck                         0 count
00:07:02.930879 /Devices/apic/0                                39854 times
00:07:02.930890 /Devices/apic/0/Vectors/20                     39854 times
00:07:02.930917 /Devices/apic/1                                    0 times
00:07:02.930962 /Devices/apic/2                                    0 times
00:07:02.931011 /Devices/e1000#0/ReceiveBytes                      0 bytes
00:07:02.931021 /Devices/e1000#0/TransmitBytes                   344 bytes
00:07:02.931029 /Devices/e1000#0/iStatIntLost                      0 ns
00:07:02.931036 /Devices/e1000#0/iStatIntLostOne                   0 ns
00:07:02.931043 /Devices/e1000#0/u64ArmedAt                        0 ns
00:07:02.931051 /Devices/e1000#0/uStatDescCtx                      0 ns
00:07:02.931058 /Devices/e1000#0/uStatDescDat                      0 ns
00:07:02.931065 /Devices/e1000#0/uStatDescLeg                      4 ns
00:07:02.931072 /Devices/e1000#0/uStatInt                          0 ns
00:07:02.931079 /Devices/e1000#0/uStatIntEarly                     0 ns
00:07:02.931088 /Devices/e1000#0/uStatIntICS                       0 ns
00:07:02.931095 /Devices/e1000#0/uStatIntIMS                       0 ns
00:07:02.931102 /Devices/e1000#0/uStatIntLate                      0 ns
00:07:02.931109 /Devices/e1000#0/uStatIntLower                     0 ns
00:07:02.931117 /Devices/e1000#0/uStatIntMasked                   16 ns
00:07:02.931124 /Devices/e1000#0/uStatIntRDTR                      0 ns
00:07:02.931131 /Devices/e1000#0/uStatIntRXDMT0                    0 ns
00:07:02.931139 /Devices/e1000#0/uStatIntRx                        0 ns
00:07:02.931146 /Devices/e1000#0/uStatIntSkip                      0 ns
00:07:02.931153 /Devices/e1000#0/uStatIntTXQE                      0 ns
00:07:02.931179 /Devices/e1000#0/uStatIntTry                      16 ns
00:07:02.931194 /Devices/e1000#0/uStatIntTx                        4 ns
00:07:02.931201 /Devices/e1000#0/uStatMaxTxDelay                   0 ns
00:07:02.931208 /Devices/e1000#0/uStatNoIntICR                     0 ns
00:07:02.931216 /Devices/e1000#0/uStatRAD                          0 ns
00:07:02.931223 /Devices/e1000#0/uStatRID                          0 ns
00:07:02.931232 /Devices/e1000#0/uStatRxFrm                        0 ns
00:07:02.931239 /Devices/e1000#0/uStatTAD                          0 ns
00:07:02.931247 /Devices/e1000#0/uStatTID                          0 ns
00:07:02.931254 /Devices/e1000#0/uStatTx1514                       4 ns
00:07:02.931261 /Devices/e1000#0/uStatTx16384                      0 ns
00:07:02.931269 /Devices/e1000#0/uStatTx2962                       0 ns
00:07:02.931290 /Devices/e1000#0/uStatTx32768                      0 ns
00:07:02.931301 /Devices/e1000#0/uStatTx4410                       0 ns
00:07:02.931309 /Devices/e1000#0/uStatTx5858                       0 ns
00:07:02.931316 /Devices/e1000#0/uStatTx7306                       0 ns
00:07:02.931324 /Devices/e1000#0/uStatTx8754                       0 ns
00:07:02.931331 /Devices/e1000#0/uStatTxDelayExp                   0 ns
00:07:02.931338 /Devices/e1000#0/uStatTxDelayed                    0 ns
00:07:02.931345 /Devices/e1000#0/uStatTxFrm                        4 ns
00:07:02.931352 /Devices/e1000#0/uStatTxIDE                        0 ns
00:07:02.931359 /Devices/e1000#0/uStatTxLarge                      0 ns
00:07:02.931367 /Devices/e1000#0/uStatTxNoRS                       0 ns
00:07:02.931374 /Devices/hda/Codec/LookupsR0                       0 times
00:07:02.931416 /Devices/mc146818/Irq                              0 times
00:07:02.931425 /Devices/mc146818/IrqClear                         0 times
00:07:02.931433 /Devices/mc146818/PiActive                         0 ticks/call (           0 ticks,       0 calls, max         0, min      -1)
00:07:02.931442 /Devices/mc146818/PieFlip                          0 times
00:07:02.931449 /Devices/mc146818/TimerCB                          0 times
00:07:02.931457 /Devices/vga/HgmsiMdaCgaAccesses                   0 times
00:07:02.931465 /Devices/vga/VMSVGA/Cmd/3dActivateSurface          0 times
00:07:02.931492 /Devices/vga/VMSVGA/Cmd/3dBeginQuery               0 times
00:07:02.931510 /Devices/vga/VMSVGA/Cmd/3dBlitSurfaceToScreenProf         0 ticks/call (           0 ticks,       0 calls, max         0, min      -1)
00:07:02.931519 /Devices/vga/VMSVGA/Cmd/3dClear                    0 times
00:07:02.931527 /Devices/vga/VMSVGA/Cmd/3dContextDefine            0 times
00:07:02.931534 /Devices/vga/VMSVGA/Cmd/3dContextDestroy           0 times
00:07:02.931540 /Devices/vga/VMSVGA/Cmd/3dDeactivateSurface         0 times
00:07:02.931547 /Devices/vga/VMSVGA/Cmd/3dDrawPrimitives           0 times
00:07:02.931554 /Devices/vga/VMSVGA/Cmd/3dEndQuery                 0 times
00:07:02.931560 /Devices/vga/VMSVGA/Cmd/3dGenerateMipmaps          0 times
00:07:02.931567 /Devices/vga/VMSVGA/Cmd/3dPresent                  0 times
00:07:02.931574 /Devices/vga/VMSVGA/Cmd/3dPresentReadBack          0 times
00:07:02.931581 /Devices/vga/VMSVGA/Cmd/3dSetClipPlane             0 times
00:07:02.931588 /Devices/vga/VMSVGA/Cmd/3dSetLightData             0 times
00:07:02.931594 /Devices/vga/VMSVGA/Cmd/3dSetLightEnable           0 times
00:07:02.931601 /Devices/vga/VMSVGA/Cmd/3dSetMaterial              0 times
00:07:02.931607 /Devices/vga/VMSVGA/Cmd/3dSetRenderState           0 times
00:07:02.931614 /Devices/vga/VMSVGA/Cmd/3dSetRenderTarget          0 times
00:07:02.931620 /Devices/vga/VMSVGA/Cmd/3dSetScissorRect           0 times
00:07:02.931627 /Devices/vga/VMSVGA/Cmd/3dSetShader                0 times
00:07:02.931634 /Devices/vga/VMSVGA/Cmd/3dSetShaderConst           0 times
00:07:02.931665 /Devices/vga/VMSVGA/Cmd/3dSetTextureState          0 times
00:07:02.931672 /Devices/vga/VMSVGA/Cmd/3dSetTransform             0 times
00:07:02.931693 /Devices/vga/VMSVGA/Cmd/3dSetViewPort              0 times
00:07:02.931708 /Devices/vga/VMSVGA/Cmd/3dSetZRange                0 times
00:07:02.931715 /Devices/vga/VMSVGA/Cmd/3dShaderDefine             0 times
00:07:02.931722 /Devices/vga/VMSVGA/Cmd/3dShaderDestroy            0 times
00:07:02.931729 /Devices/vga/VMSVGA/Cmd/3dSurfaceCopy              0 times
00:07:02.931736 /Devices/vga/VMSVGA/Cmd/3dSurfaceDefine            0 times
00:07:02.931742 /Devices/vga/VMSVGA/Cmd/3dSurfaceDefineV2          0 times
00:07:02.931749 /Devices/vga/VMSVGA/Cmd/3dSurfaceDestroy           0 times
00:07:02.931755 /Devices/vga/VMSVGA/Cmd/3dSurfaceDma               0 times
00:07:02.931762 /Devices/vga/VMSVGA/Cmd/3dSurfaceScreen            0 times
00:07:02.931769 /Devices/vga/VMSVGA/Cmd/3dSurfaceStretchBlt         0 times
00:07:02.931776 /Devices/vga/VMSVGA/Cmd/3dWaitForQuery             0 times
00:07:02.931783 /Devices/vga/VMSVGA/Cmd/AnnotationCopy             0 times
00:07:02.931790 /Devices/vga/VMSVGA/Cmd/AnnotationFill             0 times
00:07:02.931798 /Devices/vga/VMSVGA/Cmd/BlitGmrFbToScreen          0 times
00:07:02.931804 /Devices/vga/VMSVGA/Cmd/BlitScreentoGmrFb          0 times
00:07:02.931812 /Devices/vga/VMSVGA/Cmd/DefineAlphaCursor          0 times
00:07:02.931819 /Devices/vga/VMSVGA/Cmd/DefineCursor               0 times
00:07:02.931826 /Devices/vga/VMSVGA/Cmd/DefineGmr2                 0 times
00:07:02.931833 /Devices/vga/VMSVGA/Cmd/DefineGmr2/Free            0 times
00:07:02.931840 /Devices/vga/VMSVGA/Cmd/DefineGmr2/Modify          0 times
00:07:02.931847 /Devices/vga/VMSVGA/Cmd/DefineGmrFb                0 times
00:07:02.931854 /Devices/vga/VMSVGA/Cmd/DefineScreen               0 times
00:07:02.931860 /Devices/vga/VMSVGA/Cmd/DestroyScreen              0 times
00:07:02.931867 /Devices/vga/VMSVGA/Cmd/DisplayCursor              0 times
00:07:02.931875 /Devices/vga/VMSVGA/Cmd/Escape                     0 times
00:07:02.931882 /Devices/vga/VMSVGA/Cmd/Fence                      0 times
00:07:02.931889 /Devices/vga/VMSVGA/Cmd/InvalidCmd                 0 times
00:07:02.931896 /Devices/vga/VMSVGA/Cmd/MoveCursor                 0 times
00:07:02.931903 /Devices/vga/VMSVGA/Cmd/RectCopy                   0 times
00:07:02.931910 /Devices/vga/VMSVGA/Cmd/RectFill                   0 times
00:07:02.931917 /Devices/vga/VMSVGA/Cmd/RectRopCopy                0 times
00:07:02.931924 /Devices/vga/VMSVGA/Cmd/RemapGmr2                  0 times
00:07:02.931932 /Devices/vga/VMSVGA/Cmd/RemapGmr2/Modify           0 times
00:07:02.931950 /Devices/vga/VMSVGA/Cmd/Update                     0 times
00:07:02.931959 /Devices/vga/VMSVGA/Cmd/UpdateVerbose              0 times
00:07:02.931967 /Devices/vga/VMSVGA/EmtDelayOnBusyFifo             0 ticks/call (           0 ticks,       0 calls, max         0, min      -1)
00:07:02.931975 /Devices/vga/VMSVGA/FifoCommands                   0 times
00:07:02.931983 /Devices/vga/VMSVGA/FifoCursorFetchAgain           0 times
00:07:02.931990 /Devices/vga/VMSVGA/FifoCursorNoChange             0 times
00:07:02.931997 /Devices/vga/VMSVGA/FifoCursorPosition             0 times
00:07:02.932004 /Devices/vga/VMSVGA/FifoCursorVisiblity            0 times
00:07:02.932011 /Devices/vga/VMSVGA/FifoErrors                     0 times
00:07:02.932019 /Devices/vga/VMSVGA/FifoExtendedSleep      39015362808 ticks/call (1131445521442 ticks,      29 calls, max 41922924485, min   17584)
00:07:02.932029 /Devices/vga/VMSVGA/FifoStalls                     0 ticks/call (           0 ticks,       0 calls, max         0, min      -1)
00:07:02.932038 /Devices/vga/VMSVGA/FifoTodoTimeout                0 times
00:07:02.932045 /Devices/vga/VMSVGA/FifoTodoWoken                  0 times
00:07:02.932052 /Devices/vga/VMSVGA/FifoUnknownCommands            0 times
00:07:02.932060 /Devices/vga/VMSVGA/FifoWatchdogWakeUps            0 times
00:07:02.932071 /Devices/vga/VMSVGA/Reg/BitsPerPixelRead           0 times
00:07:02.932078 /Devices/vga/VMSVGA/Reg/BitsPerPixelWrite          0 times
00:07:02.932095 /Devices/vga/VMSVGA/Reg/BlueMaskRead               0 times
00:07:02.932110 /Devices/vga/VMSVGA/Reg/BusyRead                   0 times
00:07:02.932117 /Devices/vga/VMSVGA/Reg/BusyWrite                  0 times
00:07:02.932124 /Devices/vga/VMSVGA/Reg/BytesPerLineRead           0 times
00:07:02.932132 /Devices/vga/VMSVGA/Reg/CapabilitesRead            0 times
00:07:02.932139 /Devices/vga/VMSVGA/Reg/CmdPrependHighRead         0 times
00:07:02.932146 /Devices/vga/VMSVGA/Reg/CmdPrependHighWrite         0 times
00:07:02.932153 /Devices/vga/VMSVGA/Reg/CmdPrependLowRead          0 times
00:07:02.932161 /Devices/vga/VMSVGA/Reg/CmdPrependLowWrite         0 times
00:07:02.932168 /Devices/vga/VMSVGA/Reg/CommandHighRead            0 times
00:07:02.932175 /Devices/vga/VMSVGA/Reg/CommandHighWrite           0 times
00:07:02.932182 /Devices/vga/VMSVGA/Reg/CommandLowRead             0 times
00:07:02.932189 /Devices/vga/VMSVGA/Reg/CommandLowWrite            0 times
00:07:02.932196 /Devices/vga/VMSVGA/Reg/ConfigDoneRead             0 times
00:07:02.932203 /Devices/vga/VMSVGA/Reg/ConfigDoneWrite            0 times
00:07:02.932210 /Devices/vga/VMSVGA/Reg/CursorIdRead               0 times
00:07:02.932217 /Devices/vga/VMSVGA/Reg/CursorIdWrite              0 times
00:07:02.932224 /Devices/vga/VMSVGA/Reg/CursorMobIdWrite           0 times
00:07:02.932232 /Devices/vga/VMSVGA/Reg/CursorOnRead               0 times
00:07:02.932239 /Devices/vga/VMSVGA/Reg/CursorOnWrite              0 times
00:07:02.932246 /Devices/vga/VMSVGA/Reg/CursorXRead                0 times
00:07:02.932253 /Devices/vga/VMSVGA/Reg/CursorXWrite               0 times
00:07:02.932261 /Devices/vga/VMSVGA/Reg/CursorYRead                0 times
00:07:02.932277 /Devices/vga/VMSVGA/Reg/CursorYWrite               0 times
00:07:02.932284 /Devices/vga/VMSVGA/Reg/DepthRead                  0 times
00:07:02.932292 /Devices/vga/VMSVGA/Reg/DepthWrite                 0 times
00:07:02.932300 /Devices/vga/VMSVGA/Reg/DevCapRead                 0 times
00:07:02.932308 /Devices/vga/VMSVGA/Reg/DevCapWrite                0 times
00:07:02.932315 /Devices/vga/VMSVGA/Reg/DisplayHeightRead          0 times
00:07:02.932324 /Devices/vga/VMSVGA/Reg/DisplayHeightWrite         0 times
00:07:02.932331 /Devices/vga/VMSVGA/Reg/DisplayIdRead              0 times
00:07:02.932338 /Devices/vga/VMSVGA/Reg/DisplayIdWrite             0 times
00:07:02.932345 /Devices/vga/VMSVGA/Reg/DisplayIsPrimaryRead         0 times
00:07:02.932353 /Devices/vga/VMSVGA/Reg/DisplayIsPrimaryWrite         0 times
00:07:02.932360 /Devices/vga/VMSVGA/Reg/DisplayPositionXRead         0 times
00:07:02.932367 /Devices/vga/VMSVGA/Reg/DisplayPositionXWrite         0 times
00:07:02.932374 /Devices/vga/VMSVGA/Reg/DisplayPositionYRead         0 times
00:07:02.932381 /Devices/vga/VMSVGA/Reg/DisplayPositionYWrite         0 times
00:07:02.932389 /Devices/vga/VMSVGA/Reg/DisplayWidthRead           0 times
00:07:02.932396 /Devices/vga/VMSVGA/Reg/DisplayWidthWrite          0 times
00:07:02.932403 /Devices/vga/VMSVGA/Reg/EnableRead                 0 times
00:07:02.932410 /Devices/vga/VMSVGA/Reg/EnableWrite                0 times
00:07:02.932417 /Devices/vga/VMSVGA/Reg/FbOffsetRead               0 times
00:07:02.932425 /Devices/vga/VMSVGA/Reg/FbSizeRead                 0 times
00:07:02.932432 /Devices/vga/VMSVGA/Reg/FbStartRead                0 times
00:07:02.932440 /Devices/vga/VMSVGA/Reg/GBMemSizeRead              0 times
00:07:02.932448 /Devices/vga/VMSVGA/Reg/GmrDescriptorWrite         0 times
00:07:02.932455 /Devices/vga/VMSVGA/Reg/GmrDescriptorWrite/Errors         0 times
00:07:02.932463 /Devices/vga/VMSVGA/Reg/GmrDescriptorWrite/Free         0 times
00:07:02.932470 /Devices/vga/VMSVGA/Reg/GmrIdRead                  0 times
00:07:02.932477 /Devices/vga/VMSVGA/Reg/GmrIdWrite                 0 times
00:07:02.932485 /Devices/vga/VMSVGA/Reg/GmrMaxDescriptorLengthRead         0 times
00:07:02.932492 /Devices/vga/VMSVGA/Reg/GmrMaxIdsRead              0 times
00:07:02.932500 /Devices/vga/VMSVGA/Reg/GmrsMaxPagesRead           0 times
00:07:02.932519 /Devices/vga/VMSVGA/Reg/GreenMaskRead              0 times
00:07:02.932533 /Devices/vga/VMSVGA/Reg/GuestIdRead                0 times
00:07:02.932541 /Devices/vga/VMSVGA/Reg/GuestIdWrite               0 times
00:07:02.932548 /Devices/vga/VMSVGA/Reg/HeightRead                 0 times
00:07:02.932555 /Devices/vga/VMSVGA/Reg/HeightWrite                0 times
00:07:02.932562 /Devices/vga/VMSVGA/Reg/HostBitsPerPixelRead         0 times
00:07:02.932570 /Devices/vga/VMSVGA/Reg/IdRead                     0 times
00:07:02.932577 /Devices/vga/VMSVGA/Reg/IdWrite                    0 times
00:07:02.932585 /Devices/vga/VMSVGA/Reg/IrqMaskRead                0 times
00:07:02.932592 /Devices/vga/VMSVGA/Reg/IrqMaskWrite               0 times
00:07:02.932599 /Devices/vga/VMSVGA/Reg/MaxHeightRead              0 times
00:07:02.932606 /Devices/vga/VMSVGA/Reg/MaxPrimBBMemRead           0 times
00:07:02.932669 /Devices/vga/VMSVGA/Reg/MaxWidthRead               0 times
00:07:02.932689 /Devices/vga/VMSVGA/Reg/MemRegsRead                0 times
00:07:02.932697 /Devices/vga/VMSVGA/Reg/MemSizeRead                0 times
00:07:02.932703 /Devices/vga/VMSVGA/Reg/MemStartRead               0 times
00:07:02.932710 /Devices/vga/VMSVGA/Reg/MemorySizeRead             0 times
00:07:02.932717 /Devices/vga/VMSVGA/Reg/MobMaxSizeRead             0 times
00:07:02.932723 /Devices/vga/VMSVGA/Reg/NumDisplaysRead            0 times
00:07:02.932730 /Devices/vga/VMSVGA/Reg/NumDisplaysWrite           0 times
00:07:02.932736 /Devices/vga/VMSVGA/Reg/NumGuestDisplaysRead         0 times
00:07:02.932743 /Devices/vga/VMSVGA/Reg/NumGuestDisplaysWrite         0 times
00:07:02.932750 /Devices/vga/VMSVGA/Reg/PaletteRead                0 times
00:07:02.932757 /Devices/vga/VMSVGA/Reg/PaletteWrite               0 times
00:07:02.932764 /Devices/vga/VMSVGA/Reg/PitchLockRead              0 times
00:07:02.932772 /Devices/vga/VMSVGA/Reg/PitchLockWrite             0 times
00:07:02.932779 /Devices/vga/VMSVGA/Reg/PseudoColorWrite           0 times
00:07:02.932786 /Devices/vga/VMSVGA/Reg/PsuedoColorRead            0 times
00:07:02.932793 /Devices/vga/VMSVGA/Reg/ReadOnlyWrite              0 times
00:07:02.932800 /Devices/vga/VMSVGA/Reg/RedMaskRead                0 times
00:07:02.932807 /Devices/vga/VMSVGA/Reg/ScratchRead                0 times
00:07:02.932815 /Devices/vga/VMSVGA/Reg/ScratchSizeRead            0 times
00:07:02.932822 /Devices/vga/VMSVGA/Reg/ScratchWrite               0 times
00:07:02.932830 /Devices/vga/VMSVGA/Reg/ScrnTgtMaxHeightRead         0 times
00:07:02.932839 /Devices/vga/VMSVGA/Reg/ScrnTgtMaxWidthRead         0 times
00:07:02.932845 /Devices/vga/VMSVGA/Reg/SyncRead                   0 times
00:07:02.932852 /Devices/vga/VMSVGA/Reg/SyncWrite                  0 times
00:07:02.932858 /Devices/vga/VMSVGA/Reg/TopRead                    0 times
00:07:02.932863 /Devices/vga/VMSVGA/Reg/TopWrite                   0 times
00:07:02.932868 /Devices/vga/VMSVGA/Reg/TracesRead                 0 times
00:07:02.932874 /Devices/vga/VMSVGA/Reg/TracesWrite                0 times
00:07:02.932881 /Devices/vga/VMSVGA/Reg/UnknownRead                0 times
00:07:02.932888 /Devices/vga/VMSVGA/Reg/UnknownWrite               0 times
00:07:02.932895 /Devices/vga/VMSVGA/Reg/VramSizeRead               0 times
00:07:02.932902 /Devices/vga/VMSVGA/Reg/WidthRead                  0 times
00:07:02.932908 /Devices/vga/VMSVGA/Reg/WidthWrite                 0 times
00:07:02.932913 /Devices/vga/VMSVGA/Reg/WriteOnlyRead              0 times
00:07:02.932919 /Drivers/AUDIO-0/TotalStreamsCreated               0 count
00:07:02.932925 /Drivers/AUDIO-1/TotalStreamsCreated               0 count
00:07:02.932930 /Drivers/AUDIO-2/TotalStreamsCreated               0 count
00:07:02.932945 /EM/CPU0/ExitHashing/Used                          0 times
00:07:02.932951 /EM/CPU0/ExitOpt/Exec                              0 ticks/call (           0 ticks,       0 calls, max         0, min      -1)
00:07:02.932969 /EM/CPU0/ExitOpt/ExecInstructions                  0 times
00:07:02.932981 /EM/CPU0/ExitOpt/ExecRetReasonForcedFlag           0 times
00:07:02.932986 /EM/CPU0/ExitOpt/ExecRetReasonHostInterrupt         0 times
00:07:02.932992 /EM/CPU0/ExitOpt/ExecRetReasonLongJump             0 times
00:07:02.932997 /EM/CPU0/ExitOpt/ExecRetReasonMaxDistance          0 times
00:07:02.933002 /EM/CPU0/ExitOpt/ExecRetReasonMaxInstructions         0 times
00:07:02.933008 /EM/CPU0/ExitOpt/ExecRetReasonNormal               0 times
00:07:02.933013 /EM/CPU0/ExitOpt/ExecRetReasonTimer                0 times
00:07:02.933019 /EM/CPU0/ExitOpt/ExecSavedExit                     0 times
00:07:02.933024 /EM/CPU0/ExitOpt/Probe                             0 ticks/call (           0 ticks,       0 calls, max         0, min      -1)
00:07:02.933031 /EM/CPU0/ExitOpt/ProbeInstructions                 0 times
00:07:02.933036 /EM/CPU0/ExitOpt/ProbedExecWithMax                 0 times
00:07:02.933041 /EM/CPU0/ExitOpt/ProbedNormal                      0 times
00:07:02.933047 /EM/CPU0/ExitOpt/ProbedToRing3                     0 times
00:07:02.933060 /EM/CPU1/ExitHashing/Used                          0 times
00:07:02.933066 /EM/CPU1/ExitOpt/Exec                              0 ticks/call (           0 ticks,       0 calls, max         0, min      -1)
00:07:02.933072 /EM/CPU1/ExitOpt/ExecInstructions                  0 times
00:07:02.933077 /EM/CPU1/ExitOpt/ExecRetReasonForcedFlag           0 times
00:07:02.933083 /EM/CPU1/ExitOpt/ExecRetReasonHostInterrupt         0 times
00:07:02.933088 /EM/CPU1/ExitOpt/ExecRetReasonLongJump             0 times
00:07:02.933094 /EM/CPU1/ExitOpt/ExecRetReasonMaxDistance          0 times
00:07:02.933099 /EM/CPU1/ExitOpt/ExecRetReasonMaxInstructions         0 times
00:07:02.933106 /EM/CPU1/ExitOpt/ExecRetReasonNormal               0 times
00:07:02.933113 /EM/CPU1/ExitOpt/ExecRetReasonTimer                0 times
00:07:02.933120 /EM/CPU1/ExitOpt/ExecSavedExit                     0 times
00:07:02.933127 /EM/CPU1/ExitOpt/Probe                             0 ticks/call (           0 ticks,       0 calls, max         0, min      -1)
00:07:02.933134 /EM/CPU1/ExitOpt/ProbeInstructions                 0 times
00:07:02.933139 /EM/CPU1/ExitOpt/ProbedExecWithMax                 0 times
00:07:02.933144 /EM/CPU1/ExitOpt/ProbedNormal                      0 times
00:07:02.933150 /EM/CPU1/ExitOpt/ProbedToRing3                     0 times
00:07:02.933164 /EM/CPU2/ExitHashing/Used                          0 times
00:07:02.933170 /EM/CPU2/ExitOpt/Exec                              0 ticks/call (           0 ticks,       0 calls, max         0, min      -1)
00:07:02.933176 /EM/CPU2/ExitOpt/ExecInstructions                  0 times
00:07:02.933181 /EM/CPU2/ExitOpt/ExecRetReasonForcedFlag           0 times
00:07:02.933186 /EM/CPU2/ExitOpt/ExecRetReasonHostInterrupt         0 times
00:07:02.933191 /EM/CPU2/ExitOpt/ExecRetReasonLongJump             0 times
00:07:02.933197 /EM/CPU2/ExitOpt/ExecRetReasonMaxDistance          0 times
00:07:02.933202 /EM/CPU2/ExitOpt/ExecRetReasonMaxInstructions         0 times
00:07:02.933207 /EM/CPU2/ExitOpt/ExecRetReasonNormal               0 times
00:07:02.933212 /EM/CPU2/ExitOpt/ExecRetReasonTimer                0 times
00:07:02.933218 /EM/CPU2/ExitOpt/ExecSavedExit                     0 times
00:07:02.933223 /EM/CPU2/ExitOpt/Probe                             0 ticks/call (           0 ticks,       0 calls, max         0, min      -1)
00:07:02.933229 /EM/CPU2/ExitOpt/ProbeInstructions                 0 times
00:07:02.933235 /EM/CPU2/ExitOpt/ProbedExecWithMax                 0 times
00:07:02.933240 /EM/CPU2/ExitOpt/ProbedNormal                      0 times
00:07:02.933245 /EM/CPU2/ExitOpt/ProbedToRing3                     0 times
00:07:02.933252 /GIM/HyperV/0/Stimer0_Fired                        0 times
00:07:02.933258 /GIM/HyperV/0/Stimer1_Fired                        0 times
00:07:02.933263 /GIM/HyperV/0/Stimer2_Fired                        0 times
00:07:02.933268 /GIM/HyperV/0/Stimer3_Fired                        0 times
00:07:02.933277 /GIM/HyperV/1/Stimer0_Fired                        0 times
00:07:02.933284 /GIM/HyperV/1/Stimer1_Fired                        0 times
00:07:02.933290 /GIM/HyperV/1/Stimer2_Fired                        0 times
00:07:02.933295 /GIM/HyperV/1/Stimer3_Fired                        0 times
00:07:02.933301 /GIM/HyperV/2/Stimer0_Fired                        0 times
00:07:02.933306 /GIM/HyperV/2/Stimer1_Fired                        0 times
00:07:02.933312 /GIM/HyperV/2/Stimer2_Fired                        0 times
00:07:02.933317 /GIM/HyperV/2/Stimer3_Fired                        0 times
00:07:02.933323 /GMM/ChunkTlbHits                              58103 times
00:07:02.933329 /GMM/ChunkTlbMisses                               70 times
00:07:02.933353 /GMM/VM/Allocated/cBasePages                   20187 pages
00:07:02.933359 /GMM/VM/Allocated/cFixedPages                      0 pages
00:07:02.933364 /GMM/VM/Allocated/cShadowPages                     0 pages
00:07:02.933370 /GMM/VM/Reserved/cBasePages                  1050403 pages
00:07:02.933376 /GMM/VM/Reserved/cFixedPages                   34310 pages
00:07:02.933381 /GMM/VM/Reserved/cShadowPages                      1 pages
00:07:02.933387 /GMM/VM/cBalloonedPages                            0 pages
00:07:02.933393 /GMM/VM/cMaxBalloonedPages                         0 pages
00:07:02.933400 /GMM/VM/cPrivatePages                          20187 pages
00:07:02.933408 /GMM/VM/cReqActuallyBalloonedPages                 0 pages
00:07:02.933415 /GMM/VM/cReqBalloonedPages                         0 pages
00:07:02.933424 /GMM/VM/cReqDeflatePages                           0 pages
00:07:02.933432 /GMM/VM/cShareableModules                          0 count
00:07:02.933440 /GMM/VM/cSharedPages                               0 pages
00:07:02.933448 /GMM/VM/enmPolicy                                  1 
00:07:02.933456 /GMM/VM/enmPriority                                2 
00:07:02.933464 /GMM/VM/fBallooningEnabled                 false    
00:07:02.933471 /GMM/VM/fMayAllocate                       true     
00:07:02.933478 /GMM/VM/fSharedPagingEnabled               false    
00:07:02.933486 /GMM/cAllocatedPages                           20187 pages
00:07:02.933493 /GMM/cBalloonedPages                               0 pages
00:07:02.933500 /GMM/cChunks                                      40 count
00:07:02.933508 /GMM/cDuplicatePages                               0 pages
00:07:02.933515 /GMM/cFreedChunks                                  0 count
00:07:02.933523 /GMM/cLeftBehindSharedPages                        0 pages
00:07:02.933530 /GMM/cMaxPages                             4294967295 pages
00:07:02.933538 /GMM/cOverCommittedPages                           0 pages
00:07:02.933546 /GMM/cReservedPages                          1084714 pages
00:07:02.933553 /GMM/cShareableModules                             0 count
00:07:02.933561 /GMM/cSharedPages                                  0 pages
00:07:02.933568 /GMM/idFreeGeneration                      4611686018427387775 
00:07:02.933847 /GVMM/EMTs                                         3 count
00:07:02.933865 /GVMM/HostCPUs                                     8 count
00:07:02.933873 /GVMM/HostCpus/0                                   0 
00:07:02.933880 /GVMM/HostCpus/0/CurTimerHz                        0 Hz
00:07:02.933887 /GVMM/HostCpus/0/DesiredHz                         0 Hz
00:07:02.933894 /GVMM/HostCpus/0/PPTChanges                        0 times
00:07:02.933902 /GVMM/HostCpus/0/PPTStarts                         2 times
00:07:02.933909 /GVMM/HostCpus/0/idxCpuSet                         0 
00:07:02.933916 /GVMM/HostCpus/1                                   1 
00:07:02.933924 /GVMM/HostCpus/1/CurTimerHz                        0 Hz
00:07:02.933931 /GVMM/HostCpus/1/DesiredHz                         0 Hz
00:07:02.933939 /GVMM/HostCpus/1/PPTChanges                        0 times
00:07:02.933946 /GVMM/HostCpus/1/PPTStarts                         2 times
00:07:02.933960 /GVMM/HostCpus/1/idxCpuSet                         1 
00:07:02.933972 /GVMM/HostCpus/2                                   2 
00:07:02.933979 /GVMM/HostCpus/2/CurTimerHz                        0 Hz
00:07:02.933987 /GVMM/HostCpus/2/DesiredHz                         0 Hz
00:07:02.933994 /GVMM/HostCpus/2/PPTChanges                        0 times
00:07:02.934001 /GVMM/HostCpus/2/PPTStarts                         2 times
00:07:02.934009 /GVMM/HostCpus/2/idxCpuSet                         2 
00:07:02.934016 /GVMM/HostCpus/3                                   3 
00:07:02.934023 /GVMM/HostCpus/3/CurTimerHz                        0 Hz
00:07:02.934030 /GVMM/HostCpus/3/DesiredHz                         0 Hz
00:07:02.934037 /GVMM/HostCpus/3/PPTChanges                        0 times
00:07:02.934044 /GVMM/HostCpus/3/PPTStarts                         4 times
00:07:02.934052 /GVMM/HostCpus/3/idxCpuSet                         3 
00:07:02.934059 /GVMM/HostCpus/4                                   4 
00:07:02.934066 /GVMM/HostCpus/4/CurTimerHz                        0 Hz
00:07:02.934073 /GVMM/HostCpus/4/DesiredHz                         0 Hz
00:07:02.934080 /GVMM/HostCpus/4/PPTChanges                        0 times
00:07:02.934087 /GVMM/HostCpus/4/PPTStarts                        10 times
00:07:02.934094 /GVMM/HostCpus/4/idxCpuSet                         4 
00:07:02.934101 /GVMM/HostCpus/5                                   5 
00:07:02.934109 /GVMM/HostCpus/5/CurTimerHz                        0 Hz
00:07:02.934116 /GVMM/HostCpus/5/DesiredHz                         0 Hz
00:07:02.934123 /GVMM/HostCpus/5/PPTChanges                        0 times
00:07:02.934130 /GVMM/HostCpus/5/PPTStarts                        25 times
00:07:02.934138 /GVMM/HostCpus/5/idxCpuSet                         5 
00:07:02.934145 /GVMM/HostCpus/6                                   6 
00:07:02.934152 /GVMM/HostCpus/6/CurTimerHz                        0 Hz
00:07:02.934160 /GVMM/HostCpus/6/DesiredHz                         0 Hz
00:07:02.934167 /GVMM/HostCpus/6/PPTChanges                        0 times
00:07:02.934174 /GVMM/HostCpus/6/PPTStarts                        13 times
00:07:02.934181 /GVMM/HostCpus/6/idxCpuSet                         6 
00:07:02.934188 /GVMM/HostCpus/7                                   7 
00:07:02.934196 /GVMM/HostCpus/7/CurTimerHz                        0 Hz
00:07:02.934203 /GVMM/HostCpus/7/DesiredHz                         0 Hz
00:07:02.934210 /GVMM/HostCpus/7/PPTChanges                        0 times
00:07:02.934217 /GVMM/HostCpus/7/PPTStarts                        15 times
00:07:02.934224 /GVMM/HostCpus/7/idxCpuSet                         7 
00:07:02.934232 /GVMM/Sum/HaltBlocking                        107415 calls
00:07:02.934240 /GVMM/Sum/HaltCalls                           107218 calls
00:07:02.934247 /GVMM/Sum/HaltNotBlocking                         14 calls
00:07:02.934255 /GVMM/Sum/HaltTimeouts                         62000 calls
00:07:02.934262 /GVMM/Sum/HaltWakeUps                              0 calls
00:07:02.934270 /GVMM/Sum/PokeCalls                              257 calls
00:07:02.934278 /GVMM/Sum/PokeNotBusy                             54 calls
00:07:02.934285 /GVMM/Sum/PollCalls                                2 calls
00:07:02.934293 /GVMM/Sum/PollHalts                                0 calls
00:07:02.934300 /GVMM/Sum/PollWakeUps                              0 calls
00:07:02.934308 /GVMM/Sum/WakeUpCalls                          45427 calls
00:07:02.934315 /GVMM/Sum/WakeUpNotHalted                         51 calls
00:07:02.934323 /GVMM/Sum/WakeUpWakeUps                            0 calls
00:07:02.934330 /GVMM/VCpus/0/Start                                0 ticks/call (           0 ticks,       0 calls, max         0, min       0)
00:07:02.934331 /GVMM/VCpus/0/Stop                                 0 ticks/call (           0 ticks,       0 calls, max         0, min       0)
00:07:02.934331 /GVMM/VCpus/0/cWakeUpTimerCanceled                 0 times
00:07:02.934331 /GVMM/VCpus/0/cWakeUpTimerHits                     0 times
00:07:02.934331 /GVMM/VCpus/0/cWakeUpTimerMisses                   0 times
00:07:02.934331 /GVMM/VCpus/0/cWakeUpTimerSameCpu                  0 times
00:07:02.934331 /GVMM/VCpus/1/Start                                0 ticks/call (           0 ticks,       0 calls, max         0, min       0)
00:07:02.934331 /GVMM/VCpus/1/Stop                                 0 ticks/call (           0 ticks,       0 calls, max         0, min       0)
00:07:02.934331 /GVMM/VCpus/1/cWakeUpTimerCanceled                 0 times
00:07:02.934331 /GVMM/VCpus/1/cWakeUpTimerHits                     0 times
00:07:02.934331 /GVMM/VCpus/1/cWakeUpTimerMisses                   0 times
00:07:02.934331 /GVMM/VCpus/1/cWakeUpTimerSameCpu                  0 times
00:07:02.934331 /GVMM/VCpus/2/Start                                0 ticks/call (           0 ticks,       0 calls, max         0, min       0)
00:07:02.934331 /GVMM/VCpus/2/Stop                                 0 ticks/call (           0 ticks,       0 calls, max         0, min       0)
00:07:02.934331 /GVMM/VCpus/2/cWakeUpTimerCanceled                 0 times
00:07:02.934331 /GVMM/VCpus/2/cWakeUpTimerHits                     0 times
00:07:02.934331 /GVMM/VCpus/2/cWakeUpTimerMisses                   0 times
00:07:02.934331 /GVMM/VCpus/2/cWakeUpTimerSameCpu                  0 times
00:07:02.934331 /GVMM/VM/HaltBlocking                         107415 calls
00:07:02.934331 /GVMM/VM/HaltCalls                            107218 calls
00:07:02.934331 /GVMM/VM/HaltNotBlocking                          14 calls
00:07:02.934331 /GVMM/VM/HaltTimeouts                          62000 calls
00:07:02.934331 /GVMM/VM/HaltWakeUps                               0 calls
00:07:02.934331 /GVMM/VM/PokeCalls                               257 calls
00:07:02.934331 /GVMM/VM/PokeNotBusy                              54 calls
00:07:02.934331 /GVMM/VM/PollCalls                                 2 calls
00:07:02.934331 /GVMM/VM/PollHalts                                 0 calls
00:07:02.934331 /GVMM/VM/PollWakeUps                               0 calls
00:07:02.934331 /GVMM/VM/WakeUpCalls                           45427 calls
00:07:02.934331 /GVMM/VM/WakeUpNotHalted                          51 calls
00:07:02.934331 /GVMM/VM/WakeUpWakeUps                             0 calls
00:07:02.934331 /GVMM/VMs                                          1 count
00:07:02.934331 /HGCM/FailedPageListLocking                        0 count
00:07:02.934331 /HGCM/LargeCmdAllocs                               0 count
00:07:02.934331 /HGCM/MsgArrival                                   0 ticks/call (           0 ticks,       0 calls, max         0, min      -1)
00:07:02.934331 /HGCM/MsgCompletion                                0 ticks/call (           0 ticks,       0 calls, max         0, min      -1)
00:07:02.934331 /HGCM/MsgTotal                                     0 ticks/call (           0 ticks,       0 calls, max         0, min      -1)
00:07:02.934331 /HM/CPU0/Exit/HostNmiInGC                          0 times
00:07:02.934331 /HM/CPU0/Exit/HostNmiInGCIpi                       0 times
00:07:02.934331 /HM/CPU0/Exit/PreemptTimer                         0 times
00:07:02.934331 /HM/CPU0/Exit/Trap/Gst/#AC                         0 times
00:07:02.934331 /HM/CPU0/ImportGuestStateFallback                  0 times
00:07:02.934331 /HM/CPU0/ReadToTransientFallback                   0 times
00:07:02.934331 /HM/CPU0/Switch/Preempting                      1164 times
00:07:02.934331 /HM/CPU1/Exit/HostNmiInGC                          0 times
00:07:02.934331 /HM/CPU1/Exit/HostNmiInGCIpi                       0 times
00:07:02.934331 /HM/CPU1/Exit/PreemptTimer                         0 times
00:07:02.934331 /HM/CPU1/Exit/Trap/Gst/#AC                         0 times
00:07:02.934331 /HM/CPU1/ImportGuestStateFallback                  0 times
00:07:02.934331 /HM/CPU1/ReadToTransientFallback                   0 times
00:07:02.934331 /HM/CPU1/Switch/Preempting                         0 times
00:07:02.934331 /HM/CPU2/Exit/HostNmiInGC                          0 times
00:07:02.934331 /HM/CPU2/Exit/HostNmiInGCIpi                       0 times
00:07:02.934331 /HM/CPU2/Exit/PreemptTimer                         0 times
00:07:02.934331 /HM/CPU2/Exit/Trap/Gst/#AC                         0 times
00:07:02.934331 /HM/CPU2/ImportGuestStateFallback                  0 times
00:07:02.934331 /HM/CPU2/ReadToTransientFallback                   0 times
00:07:02.934331 /HM/CPU2/Switch/Preempting                         0 times
00:07:02.934850 /IEM/CPU0/Tlb/Code/InvlPg                          0 
00:07:02.934857 /IEM/CPU0/Tlb/Code/InvlPg/LargeGlobal              0 
00:07:02.934865 /IEM/CPU0/Tlb/Code/InvlPg/LargeNonGlobal           0 
00:07:02.934872 /IEM/CPU0/Tlb/Code/LargePageGlobalCurLoads         0 count
00:07:02.934879 /IEM/CPU0/Tlb/Code/LargePageGlobalFirstTag ffffffffffffffff count
00:07:02.934886 /IEM/CPU0/Tlb/Code/LargePageGlobalLastTag          0 count
00:07:02.934892 /IEM/CPU0/Tlb/Code/LargePageNonGlobalCurLoads         0 count
00:07:02.934899 /IEM/CPU0/Tlb/Code/LargePageNonGlobalFirstTag ffffffffffffffff count
00:07:02.934907 /IEM/CPU0/Tlb/Code/LargePageNonGlobalLastTag         0 count
00:07:02.934914 /IEM/CPU0/Tlb/Code/Misses                          0 count
00:07:02.934921 /IEM/CPU0/Tlb/Code/Misses/GlobalLoads              0 count
00:07:02.934929 /IEM/CPU0/Tlb/Code/PhysicalRevision        fffffffffffce000 
00:07:02.934937 /IEM/CPU0/Tlb/Code/PhysicalRevisionFlushes         0 
00:07:02.934944 /IEM/CPU0/Tlb/Code/PhysicalRevisionRollovers         0 
00:07:02.934951 /IEM/CPU0/Tlb/Code/RevisionGlobal          fffff38000000000 
00:07:02.934958 /IEM/CPU0/Tlb/Code/RevisionGlobalFlushes           0 
00:07:02.934965 /IEM/CPU0/Tlb/Code/RevisionNonGlobal       fffff38000000000 
00:07:02.934973 /IEM/CPU0/Tlb/Code/RevisionNonGlobalFlushes         0 
00:07:02.934980 /IEM/CPU0/Tlb/Code/RevisionRollovers               0 
00:07:02.934987 /IEM/CPU0/Tlb/Code/SlowReads                       0 count
00:07:02.934994 /IEM/CPU0/Tlb/Data/InvlPg                          0 
00:07:02.935001 /IEM/CPU0/Tlb/Data/InvlPg/LargeGlobal              0 
00:07:02.935008 /IEM/CPU0/Tlb/Data/InvlPg/LargeNonGlobal           0 
00:07:02.935015 /IEM/CPU0/Tlb/Data/LargePageGlobalCurLoads         0 count
00:07:02.935022 /IEM/CPU0/Tlb/Data/LargePageGlobalFirstTag ffffffffffffffff count
00:07:02.935029 /IEM/CPU0/Tlb/Data/LargePageGlobalLastTag          0 count
00:07:02.935035 /IEM/CPU0/Tlb/Data/LargePageNonGlobalCurLoads         0 count
00:07:02.935042 /IEM/CPU0/Tlb/Data/LargePageNonGlobalFirstTag ffffffffffffffff count
00:07:02.935051 /IEM/CPU0/Tlb/Data/LargePageNonGlobalLastTag         0 count
00:07:02.935059 /IEM/CPU0/Tlb/Data/Misses                          0 count
00:07:02.935066 /IEM/CPU0/Tlb/Data/Misses/Core                     0 count
00:07:02.935072 /IEM/CPU0/Tlb/Data/Misses/Core/GlobalLoads         0 count
00:07:02.935079 /IEM/CPU0/Tlb/Data/Misses/Safe                     0 count
00:07:02.935087 /IEM/CPU0/Tlb/Data/Misses/Safe/Reads               0 count
00:07:02.935093 /IEM/CPU0/Tlb/Data/Misses/Safe/SubPartHits         0 count
00:07:02.935100 /IEM/CPU0/Tlb/Data/Misses/Safe/SubPartMisses         0 count
00:07:02.935107 /IEM/CPU0/Tlb/Data/Misses/Safe/SubPartMisses/GlobalLoads         0 count
00:07:02.935113 /IEM/CPU0/Tlb/Data/Misses/Safe/Writes              0 count
00:07:02.935120 /IEM/CPU0/Tlb/Data/PhysicalRevision        fffffffffffce000 
00:07:02.935127 /IEM/CPU0/Tlb/Data/PhysicalRevisionFlushes         0 
00:07:02.935134 /IEM/CPU0/Tlb/Data/PhysicalRevisionRollovers         0 
00:07:02.935141 /IEM/CPU0/Tlb/Data/RevisionGlobal          fffff38000000000 
00:07:02.935147 /IEM/CPU0/Tlb/Data/RevisionGlobalFlushes           0 
00:07:02.935154 /IEM/CPU0/Tlb/Data/RevisionNonGlobal       fffff38000000000 
00:07:02.935161 /IEM/CPU0/Tlb/Data/RevisionNonGlobalFlushes         0 
00:07:02.935365 /IEM/CPU0/Tlb/Data/RevisionRollovers               0 
00:07:02.935373 /IEM/CPU0/cInstructions                       879509 count
00:07:02.935670 /IEM/CPU0/cLongJumps                             420 bytes
00:07:02.935703 /IEM/CPU0/cMisalignedAtomics                       0 count
00:07:02.935711 /IEM/CPU0/cPendingCommit                           0 count
00:07:02.935719 /IEM/CPU0/cPotentialExits                     234017 count
00:07:02.935727 /IEM/CPU0/cRetAspectNotImplemented                 0 count
00:07:02.935734 /IEM/CPU0/cRetErrStatuses                          0 count
00:07:02.935742 /IEM/CPU0/cRetInfStatuses                      39845 count
00:07:02.935749 /IEM/CPU0/cRetInstrNotImplemented                  0 count
00:07:02.935781 /IEM/CPU1/Tlb/Code/InvlPg                          0 
00:07:02.935812 /IEM/CPU1/Tlb/Code/InvlPg/LargeGlobal              0 
00:07:02.935819 /IEM/CPU1/Tlb/Code/InvlPg/LargeNonGlobal           0 
00:07:02.935827 /IEM/CPU1/Tlb/Code/LargePageGlobalCurLoads         0 count
00:07:02.935834 /IEM/CPU1/Tlb/Code/LargePageGlobalFirstTag ffffffffffffffff count
00:07:02.935841 /IEM/CPU1/Tlb/Code/LargePageGlobalLastTag          0 count
00:07:02.935848 /IEM/CPU1/Tlb/Code/LargePageNonGlobalCurLoads         0 count
00:07:02.935855 /IEM/CPU1/Tlb/Code/LargePageNonGlobalFirstTag ffffffffffffffff count
00:07:02.935861 /IEM/CPU1/Tlb/Code/LargePageNonGlobalLastTag         0 count
00:07:02.935868 /IEM/CPU1/Tlb/Code/Misses                          0 count
00:07:02.935875 /IEM/CPU1/Tlb/Code/Misses/GlobalLoads              0 count
00:07:02.935881 /IEM/CPU1/Tlb/Code/PhysicalRevision        fffffffffffce000 
00:07:02.935888 /IEM/CPU1/Tlb/Code/PhysicalRevisionFlushes         0 
00:07:02.935895 /IEM/CPU1/Tlb/Code/PhysicalRevisionRollovers         0 
00:07:02.935902 /IEM/CPU1/Tlb/Code/RevisionGlobal          fffff38000000000 
00:07:02.935909 /IEM/CPU1/Tlb/Code/RevisionGlobalFlushes           0 
00:07:02.935915 /IEM/CPU1/Tlb/Code/RevisionNonGlobal       fffff38000000000 
00:07:02.935922 /IEM/CPU1/Tlb/Code/RevisionNonGlobalFlushes         0 
00:07:02.935928 /IEM/CPU1/Tlb/Code/RevisionRollovers               0 
00:07:02.935935 /IEM/CPU1/Tlb/Code/SlowReads                       0 count
00:07:02.935942 /IEM/CPU1/Tlb/Data/InvlPg                          0 
00:07:02.935949 /IEM/CPU1/Tlb/Data/InvlPg/LargeGlobal              0 
00:07:02.935955 /IEM/CPU1/Tlb/Data/InvlPg/LargeNonGlobal           0 
00:07:02.935962 /IEM/CPU1/Tlb/Data/LargePageGlobalCurLoads         0 count
00:07:02.935968 /IEM/CPU1/Tlb/Data/LargePageGlobalFirstTag ffffffffffffffff count
00:07:02.935975 /IEM/CPU1/Tlb/Data/LargePageGlobalLastTag          0 count
00:07:02.935981 /IEM/CPU1/Tlb/Data/LargePageNonGlobalCurLoads         0 count
00:07:02.935988 /IEM/CPU1/Tlb/Data/LargePageNonGlobalFirstTag ffffffffffffffff count
00:07:02.935994 /IEM/CPU1/Tlb/Data/LargePageNonGlobalLastTag         0 count
00:07:02.936002 /IEM/CPU1/Tlb/Data/Misses                          0 count
00:07:02.936009 /IEM/CPU1/Tlb/Data/Misses/Core                     0 count
00:07:02.936015 /IEM/CPU1/Tlb/Data/Misses/Core/GlobalLoads         0 count
00:07:02.936022 /IEM/CPU1/Tlb/Data/Misses/Safe                     0 count
00:07:02.936029 /IEM/CPU1/Tlb/Data/Misses/Safe/Reads               0 count
00:07:02.936036 /IEM/CPU1/Tlb/Data/Misses/Safe/SubPartHits         0 count
00:07:02.936043 /IEM/CPU1/Tlb/Data/Misses/Safe/SubPartMisses         0 count
00:07:02.936049 /IEM/CPU1/Tlb/Data/Misses/Safe/SubPartMisses/GlobalLoads         0 count
00:07:02.936056 /IEM/CPU1/Tlb/Data/Misses/Safe/Writes              0 count
00:07:02.936062 /IEM/CPU1/Tlb/Data/PhysicalRevision        fffffffffffce000 
00:07:02.936070 /IEM/CPU1/Tlb/Data/PhysicalRevisionFlushes         0 
00:07:02.936076 /IEM/CPU1/Tlb/Data/PhysicalRevisionRollovers         0 
00:07:02.936083 /IEM/CPU1/Tlb/Data/RevisionGlobal          fffff38000000000 
00:07:02.936090 /IEM/CPU1/Tlb/Data/RevisionGlobalFlushes           0 
00:07:02.936097 /IEM/CPU1/Tlb/Data/RevisionNonGlobal       fffff38000000000 
00:07:02.936104 /IEM/CPU1/Tlb/Data/RevisionNonGlobalFlushes         0 
00:07:02.936111 /IEM/CPU1/Tlb/Data/RevisionRollovers               0 
00:07:02.936125 /IEM/CPU1/cInstructions                          344 count
00:07:02.936135 /IEM/CPU1/cLongJumps                               0 bytes
00:07:02.936143 /IEM/CPU1/cMisalignedAtomics                       0 count
00:07:02.936151 /IEM/CPU1/cPendingCommit                           0 count
00:07:02.936166 /IEM/CPU1/cPotentialExits                          0 count
00:07:02.936176 /IEM/CPU1/cRetAspectNotImplemented                 0 count
00:07:02.936183 /IEM/CPU1/cRetErrStatuses                          0 count
00:07:02.936190 /IEM/CPU1/cRetInfStatuses                         17 count
00:07:02.936197 /IEM/CPU1/cRetInstrNotImplemented                  0 count
00:07:02.936225 /IEM/CPU2/Tlb/Code/InvlPg                          0 
00:07:02.936233 /IEM/CPU2/Tlb/Code/InvlPg/LargeGlobal              0 
00:07:02.936240 /IEM/CPU2/Tlb/Code/InvlPg/LargeNonGlobal           0 
00:07:02.936246 /IEM/CPU2/Tlb/Code/LargePageGlobalCurLoads         0 count
00:07:02.936253 /IEM/CPU2/Tlb/Code/LargePageGlobalFirstTag ffffffffffffffff count
00:07:02.936259 /IEM/CPU2/Tlb/Code/LargePageGlobalLastTag          0 count
00:07:02.936266 /IEM/CPU2/Tlb/Code/LargePageNonGlobalCurLoads         0 count
00:07:02.936273 /IEM/CPU2/Tlb/Code/LargePageNonGlobalFirstTag ffffffffffffffff count
00:07:02.936280 /IEM/CPU2/Tlb/Code/LargePageNonGlobalLastTag         0 count
00:07:02.936287 /IEM/CPU2/Tlb/Code/Misses                          0 count
00:07:02.936294 /IEM/CPU2/Tlb/Code/Misses/GlobalLoads              0 count
00:07:02.936300 /IEM/CPU2/Tlb/Code/PhysicalRevision        fffffffffffce000 
00:07:02.936306 /IEM/CPU2/Tlb/Code/PhysicalRevisionFlushes         0 
00:07:02.936311 /IEM/CPU2/Tlb/Code/PhysicalRevisionRollovers         0 
00:07:02.936316 /IEM/CPU2/Tlb/Code/RevisionGlobal          fffff38000000000 
00:07:02.936321 /IEM/CPU2/Tlb/Code/RevisionGlobalFlushes           0 
00:07:02.936326 /IEM/CPU2/Tlb/Code/RevisionNonGlobal       fffff38000000000 
00:07:02.936331 /IEM/CPU2/Tlb/Code/RevisionNonGlobalFlushes         0 
00:07:02.936336 /IEM/CPU2/Tlb/Code/RevisionRollovers               0 
00:07:02.936341 /IEM/CPU2/Tlb/Code/SlowReads                       0 count
00:07:02.936347 /IEM/CPU2/Tlb/Data/InvlPg                          0 
00:07:02.936352 /IEM/CPU2/Tlb/Data/InvlPg/LargeGlobal              0 
00:07:02.936357 /IEM/CPU2/Tlb/Data/InvlPg/LargeNonGlobal           0 
00:07:02.936362 /IEM/CPU2/Tlb/Data/LargePageGlobalCurLoads         0 count
00:07:02.936367 /IEM/CPU2/Tlb/Data/LargePageGlobalFirstTag ffffffffffffffff count
00:07:02.936372 /IEM/CPU2/Tlb/Data/LargePageGlobalLastTag          0 count
00:07:02.936377 /IEM/CPU2/Tlb/Data/LargePageNonGlobalCurLoads         0 count
00:07:02.936382 /IEM/CPU2/Tlb/Data/LargePageNonGlobalFirstTag ffffffffffffffff count
00:07:02.936387 /IEM/CPU2/Tlb/Data/LargePageNonGlobalLastTag         0 count
00:07:02.936393 /IEM/CPU2/Tlb/Data/Misses                          0 count
00:07:02.936398 /IEM/CPU2/Tlb/Data/Misses/Core                     0 count
00:07:02.936403 /IEM/CPU2/Tlb/Data/Misses/Core/GlobalLoads         0 count
00:07:02.936409 /IEM/CPU2/Tlb/Data/Misses/Safe                     0 count
00:07:02.936414 /IEM/CPU2/Tlb/Data/Misses/Safe/Reads               0 count
00:07:02.936419 /IEM/CPU2/Tlb/Data/Misses/Safe/SubPartHits         0 count
00:07:02.936425 /IEM/CPU2/Tlb/Data/Misses/Safe/SubPartMisses         0 count
00:07:02.936432 /IEM/CPU2/Tlb/Data/Misses/Safe/SubPartMisses/GlobalLoads         0 count
00:07:02.936439 /IEM/CPU2/Tlb/Data/Misses/Safe/Writes              0 count
00:07:02.936446 /IEM/CPU2/Tlb/Data/PhysicalRevision        fffffffffffce000 
00:07:02.936454 /IEM/CPU2/Tlb/Data/PhysicalRevisionFlushes         0 
00:07:02.936461 /IEM/CPU2/Tlb/Data/PhysicalRevisionRollovers         0 
00:07:02.936468 /IEM/CPU2/Tlb/Data/RevisionGlobal          fffff38000000000 
00:07:02.936475 /IEM/CPU2/Tlb/Data/RevisionGlobalFlushes           0 
00:07:02.936482 /IEM/CPU2/Tlb/Data/RevisionNonGlobal       fffff38000000000 
00:07:02.936489 /IEM/CPU2/Tlb/Data/RevisionNonGlobalFlushes         0 
00:07:02.936502 /IEM/CPU2/Tlb/Data/RevisionRollovers               0 
00:07:02.936514 /IEM/CPU2/cInstructions                          344 count
00:07:02.936522 /IEM/CPU2/cLongJumps                               0 bytes
00:07:02.936530 /IEM/CPU2/cMisalignedAtomics                       0 count
00:07:02.936537 /IEM/CPU2/cPendingCommit                           0 count
00:07:02.936544 /IEM/CPU2/cPotentialExits                          0 count
00:07:02.936551 /IEM/CPU2/cRetAspectNotImplemented                 0 count
00:07:02.936558 /IEM/CPU2/cRetErrStatuses                          0 count
00:07:02.936564 /IEM/CPU2/cRetInfStatuses                         17 count
00:07:02.936571 /IEM/CPU2/cRetInstrNotImplemented                  0 count
00:07:02.936579 /IOM/MmioMappingsStale                             0 ticks/call
00:07:02.936586 /IOM/MmioTooDeepRecursion                          0 times
00:07:02.936594 /PDM/BlkCache/cbCached                             0 bytes
00:07:02.936601 /PDM/BlkCache/cbCachedFru                          0 bytes
00:07:02.936608 /PDM/BlkCache/cbCachedMruIn                        0 bytes
00:07:02.936614 /PDM/BlkCache/cbCachedMruOut                       0 bytes
00:07:02.936621 /PDM/BlkCache/cbMax                          5242880 bytes
00:07:02.936627 /PDM/CritSects/00-AbortedEnters                    0 times
00:07:02.936633 /PDM/CritSects/00-EntersWhileAborting              0 times
00:07:02.936640 /PDM/CritSects/00-Non-interruptible-Waits-VINF_SUCCESS         0 times
00:07:02.936647 /PDM/CritSects/00-QueuedLeaves                     0 times
00:07:02.936654 /PDM/CritSects/00-VERR_INTERRUPTED                 0 times
00:07:02.936661 /PDM/CritSects/00-VERR_TIMEOUT                     0 times
00:07:02.936668 /PDM/CritSects/8237A#0Auto/ContentionR3            0 times
00:07:02.936675 /PDM/CritSects/8237A#0Auto/ContentionR3Wait         0 ticks/time (           0 ticks,       0 times, max         0, min      -1)
00:07:02.936683 /PDM/CritSects/8237A#0Auto/ContentionRZLock         0 times
00:07:02.936690 /PDM/CritSects/8237A#0Auto/ContentionRZLockBusy         0 times
00:07:02.936697 /PDM/CritSects/8237A#0Auto/ContentionRZUnlock         0 times
00:07:02.936704 /PDM/CritSects/8237A#0Auto/ContentionRZWait         0 ticks/time (           0 ticks,       0 times, max         0, min      -1)
00:07:02.936713 /PDM/CritSects/AHCI#0/ContentionR3                 0 times
00:07:02.936720 /PDM/CritSects/AHCI#0/ContentionR3Wait             0 ticks/time (           0 ticks,       0 times, max         0, min      -1)
00:07:02.936728 /PDM/CritSects/AHCI#0/ContentionRZLock             0 times
00:07:02.936736 /PDM/CritSects/AHCI#0/ContentionRZLockBusy         0 times
00:07:02.936743 /PDM/CritSects/AHCI#0/ContentionRZUnlock           0 times
00:07:02.936750 /PDM/CritSects/AHCI#0/ContentionRZWait             0 ticks/time (           0 ticks,       0 times, max         0, min      -1)
00:07:02.936758 /PDM/CritSects/E1000#0/ContentionR3                0 times
00:07:02.936796 /PDM/CritSects/E1000#0/ContentionR3Wait            0 ticks/time (           0 ticks,       0 times, max         0, min      -1)
00:07:02.936805 /PDM/CritSects/E1000#0/ContentionRZLock            0 times
00:07:02.936812 /PDM/CritSects/E1000#0/ContentionRZLockBusy         0 times
00:07:02.936819 /PDM/CritSects/E1000#0/ContentionRZUnlock          0 times
00:07:02.936826 /PDM/CritSects/E1000#0/ContentionRZWait            0 ticks/time (           0 ticks,       0 times, max         0, min      -1)
00:07:02.936833 /PDM/CritSects/E1000#0RX/ContentionR3              0 times
00:07:02.936840 /PDM/CritSects/E1000#0RX/ContentionR3Wait          0 ticks/time (           0 ticks,       0 times, max         0, min      -1)
00:07:02.936849 /PDM/CritSects/E1000#0RX/ContentionRZLock          0 times
00:07:02.936855 /PDM/CritSects/E1000#0RX/ContentionRZLockBusy         0 times
00:07:02.936863 /PDM/CritSects/E1000#0RX/ContentionRZUnlock         0 times
00:07:02.936870 /PDM/CritSects/E1000#0RX/ContentionRZWait          0 ticks/time (           0 ticks,       0 times, max         0, min      -1)
00:07:02.936887 /PDM/CritSects/E1000#0TX/ContentionR3              0 times
00:07:02.936900 /PDM/CritSects/E1000#0TX/ContentionR3Wait          0 ticks/time (           0 ticks,       0 times, max         0, min      -1)
00:07:02.936909 /PDM/CritSects/E1000#0TX/ContentionRZLock          0 times
00:07:02.936916 /PDM/CritSects/E1000#0TX/ContentionRZLockBusy         0 times
00:07:02.936923 /PDM/CritSects/E1000#0TX/ContentionRZUnlock         0 times
00:07:02.936930 /PDM/CritSects/E1000#0TX/ContentionRZWait          0 ticks/time (           0 ticks,       0 times, max         0, min      -1)
00:07:02.936938 /PDM/CritSects/GIMDev#0Auto/ContentionR3           0 times
00:07:02.936945 /PDM/CritSects/GIMDev#0Auto/ContentionR3Wait         0 ticks/time (           0 ticks,       0 times, max         0, min      -1)
00:07:02.936952 /PDM/CritSects/GIMDev#0Auto/ContentionRZLock         0 times
00:07:02.936959 /PDM/CritSects/GIMDev#0Auto/ContentionRZLockBusy         0 times
00:07:02.936966 /PDM/CritSects/GIMDev#0Auto/ContentionRZUnlock         0 times
00:07:02.936973 /PDM/CritSects/GIMDev#0Auto/ContentionRZWait         0 ticks/time (           0 ticks,       0 times, max         0, min      -1)
00:07:02.936981 /PDM/CritSects/HDA/ContentionR3                    0 times
00:07:02.936988 /PDM/CritSects/HDA/ContentionR3Wait                0 ticks/time (           0 ticks,       0 times, max         0, min      -1)
00:07:02.936996 /PDM/CritSects/HDA/ContentionRZLock                0 times
00:07:02.937003 /PDM/CritSects/HDA/ContentionRZLockBusy            0 times
00:07:02.937011 /PDM/CritSects/HDA/ContentionRZUnlock              0 times
00:07:02.937018 /PDM/CritSects/HDA/ContentionRZWait                0 ticks/time (           0 ticks,       0 times, max         0, min      -1)
00:07:02.937026 /PDM/CritSects/NOP/ContentionR3                    0 times
00:07:02.937034 /PDM/CritSects/NOP/ContentionR3Wait                0 ticks/time (           0 ticks,       0 times, max         0, min      -1)
00:07:02.937041 /PDM/CritSects/NOP/ContentionRZLock                0 times
00:07:02.937049 /PDM/CritSects/NOP/ContentionRZLockBusy            0 times
00:07:02.937056 /PDM/CritSects/NOP/ContentionRZUnlock              0 times
00:07:02.937063 /PDM/CritSects/NOP/ContentionRZWait                0 ticks/time (           0 ticks,       0 times, max         0, min      -1)
00:07:02.937070 /PDM/CritSects/PDM/ContentionR3                    8 times
00:07:02.937078 /PDM/CritSects/PDM/ContentionR3Wait            67428 ticks/time (      539427 ticks,       8 times, max     97020, min   38458)
00:07:02.937087 /PDM/CritSects/PDM/ContentionRZLock                0 times
00:07:02.937094 /PDM/CritSects/PDM/ContentionRZLockBusy            0 times
00:07:02.937102 /PDM/CritSects/PDM/ContentionRZUnlock              0 times
00:07:02.937108 /PDM/CritSects/PDM/ContentionRZWait                0 ticks/time (           0 ticks,       0 times, max         0, min      -1)
00:07:02.937117 /PDM/CritSects/PGM/ContentionR3                   18 times
00:07:02.937124 /PDM/CritSects/PGM/ContentionR3Wait          2723872 ticks/time (    49029697 ticks,      18 times, max  24351125, min   10556)
00:07:02.937133 /PDM/CritSects/PGM/ContentionRZLock              234 times
00:07:02.937141 /PDM/CritSects/PGM/ContentionRZLockBusy            0 times
00:07:02.937148 /PDM/CritSects/PGM/ContentionRZUnlock              0 times
00:07:02.937154 /PDM/CritSects/PGM/ContentionRZWait           286212 ticks/time (    66973634 ticks,     234 times, max   4159443, min   32928)
00:07:02.937163 /PDM/CritSects/TM VirtualSync Lock/ContentionR3         7 times
00:07:02.937170 /PDM/CritSects/TM VirtualSync Lock/ContentionR3Wait     82899 ticks/time (      580298 ticks,       7 times, max    103939, min   56739)
00:07:02.937178 /PDM/CritSects/TM VirtualSync Lock/ContentionRZLock         0 times
00:07:02.937184 /PDM/CritSects/TM VirtualSync Lock/ContentionRZLockBusy         0 times
00:07:02.937197 /PDM/CritSects/TM VirtualSync Lock/ContentionRZUnlock         0 times
00:07:02.937207 /PDM/CritSects/TM VirtualSync Lock/ContentionRZWait         0 ticks/time (           0 ticks,       0 times, max         0, min      -1)
00:07:02.937216 /PDM/CritSects/TM real queue timer lock/ContentionR3         0 times
00:07:02.937223 /PDM/CritSects/TM real queue timer lock/ContentionR3Wait         0 ticks/time (           0 ticks,       0 times, max         0, min      -1)
00:07:02.937231 /PDM/CritSects/TM real queue timer lock/ContentionRZLock         0 times
00:07:02.937238 /PDM/CritSects/TM real queue timer lock/ContentionRZLockBusy         0 times
00:07:02.937245 /PDM/CritSects/TM real queue timer lock/ContentionRZUnlock         0 times
00:07:02.937253 /PDM/CritSects/TM real queue timer lock/ContentionRZWait         0 ticks/time (           0 ticks,       0 times, max         0, min      -1)
00:07:02.937261 /PDM/CritSects/TM tsc queue timer lock/ContentionR3         0 times
00:07:02.937268 /PDM/CritSects/TM tsc queue timer lock/ContentionR3Wait         0 ticks/time (           0 ticks,       0 times, max         0, min      -1)
00:07:02.937276 /PDM/CritSects/TM tsc queue timer lock/ContentionRZLock         0 times
00:07:02.937283 /PDM/CritSects/TM tsc queue timer lock/ContentionRZLockBusy         0 times
00:07:02.937290 /PDM/CritSects/TM tsc queue timer lock/ContentionRZUnlock         0 times
00:07:02.937297 /PDM/CritSects/TM tsc queue timer lock/ContentionRZWait         0 ticks/time (           0 ticks,       0 times, max         0, min      -1)
00:07:02.937304 /PDM/CritSects/TM virtual queue timer lock/ContentionR3         5 times
00:07:02.937313 /PDM/CritSects/TM virtual queue timer lock/ContentionR3Wait     76384 ticks/time (       76384 ticks,       1 times, max     76384, min   76384)
00:07:02.937322 /PDM/CritSects/TM virtual queue timer lock/ContentionRZLock         0 times
00:07:02.937329 /PDM/CritSects/TM virtual queue timer lock/ContentionRZLockBusy         0 times
00:07:02.937336 /PDM/CritSects/TM virtual queue timer lock/ContentionRZUnlock         0 times
00:07:02.937343 /PDM/CritSects/TM virtual queue timer lock/ContentionRZWait         0 ticks/time (           0 ticks,       0 times, max         0, min      -1)
00:07:02.937351 /PDM/CritSects/TM virtual_sync queue timer lock/ContentionR3         0 times
00:07:02.937359 /PDM/CritSects/TM virtual_sync queue timer lock/ContentionR3Wait         0 ticks/time (           0 ticks,       0 times, max         0, min      -1)
00:07:02.937367 /PDM/CritSects/TM virtual_sync queue timer lock/ContentionRZLock         0 times
00:07:02.937374 /PDM/CritSects/TM virtual_sync queue timer lock/ContentionRZLockBusy         0 times
00:07:02.937381 /PDM/CritSects/TM virtual_sync queue timer lock/ContentionRZUnlock         0 times
00:07:02.937388 /PDM/CritSects/TM virtual_sync queue timer lock/ContentionRZWait         0 ticks/time (           0 ticks,       0 times, max         0, min      -1)
00:07:02.937396 /PDM/CritSects/VGA#0/ContentionR3                 66 times
00:07:02.937403 /PDM/CritSects/VGA#0/ContentionR3Wait        3889920 ticks/time (   256734733 ticks,      66 times, max  58897020, min  113374)
00:07:02.937412 /PDM/CritSects/VGA#0/ContentionRZLock              0 times
00:07:02.937419 /PDM/CritSects/VGA#0/ContentionRZLockBusy          0 times
00:07:02.937433 /PDM/CritSects/VGA#0/ContentionRZUnlock            0 times
00:07:02.937445 /PDM/CritSects/VGA#0/ContentionRZWait              0 ticks/time (           0 ticks,       0 times, max         0, min      -1)
00:07:02.937454 /PDM/CritSects/VGA#0_IRQ/ContentionR3              0 times
00:07:02.937461 /PDM/CritSects/VGA#0_IRQ/ContentionR3Wait          0 ticks/time (           0 ticks,       0 times, max         0, min      -1)
00:07:02.937469 /PDM/CritSects/VGA#0_IRQ/ContentionRZLock          0 times
00:07:02.937475 /PDM/CritSects/VGA#0_IRQ/ContentionRZLockBusy         0 times
00:07:02.937482 /PDM/CritSects/VGA#0_IRQ/ContentionRZUnlock         0 times
00:07:02.937489 /PDM/CritSects/VGA#0_IRQ/ContentionRZWait          0 ticks/time (           0 ticks,       0 times, max         0, min      -1)
00:07:02.937504 /PDM/CritSects/VMMDev#0/ContentionR3               0 times
00:07:02.937525 /PDM/CritSects/VMMDev#0/ContentionR3Wait           0 ticks/time (           0 ticks,       0 times, max         0, min      -1)
00:07:02.937534 /PDM/CritSects/VMMDev#0/ContentionRZLock           0 times
00:07:02.937541 /PDM/CritSects/VMMDev#0/ContentionRZLockBusy         0 times
00:07:02.937548 /PDM/CritSects/VMMDev#0/ContentionRZUnlock         0 times
00:07:02.937555 /PDM/CritSects/VMMDev#0/ContentionRZWait           0 ticks/time (           0 ticks,       0 times, max         0, min      -1)
00:07:02.937563 /PDM/CritSects/acpi#0/ContentionR3                 0 times
00:07:02.937570 /PDM/CritSects/acpi#0/ContentionR3Wait             0 ticks/time (           0 ticks,       0 times, max         0, min      -1)
00:07:02.937578 /PDM/CritSects/acpi#0/ContentionRZLock             0 times
00:07:02.937584 /PDM/CritSects/acpi#0/ContentionRZLockBusy         0 times
00:07:02.937591 /PDM/CritSects/acpi#0/ContentionRZUnlock           0 times
00:07:02.937598 /PDM/CritSects/acpi#0/ContentionRZWait             0 ticks/time (           0 ticks,       0 times, max         0, min      -1)
00:07:02.937613 /PDM/CritSects/efi#0Auto/ContentionR3              4 times
00:07:02.937625 /PDM/CritSects/efi#0Auto/ContentionR3Wait     151764 ticks/time (      607056 ticks,       4 times, max    175840, min   95972)
00:07:02.937632 /PDM/CritSects/efi#0Auto/ContentionRZLock          0 times
00:07:02.937638 /PDM/CritSects/efi#0Auto/ContentionRZLockBusy         0 times
00:07:02.937643 /PDM/CritSects/efi#0Auto/ContentionRZUnlock         0 times
00:07:02.937650 /PDM/CritSects/efi#0Auto/ContentionRZWait          0 ticks/time (           0 ticks,       0 times, max         0, min      -1)
00:07:02.937658 /PDM/CritSects/mc146818#0Auto/ContentionR3         0 times
00:07:02.937665 /PDM/CritSects/mc146818#0Auto/ContentionR3Wait         0 ticks/time (           0 ticks,       0 times, max         0, min      -1)
00:07:02.937672 /PDM/CritSects/mc146818#0Auto/ContentionRZLock         0 times
00:07:02.937679 /PDM/CritSects/mc146818#0Auto/ContentionRZLockBusy         0 times
00:07:02.937686 /PDM/CritSects/mc146818#0Auto/ContentionRZUnlock         0 times
00:07:02.937693 /PDM/CritSects/mc146818#0Auto/ContentionRZWait         0 ticks/time (           0 ticks,       0 times, max         0, min      -1)
00:07:02.937699 /PDM/CritSects/pcarch#0Auto/ContentionR3           0 times
00:07:02.937705 /PDM/CritSects/pcarch#0Auto/ContentionR3Wait         0 ticks/time (           0 ticks,       0 times, max         0, min      -1)
00:07:02.937711 /PDM/CritSects/pcarch#0Auto/ContentionRZLock         0 times
00:07:02.937716 /PDM/CritSects/pcarch#0Auto/ContentionRZLockBusy         0 times
00:07:02.937721 /PDM/CritSects/pcarch#0Auto/ContentionRZUnlock         0 times
00:07:02.937726 /PDM/CritSects/pcarch#0Auto/ContentionRZWait         0 ticks/time (           0 ticks,       0 times, max         0, min      -1)
00:07:02.937732 /PDM/CritSects/pckbd#0Auto/ContentionR3            1 times
00:07:02.937737 /PDM/CritSects/pckbd#0Auto/ContentionR3Wait     33348 ticks/time (       33348 ticks,       1 times, max     33348, min   33348)
00:07:02.937767 /PDM/CritSects/pckbd#0Auto/ContentionRZLock         1 times
00:07:02.937774 /PDM/CritSects/pckbd#0Auto/ContentionRZLockBusy         0 times
00:07:02.937782 /PDM/CritSects/pckbd#0Auto/ContentionRZUnlock         0 times
00:07:02.937789 /PDM/CritSects/pckbd#0Auto/ContentionRZWait    144107 ticks/time (      144107 ticks,       1 times, max    144107, min  144107)
00:07:02.937797 /PDM/CritSects/pit#0/ContentionR3                  0 times
00:07:02.937804 /PDM/CritSects/pit#0/ContentionR3Wait              0 ticks/time (           0 ticks,       0 times, max         0, min      -1)
00:07:02.937812 /PDM/CritSects/pit#0/ContentionRZLock              0 times
00:07:02.937819 /PDM/CritSects/pit#0/ContentionRZLockBusy          0 times
00:07:02.937833 /PDM/CritSects/pit#0/ContentionRZUnlock            0 times
00:07:02.937844 /PDM/CritSects/pit#0/ContentionRZWait              0 ticks/time (           0 ticks,       0 times, max         0, min      -1)
00:07:02.937852 /PDM/CritSects/tpm#0Auto/ContentionR3              0 times
00:07:02.937859 /PDM/CritSects/tpm#0Auto/ContentionR3Wait          0 ticks/time (           0 ticks,       0 times, max         0, min      -1)
00:07:02.937866 /PDM/CritSects/tpm#0Auto/ContentionRZLock         54 times
00:07:02.937873 /PDM/CritSects/tpm#0Auto/ContentionRZLockBusy         0 times
00:07:02.937880 /PDM/CritSects/tpm#0Auto/ContentionRZUnlock         0 times
00:07:02.937886 /PDM/CritSects/tpm#0Auto/ContentionRZWait    2503056 ticks/time (   135165072 ticks,      54 times, max  33031124, min   35868)
00:07:02.937895 /PDM/CritSects/tpm-ppi#0Auto/ContentionR3          0 times
00:07:02.937902 /PDM/CritSects/tpm-ppi#0Auto/ContentionR3Wait         0 ticks/time (           0 ticks,       0 times, max         0, min      -1)
00:07:02.937910 /PDM/CritSects/tpm-ppi#0Auto/ContentionRZLock         0 times
00:07:02.937917 /PDM/CritSects/tpm-ppi#0Auto/ContentionRZLockBusy         0 times
00:07:02.937924 /PDM/CritSects/tpm-ppi#0Auto/ContentionRZUnlock         0 times
00:07:02.937931 /PDM/CritSects/tpm-ppi#0Auto/ContentionRZWait         0 ticks/time (           0 ticks,       0 times, max         0, min      -1)
00:07:02.937939 /PDM/CritSects/usb-xhci#0Auto/ContentionR3         0 times
00:07:02.937945 /PDM/CritSects/usb-xhci#0Auto/ContentionR3Wait         0 ticks/time (           0 ticks,       0 times, max         0, min      -1)
00:07:02.937951 /PDM/CritSects/usb-xhci#0Auto/ContentionRZLock         0 times
00:07:02.937959 /PDM/CritSects/usb-xhci#0Auto/ContentionRZLockBusy         0 times
00:07:02.937966 /PDM/CritSects/usb-xhci#0Auto/ContentionRZUnlock         0 times
00:07:02.937973 /PDM/CritSects/usb-xhci#0Auto/ContentionRZWait         0 ticks/time (           0 ticks,       0 times, max         0, min      -1)
00:07:02.937993 /PDM/CritSects/xHCIIntr#0/ContentionR3             0 times
00:07:02.938001 /PDM/CritSects/xHCIIntr#0/ContentionR3Wait         0 ticks/time (           0 ticks,       0 times, max         0, min      -1)
00:07:02.938010 /PDM/CritSects/xHCIIntr#0/ContentionRZLock         0 times
00:07:02.938017 /PDM/CritSects/xHCIIntr#0/ContentionRZLockBusy         0 times
00:07:02.938024 /PDM/CritSects/xHCIIntr#0/ContentionRZUnlock         0 times
00:07:02.938031 /PDM/CritSects/xHCIIntr#0/ContentionRZWait         0 ticks/time (           0 ticks,       0 times, max         0, min      -1)
00:07:02.938039 /PDM/CritSects/xHCIIntr#1/ContentionR3             0 times
00:07:02.938046 /PDM/CritSects/xHCIIntr#1/ContentionR3Wait         0 ticks/time (           0 ticks,       0 times, max         0, min      -1)
00:07:02.938054 /PDM/CritSects/xHCIIntr#1/ContentionRZLock         0 times
00:07:02.938061 /PDM/CritSects/xHCIIntr#1/ContentionRZLockBusy         0 times
00:07:02.938068 /PDM/CritSects/xHCIIntr#1/ContentionRZUnlock         0 times
00:07:02.938075 /PDM/CritSects/xHCIIntr#1/ContentionRZWait         0 ticks/time (           0 ticks,       0 times, max         0, min      -1)
00:07:02.938083 /PDM/CritSects/xHCIIntr#2/ContentionR3             0 times
00:07:02.938090 /PDM/CritSects/xHCIIntr#2/ContentionR3Wait         0 ticks/time (           0 ticks,       0 times, max         0, min      -1)
00:07:02.938098 /PDM/CritSects/xHCIIntr#2/ContentionRZLock         0 times
00:07:02.938105 /PDM/CritSects/xHCIIntr#2/ContentionRZLockBusy         0 times
00:07:02.938112 /PDM/CritSects/xHCIIntr#2/ContentionRZUnlock         0 times
00:07:02.938119 /PDM/CritSects/xHCIIntr#2/ContentionRZWait         0 ticks/time (           0 ticks,       0 times, max         0, min      -1)
00:07:02.938127 /PDM/CritSects/xHCIIntr#3/ContentionR3             0 times
00:07:02.938134 /PDM/CritSects/xHCIIntr#3/ContentionR3Wait         0 ticks/time (           0 ticks,       0 times, max         0, min      -1)
00:07:02.938150 /PDM/CritSects/xHCIIntr#3/ContentionRZLock         0 times
00:07:02.938163 /PDM/CritSects/xHCIIntr#3/ContentionRZLockBusy         0 times
00:07:02.938170 /PDM/CritSects/xHCIIntr#3/ContentionRZUnlock         0 times
00:07:02.938178 /PDM/CritSects/xHCIIntr#3/ContentionRZWait         0 ticks/time (           0 ticks,       0 times, max         0, min      -1)
00:07:02.938185 /PDM/CritSects/xHCIIntr#4/ContentionR3             0 times
00:07:02.938192 /PDM/CritSects/xHCIIntr#4/ContentionR3Wait         0 ticks/time (           0 ticks,       0 times, max         0, min      -1)
00:07:02.938200 /PDM/CritSects/xHCIIntr#4/ContentionRZLock         0 times
00:07:02.938207 /PDM/CritSects/xHCIIntr#4/ContentionRZLockBusy         0 times
00:07:02.938214 /PDM/CritSects/xHCIIntr#4/ContentionRZUnlock         0 times
00:07:02.938222 /PDM/CritSects/xHCIIntr#4/ContentionRZWait         0 ticks/time (           0 ticks,       0 times, max         0, min      -1)
00:07:02.938234 /PDM/CritSects/xHCIIntr#5/ContentionR3             0 times
00:07:02.938242 /PDM/CritSects/xHCIIntr#5/ContentionR3Wait         0 ticks/time (           0 ticks,       0 times, max         0, min      -1)
00:07:02.938250 /PDM/CritSects/xHCIIntr#5/ContentionRZLock         0 times
00:07:02.938257 /PDM/CritSects/xHCIIntr#5/ContentionRZLockBusy         0 times
00:07:02.938265 /PDM/CritSects/xHCIIntr#5/ContentionRZUnlock         0 times
00:07:02.938272 /PDM/CritSects/xHCIIntr#5/ContentionRZWait         0 ticks/time (           0 ticks,       0 times, max         0, min      -1)
00:07:02.938280 /PDM/CritSects/xHCIIntr#6/ContentionR3             0 times
00:07:02.938287 /PDM/CritSects/xHCIIntr#6/ContentionR3Wait         0 ticks/time (           0 ticks,       0 times, max         0, min      -1)
00:07:02.938295 /PDM/CritSects/xHCIIntr#6/ContentionRZLock         0 times
00:07:02.938300 /PDM/CritSects/xHCIIntr#6/ContentionRZLockBusy         0 times
00:07:02.938306 /PDM/CritSects/xHCIIntr#6/ContentionRZUnlock         0 times
00:07:02.938311 /PDM/CritSects/xHCIIntr#6/ContentionRZWait         0 ticks/time (           0 ticks,       0 times, max         0, min      -1)
00:07:02.938317 /PDM/CritSects/xHCIIntr#7/ContentionR3             0 times
00:07:02.938322 /PDM/CritSects/xHCIIntr#7/ContentionR3Wait         0 ticks/time (           0 ticks,       0 times, max         0, min      -1)
00:07:02.938328 /PDM/CritSects/xHCIIntr#7/ContentionRZLock         0 times
00:07:02.938333 /PDM/CritSects/xHCIIntr#7/ContentionRZLockBusy         0 times
00:07:02.938338 /PDM/CritSects/xHCIIntr#7/ContentionRZUnlock         0 times
00:07:02.938344 /PDM/CritSects/xHCIIntr#7/ContentionRZWait         0 ticks/time (           0 ticks,       0 times, max         0, min      -1)
00:07:02.938350 /PDM/CritSectsRw/00-EnterSharedWhileAborting         0 times
00:07:02.938356 /PDM/CritSectsRw/00-Excl-Non-interruptible-Waits-VINF_SUCCESS         0 times
00:07:02.938361 /PDM/CritSectsRw/00-Excl-VERR_INTERRUPTED          0 times
00:07:02.938366 /PDM/CritSectsRw/00-Excl-VERR_TIMEOUT              0 times
00:07:02.938372 /PDM/CritSectsRw/00-Shared-Non-interruptible-Waits-VINF_SUCCESS         0 times
00:07:02.938377 /PDM/CritSectsRw/00-Shared-VERR_INTERRUPTED         0 times
00:07:02.938383 /PDM/CritSectsRw/00-Shared-VERR_TIMEOUT            0 times
00:07:02.938388 /PDM/CritSectsRw/IOM Lock/ContentionR3EnterExcl         0 times
00:07:02.938393 /PDM/CritSectsRw/IOM Lock/ContentionR3EnterShared         0 times
00:07:02.938399 /PDM/CritSectsRw/IOM Lock/ContentionR3LeaveExcl         0 times
00:07:02.938404 /PDM/CritSectsRw/IOM Lock/ContentionRZEnterExcl         0 times
00:07:02.938409 /PDM/CritSectsRw/IOM Lock/ContentionRZEnterShared         0 times
00:07:02.938414 /PDM/CritSectsRw/IOM Lock/ContentionRZLeaveExcl         0 times
00:07:02.938420 /PDM/CritSectsRw/IOM Lock/ContentionRZLeaveShared         0 times
00:07:02.938425 /PDM/CritSectsRw/IOM Lock/R3EnterExcl            249 times
00:07:02.938430 /PDM/CritSectsRw/IOM Lock/R3EnterShared       132232 times
00:07:02.938436 /PDM/CritSectsRw/IOM Lock/RZEnterExcl              0 times
00:07:02.938448 /PDM/CritSectsRw/IOM Lock/RZEnterShared      1651800 times
00:07:02.938457 /PDM/CritSectsRw/TM real queue alloc lock/ContentionR3EnterExcl         0 times
00:07:02.938463 /PDM/CritSectsRw/TM real queue alloc lock/ContentionR3EnterShared         0 times
00:07:02.938468 /PDM/CritSectsRw/TM real queue alloc lock/ContentionR3LeaveExcl         0 times
00:07:02.938473 /PDM/CritSectsRw/TM real queue alloc lock/ContentionRZEnterExcl         0 times
00:07:02.938479 /PDM/CritSectsRw/TM real queue alloc lock/ContentionRZEnterShared         0 times
00:07:02.938485 /PDM/CritSectsRw/TM real queue alloc lock/ContentionRZLeaveExcl         0 times
00:07:02.938490 /PDM/CritSectsRw/TM real queue alloc lock/ContentionRZLeaveShared         0 times
00:07:02.938495 /PDM/CritSectsRw/TM real queue alloc lock/R3EnterExcl         8 times
00:07:02.938501 /PDM/CritSectsRw/TM real queue alloc lock/R3EnterShared         1 times
00:07:02.938506 /PDM/CritSectsRw/TM real queue alloc lock/RZEnterExcl         0 times
00:07:02.938513 /PDM/CritSectsRw/TM real queue alloc lock/RZEnterShared         0 times
00:07:02.938529 /PDM/CritSectsRw/TM tsc queue alloc lock/ContentionR3EnterExcl         0 times
00:07:02.938539 /PDM/CritSectsRw/TM tsc queue alloc lock/ContentionR3EnterShared         0 times
00:07:02.938547 /PDM/CritSectsRw/TM tsc queue alloc lock/ContentionR3LeaveExcl         0 times
00:07:02.938554 /PDM/CritSectsRw/TM tsc queue alloc lock/ContentionRZEnterExcl         0 times
00:07:02.938562 /PDM/CritSectsRw/TM tsc queue alloc lock/ContentionRZEnterShared         0 times
00:07:02.938568 /PDM/CritSectsRw/TM tsc queue alloc lock/ContentionRZLeaveExcl         0 times
00:07:02.938576 /PDM/CritSectsRw/TM tsc queue alloc lock/ContentionRZLeaveShared         0 times
00:07:02.938583 /PDM/CritSectsRw/TM tsc queue alloc lock/R3EnterExcl         0 times
00:07:02.938590 /PDM/CritSectsRw/TM tsc queue alloc lock/R3EnterShared         1 times
00:07:02.938596 /PDM/CritSectsRw/TM tsc queue alloc lock/RZEnterExcl         0 times
00:07:02.938603 /PDM/CritSectsRw/TM tsc queue alloc lock/RZEnterShared         0 times
00:07:02.938610 /PDM/CritSectsRw/TM virtual queue alloc lock/ContentionR3EnterExcl         0 times
00:07:02.938617 /PDM/CritSectsRw/TM virtual queue alloc lock/ContentionR3EnterShared         0 times
00:07:02.938624 /PDM/CritSectsRw/TM virtual queue alloc lock/ContentionR3LeaveExcl         0 times
00:07:02.938631 /PDM/CritSectsRw/TM virtual queue alloc lock/ContentionRZEnterExcl         0 times
00:07:02.938638 /PDM/CritSectsRw/TM virtual queue alloc lock/ContentionRZEnterShared         0 times
00:07:02.938645 /PDM/CritSectsRw/TM virtual queue alloc lock/ContentionRZLeaveExcl         0 times
00:07:02.938652 /PDM/CritSectsRw/TM virtual queue alloc lock/ContentionRZLeaveShared         0 times
00:07:02.938659 /PDM/CritSectsRw/TM virtual queue alloc lock/R3EnterExcl        12 times
00:07:02.938667 /PDM/CritSectsRw/TM virtual queue alloc lock/R3EnterShared         1 times
00:07:02.938674 /PDM/CritSectsRw/TM virtual queue alloc lock/RZEnterExcl         0 times
00:07:02.938679 /PDM/CritSectsRw/TM virtual queue alloc lock/RZEnterShared         0 times
00:07:02.938685 /PDM/CritSectsRw/TM virtual_sync queue alloc lock/ContentionR3EnterExcl         0 times
00:07:02.938690 /PDM/CritSectsRw/TM virtual_sync queue alloc lock/ContentionR3EnterShared         0 times
00:07:02.938695 /PDM/CritSectsRw/TM virtual_sync queue alloc lock/ContentionR3LeaveExcl         0 times
00:07:02.938701 /PDM/CritSectsRw/TM virtual_sync queue alloc lock/ContentionRZEnterExcl         0 times
00:07:02.938706 /PDM/CritSectsRw/TM virtual_sync queue alloc lock/ContentionRZEnterShared         0 times
00:07:02.938711 /PDM/CritSectsRw/TM virtual_sync queue alloc lock/ContentionRZLeaveExcl         0 times
00:07:02.938739 /PDM/CritSectsRw/TM virtual_sync queue alloc lock/ContentionRZLeaveShared         0 times
00:07:02.938747 /PDM/CritSectsRw/TM virtual_sync queue alloc lock/R3EnterExcl        16 times
00:07:02.938761 /PDM/CritSectsRw/TM virtual_sync queue alloc lock/R3EnterShared         1 times
00:07:02.938772 /PDM/CritSectsRw/TM virtual_sync queue alloc lock/RZEnterExcl         0 times
00:07:02.938778 /PDM/CritSectsRw/TM virtual_sync queue alloc lock/RZEnterShared         0 times
00:07:02.938785 /PDM/Queue/DevHlp/AllocFailures                    0 times
00:07:02.938792 /PDM/Queue/DevHlp/Flush                            0 calls
00:07:02.938800 /PDM/Queue/DevHlp/FlushLeftovers                   0 times
00:07:02.938807 /PDM/Queue/DevHlp/Insert                           0 calls
00:07:02.938814 /PDM/Queue/DevHlp/cItems                          24 count
00:07:02.938822 /PDM/Queue/DevHlp/cbItem                          56 bytes
00:07:02.938829 /PDM/Queue/DevHlp/rcOkay                           0 
00:07:02.938835 /PDM/Queue/Keyboard/AllocFailures                  0 times
00:07:02.938841 /PDM/Queue/Keyboard/Flush                          0 calls
00:07:02.938846 /PDM/Queue/Keyboard/FlushLeftovers                 0 times
00:07:02.938852 /PDM/Queue/Keyboard/Insert                       329 calls
00:07:02.938857 /PDM/Queue/Keyboard/cItems                        64 count
00:07:02.938863 /PDM/Queue/Keyboard/cbItem                        16 bytes
00:07:02.938869 /PDM/Queue/Keyboard/rcOkay                         0 
00:07:02.938874 /PDM/Queue/Mouse/AllocFailures                     0 times
00:07:02.938880 /PDM/Queue/Mouse/Flush                             0 calls
00:07:02.938886 /PDM/Queue/Mouse/FlushLeftovers                    0 times
00:07:02.938891 /PDM/Queue/Mouse/Insert                            0 calls
00:07:02.938897 /PDM/Queue/Mouse/cItems                          128 count
00:07:02.938903 /PDM/Queue/Mouse/cbItem                           32 bytes
00:07:02.938909 /PDM/Queue/Mouse/rcOkay                            0 
00:07:02.938915 /PDM/Queue/Mouse_1/AllocFailures                   0 times
00:07:02.938920 /PDM/Queue/Mouse_1/Flush                           0 calls
00:07:02.938926 /PDM/Queue/Mouse_1/FlushLeftovers                  0 times
00:07:02.938931 /PDM/Queue/Mouse_1/Insert                       1276 calls
00:07:02.938937 /PDM/Queue/Mouse_1/cItems                        128 count
00:07:02.938942 /PDM/Queue/Mouse_1/cbItem                         32 bytes
00:07:02.938948 /PDM/Queue/Mouse_1/rcOkay                          0 
00:07:02.938954 /PDM/Queue/SCSI-Eject/AllocFailures                0 times
00:07:02.938959 /PDM/Queue/SCSI-Eject/Flush                        0 calls
00:07:02.938965 /PDM/Queue/SCSI-Eject/FlushLeftovers               0 times
00:07:02.938970 /PDM/Queue/SCSI-Eject/Insert                       0 calls
00:07:02.938976 /PDM/Queue/SCSI-Eject/cItems                       1 count
00:07:02.938981 /PDM/Queue/SCSI-Eject/cbItem                      24 bytes
00:07:02.938986 /PDM/Queue/SCSI-Eject/rcOkay                       0 
00:07:02.938992 /PDM/Tasks/000-E1000-Xmit-retriggered              0 times
00:07:02.938998 /PDM/Tasks/000-E1000-Xmit-runs                     8 times
00:07:02.939003 /PDM/Tasks/001-HDA CORB DMA-retriggered            0 times
00:07:02.939008 /PDM/Tasks/001-HDA CORB DMA-runs                   0 times
00:07:02.939014 /PDM/Tasks/002-TPMCmdWrk-retriggered               0 times
00:07:02.939019 /PDM/Tasks/002-TPMCmdWrk-runs                    474 times
00:07:02.939025 /PGM/CPU0/R3/Page/MapTlbMisses                    48 times
00:07:02.939031 /PGM/CPU0/R3/RamRange/TlbLocking                   2 times
00:07:02.939037 /PGM/CPU0/R3/RamRange/TlbMisses                    2 times
00:07:02.939042 /PGM/CPU0/RZ/Page/MapTlbMisses                     0 times
00:07:02.939047 /PGM/CPU0/RZ/RamRange/TlbLocking                   3 times
00:07:02.939053 /PGM/CPU0/RZ/RamRange/TlbMisses                    3 times
00:07:02.939058 /PGM/CPU0/cA20Changes                              0 times
00:07:02.939064 /PGM/CPU0/cGuestModeChanges                        5 times
00:07:02.939070 /PGM/CPU1/R3/Page/MapTlbMisses                     0 times
00:07:02.939075 /PGM/CPU1/R3/RamRange/TlbLocking                   0 times
00:07:02.939083 /PGM/CPU1/R3/RamRange/TlbMisses                    0 times
00:07:02.939091 /PGM/CPU1/RZ/Page/MapTlbMisses                     0 times
00:07:02.939096 /PGM/CPU1/RZ/RamRange/TlbLocking                   2 times
00:07:02.939102 /PGM/CPU1/RZ/RamRange/TlbMisses                    2 times
00:07:02.939107 /PGM/CPU1/cA20Changes                              0 times
00:07:02.939113 /PGM/CPU1/cGuestModeChanges                        3 times
00:07:02.939118 /PGM/CPU2/R3/Page/MapTlbMisses                     0 times
00:07:02.939124 /PGM/CPU2/R3/RamRange/TlbLocking                   0 times
00:07:02.939130 /PGM/CPU2/R3/RamRange/TlbMisses                    0 times
00:07:02.939135 /PGM/CPU2/RZ/Page/MapTlbMisses                     0 times
00:07:02.939141 /PGM/CPU2/RZ/RamRange/TlbLocking                   2 times
00:07:02.939146 /PGM/CPU2/RZ/RamRange/TlbMisses                    2 times
00:07:02.939151 /PGM/CPU2/cA20Changes                              0 times
00:07:02.939157 /PGM/CPU2/cGuestModeChanges                        3 times
00:07:02.939162 /PGM/ChunkR3Map/Mapped                            27 count
00:07:02.939168 /PGM/ChunkR3Map/Unmapped                           0 count
00:07:02.939174 /PGM/ChunkR3Map/c                                 27 count
00:07:02.939180 /PGM/ChunkR3Map/cMax                       4294967295 count
00:07:02.939186 /PGM/LargePage/Alloc                           14768 ns/call (     4061364 ns,     275 calls, max     81879, min       1)
00:07:02.939193 /PGM/LargePage/AllocFailed                       275 times
00:07:02.939200 /PGM/LargePage/Overflow                            0 times
00:07:02.939205 /PGM/LargePage/Recheck                             0 times
00:07:02.939211 /PGM/LargePage/Refused                             5 times
00:07:02.939217 /PGM/LargePage/Reused                              0 times
00:07:02.939223 /PGM/LargePage/TlbFlush                            0 times
00:07:02.939229 /PGM/LargePage/ZeroEvict                           0 times
00:07:02.939238 /PGM/Mmio2QueryAndResetDirtyBitmap                 0 ticks/call (           0 ticks,       0 calls, max         0, min      -1)
00:07:02.939244 /PGM/Page/cAllPages                          1084811 count
00:07:02.939258 /PGM/Page/cBalloonedPages                          0 count
00:07:02.939266 /PGM/Page/cHandyPages                             56 count
00:07:02.939274 /PGM/Page/cLargePages                              0 count
00:07:02.939282 /PGM/Page/cLargePagesDisabled                      0 count
00:07:02.939289 /PGM/Page/cMonitoredPages                          0 count
00:07:02.939297 /PGM/Page/cPrivatePages                        54441 count
00:07:02.939305 /PGM/Page/cPureMmioPages                         226 count
00:07:02.939313 /PGM/Page/cReadLockedPages                         0 count
00:07:02.939320 /PGM/Page/cReusedSharedPages                       0 count
00:07:02.939328 /PGM/Page/cSharedPages                             0 count
00:07:02.939336 /PGM/Page/cWriteLockedPages                        0 count
00:07:02.939344 /PGM/Page/cWrittenToPages                          0 count
00:07:02.939352 /PGM/Page/cZeroPages                         1030144 count
00:07:02.939359 /PGM/PhysHandlerTree/ErrorsAllocatorR3             0 times
00:07:02.939367 /PGM/PhysHandlerTree/ErrorsTree                    0 times
00:07:02.939373 /PGM/PhysHandlerTree/Inserts                      56 times
00:07:02.939379 /PGM/PhysHandlerTree/MaxHandlers                6144 times
00:07:02.939387 /PGM/PhysHandlerTree/RebalancingOperations        28 times
00:07:02.939394 /PGM/PhysHandlerTree/Removals                     35 times
00:07:02.939402 /PGM/Pool/Grow                              36636796 ticks/call (    36636796 ticks,       1 calls, max  36636796, min 36636796)
00:07:02.939411 /PGM/ShMod/Check                                   0 ticks/call (           0 ticks,       0 calls, max         0, min      -1)
00:07:02.939420 /PROF/CPU0/EM/Capped                               0 ticks/call (           0 ticks,       0 calls, max         0, min      -1)
00:07:02.939452 /PROF/CPU0/EM/ForcedActions                     4404 times
00:07:02.939464 /PROF/CPU0/EM/HMExec                         2174809 ticks/call (1103398304473 ticks,  507354 calls, max 2818147897, min    6804)
00:07:02.939474 /PROF/CPU0/EM/HMExecuteCalled                   1892 times
00:07:02.939481 /PROF/CPU0/EM/Halted                            1952 times
00:07:02.939490 /PROF/CPU0/EM/NEMExec                              0 ticks/call (           0 ticks,       0 calls, max         0, min      -1)
00:07:02.939499 /PROF/CPU0/EM/NEMExecuteCalled                     0 times
00:07:02.939507 /PROF/CPU0/EM/REMTotal                             0 times
00:07:02.939515 /PROF/CPU0/EM/RecordedExits                  3073742 times
00:07:02.939522 /PROF/CPU0/EM/Total                        1131735378442 ticks/call (1131735378442 ticks,       1 calls, max 1131735378442, min 1131735378442)
00:07:02.939532 /PROF/CPU0/VM/Halt/Block                     4780271 ns/call (  8972569201 ns,    1877 calls, max  37956752, min       7)
00:07:02.939539 /PROF/CPU0/VM/Halt/BlockInsomnia             4780271 ns/call (  8972569201 ns,    1877 calls, max  37956752, min       7)
00:07:02.939547 /PROF/CPU0/VM/Halt/BlockOnTime                     0 ns/call (           0 ns,       0 calls, max         0, min      -1)
00:07:02.939555 /PROF/CPU0/VM/Halt/BlockOverslept                  0 ns/call (           0 ns,       0 calls, max         0, min      -1)
00:07:02.939564 /PROF/CPU0/VM/Halt/R0HaltBlock               9595650 ns/call (376619683578 ns,   39249 calls, max 178650047, min    1761)
00:07:02.939571 /PROF/CPU0/VM/Halt/R0HaltBlockInsomnia       9595650 ns/call (376619683578 ns,   39249 calls, max 178650047, min    1761)
00:07:02.939580 /PROF/CPU0/VM/Halt/R0HaltBlockOnTime               0 ns/call (           0 ns,       0 calls, max         0, min      -1)
00:07:02.939588 /PROF/CPU0/VM/Halt/R0HaltBlockOverslept            0 ns/call (           0 ns,       0 calls, max         0, min      -1)
00:07:02.939597 /PROF/CPU0/VM/Halt/R0HaltExec                  37651 times
00:07:02.939605 /PROF/CPU0/VM/Halt/R0HaltExec/FromBlock        37650 times
00:07:02.939612 /PROF/CPU0/VM/Halt/R0HaltExec/FromSpin             1 times
00:07:02.939619 /PROF/CPU0/VM/Halt/R0HaltHistoryCounter        39270 times
00:07:02.939626 /PROF/CPU0/VM/Halt/R0HaltHistorySucceeded        103 times
00:07:02.939634 /PROF/CPU0/VM/Halt/R0HaltHistoryToRing3            2 times
00:07:02.939640 /PROF/CPU0/VM/Halt/R0HaltToR3                   1619 times
00:07:02.939645 /PROF/CPU0/VM/Halt/R0HaltToR3/FromSpin             0 times
00:07:02.939652 /PROF/CPU0/VM/Halt/R0HaltToR3/Other                0 times
00:07:02.939660 /PROF/CPU0/VM/Halt/R0HaltToR3/PendingFF           20 times
00:07:02.939667 /PROF/CPU0/VM/Halt/R0HaltToR3/PostWaitNoInt        30 times
00:07:02.939674 /PROF/CPU0/VM/Halt/R0HaltToR3/PostWaitPendingFF      1569 times
00:07:02.939681 /PROF/CPU0/VM/Halt/R0HaltToR3/SmallDelta           0 times
00:07:02.939689 /PROF/CPU0/VM/Halt/Timers                        802 ns/call (     3010925 ns,    3753 calls, max     59609, min       1)
00:07:02.939727 /PROF/CPU0/VM/Halt/Yield                           0 ns/call (           0 ns,       0 calls, max         0, min      -1)
00:07:02.939736 /PROF/CPU1/EM/Capped                               0 ticks/call (           0 ticks,       0 calls, max         0, min      -1)
00:07:02.939744 /PROF/CPU1/EM/ForcedActions                      155 times
00:07:02.939751 /PROF/CPU1/EM/HMExec                          780813 ticks/call (    30451708 ticks,      39 calls, max   6046712, min   70616)
00:07:02.939761 /PROF/CPU1/EM/HMExecuteCalled                     17 times
00:07:02.939778 /PROF/CPU1/EM/Halted                             174 times
00:07:02.939787 /PROF/CPU1/EM/NEMExec                              0 ticks/call (           0 ticks,       0 calls, max         0, min      -1)
00:07:02.939797 /PROF/CPU1/EM/NEMExecuteCalled                     0 times
00:07:02.939814 /PROF/CPU1/EM/REMTotal                             0 times
00:07:02.939828 /PROF/CPU1/EM/RecordedExits                     3674 times
00:07:02.939836 /PROF/CPU1/EM/Total                        1131735213507 ticks/call (1131735213507 ticks,       1 calls, max 1131735213507, min 1131735213507)
00:07:02.939846 /PROF/CPU1/VM/Halt/Block                   156918855 ns/call (404693727742 ns,    2579 calls, max 758991860, min    8397)
00:07:02.939855 /PROF/CPU1/VM/Halt/BlockInsomnia            98835178 ns/call (218129238304 ns,    2207 calls, max 499947983, min    8397)
00:07:02.939864 /PROF/CPU1/VM/Halt/BlockOnTime             500001972 ns/call ( 41500163714 ns,      83 calls, max 500047542, min 499949126)
00:07:02.939873 /PROF/CPU1/VM/Halt/BlockOverslept            1953951 ns/call (   564692067 ns,     289 calls, max 258992670, min   50158)
00:07:02.939883 /PROF/CPU1/VM/Halt/R0HaltBlock                     0 ns/call (           0 ns,       0 calls, max         0, min      -1)
00:07:02.939892 /PROF/CPU1/VM/Halt/R0HaltBlockInsomnia             0 ns/call (           0 ns,       0 calls, max         0, min      -1)
00:07:02.939901 /PROF/CPU1/VM/Halt/R0HaltBlockOnTime               0 ns/call (           0 ns,       0 calls, max         0, min      -1)
00:07:02.939909 /PROF/CPU1/VM/Halt/R0HaltBlockOverslept            0 ns/call (           0 ns,       0 calls, max         0, min      -1)
00:07:02.939918 /PROF/CPU1/VM/Halt/R0HaltExec                      0 times
00:07:02.939925 /PROF/CPU1/VM/Halt/R0HaltExec/FromBlock            0 times
00:07:02.939932 /PROF/CPU1/VM/Halt/R0HaltExec/FromSpin             0 times
00:07:02.939940 /PROF/CPU1/VM/Halt/R0HaltHistoryCounter           17 times
00:07:02.939948 /PROF/CPU1/VM/Halt/R0HaltHistorySucceeded          0 times
00:07:02.939955 /PROF/CPU1/VM/Halt/R0HaltHistoryToRing3           17 times
00:07:02.939963 /PROF/CPU1/VM/Halt/R0HaltToR3                     17 times
00:07:02.939971 /PROF/CPU1/VM/Halt/R0HaltToR3/FromSpin             0 times
00:07:02.939978 /PROF/CPU1/VM/Halt/R0HaltToR3/Other               17 times
00:07:02.939986 /PROF/CPU1/VM/Halt/R0HaltToR3/PendingFF            0 times
00:07:02.939994 /PROF/CPU1/VM/Halt/R0HaltToR3/PostWaitNoInt         0 times
00:07:02.940002 /PROF/CPU1/VM/Halt/R0HaltToR3/PostWaitPendingFF         0 times
00:07:02.940009 /PROF/CPU1/VM/Halt/R0HaltToR3/SmallDelta           0 times
00:07:02.940015 /PROF/CPU1/VM/Halt/Timers                       1112 ns/call (     3061211 ns,    2752 calls, max     10249, min       1)
00:07:02.940024 /PROF/CPU1/VM/Halt/Yield                           0 ns/call (           0 ns,       0 calls, max         0, min      -1)
00:07:02.940033 /PROF/CPU2/EM/Capped                               0 ticks/call (           0 ticks,       0 calls, max         0, min      -1)
00:07:02.940042 /PROF/CPU2/EM/ForcedActions                     1423 times
00:07:02.940050 /PROF/CPU2/EM/HMExec                          729223 ticks/call (    25522812 ticks,      35 calls, max   6021708, min   96684)
00:07:02.940060 /PROF/CPU2/EM/HMExecuteCalled                     17 times
00:07:02.940068 /PROF/CPU2/EM/Halted                            1425 times
00:07:02.940076 /PROF/CPU2/EM/NEMExec                              0 ticks/call (           0 ticks,       0 calls, max         0, min      -1)
00:07:02.940085 /PROF/CPU2/EM/NEMExecuteCalled                     0 times
00:07:02.940092 /PROF/CPU2/EM/REMTotal                             0 times
00:07:02.940099 /PROF/CPU2/EM/RecordedExits                     3674 times
00:07:02.940106 /PROF/CPU2/EM/Total                        1131735275213 ticks/call (1131735275213 ticks,       1 calls, max 1131735275213, min 1131735275213)
00:07:02.940116 /PROF/CPU2/VM/Halt/Block                     6315855 ns/call (402263153490 ns,   63691 calls, max 178746735, min    3072)
00:07:02.940126 /PROF/CPU2/VM/Halt/BlockInsomnia             4632992 ns/call ( 19157422100 ns,    4135 calls, max  27343550, min    3072)
00:07:02.940135 /PROF/CPU2/VM/Halt/BlockOnTime               6446562 ns/call ( 52236499695 ns,    8103 calls, max  27495273, min   13131)
00:07:02.940153 /PROF/CPU2/VM/Halt/BlockOverslept             512322 ns/call ( 26360546739 ns,   51453 calls, max 173762954, min   50019)
00:07:02.940168 /PROF/CPU2/VM/Halt/R0HaltBlock                     0 ns/call (           0 ns,       0 calls, max         0, min      -1)
00:07:02.940177 /PROF/CPU2/VM/Halt/R0HaltBlockInsomnia             0 ns/call (           0 ns,       0 calls, max         0, min      -1)
00:07:02.940186 /PROF/CPU2/VM/Halt/R0HaltBlockOnTime               0 ns/call (           0 ns,       0 calls, max         0, min      -1)
00:07:02.940194 /PROF/CPU2/VM/Halt/R0HaltBlockOverslept            0 ns/call (           0 ns,       0 calls, max         0, min      -1)
00:07:02.940203 /PROF/CPU2/VM/Halt/R0HaltExec                      0 times
00:07:02.940211 /PROF/CPU2/VM/Halt/R0HaltExec/FromBlock            0 times
00:07:02.940219 /PROF/CPU2/VM/Halt/R0HaltExec/FromSpin             0 times
00:07:02.940227 /PROF/CPU2/VM/Halt/R0HaltHistoryCounter           17 times
00:07:02.940234 /PROF/CPU2/VM/Halt/R0HaltHistorySucceeded          0 times
00:07:02.940242 /PROF/CPU2/VM/Halt/R0HaltHistoryToRing3           17 times
00:07:02.940250 /PROF/CPU2/VM/Halt/R0HaltToR3                     17 times
00:07:02.940258 /PROF/CPU2/VM/Halt/R0HaltToR3/FromSpin             0 times
00:07:02.940265 /PROF/CPU2/VM/Halt/R0HaltToR3/Other               17 times
00:07:02.940273 /PROF/CPU2/VM/Halt/R0HaltToR3/PendingFF            0 times
00:07:02.940280 /PROF/CPU2/VM/Halt/R0HaltToR3/PostWaitNoInt         0 times
00:07:02.940287 /PROF/CPU2/VM/Halt/R0HaltToR3/PostWaitPendingFF         0 times
00:07:02.940294 /PROF/CPU2/VM/Halt/R0HaltToR3/SmallDelta           0 times
00:07:02.940300 /PROF/CPU2/VM/Halt/Timers                      23936 ns/call (  2314698849 ns,   96703 calls, max  21729810, min       2)
00:07:02.940309 /PROF/CPU2/VM/Halt/Yield                       10148 ns/call (       20297 ns,       2 calls, max     13031, min    7266)
00:07:02.940318 /Public/NetAdapter/0/BytesReceived                 0 bytes
00:07:02.940325 /Public/NetAdapter/0/BytesTransmitted            344 bytes
00:07:02.940332 /Public/NetAdapter/0/e1000                         0 
00:07:02.940340 /Public/Storage/AHCI0/Port0/BytesRead         451584 bytes
00:07:02.940349 /Public/Storage/AHCI0/Port0/QueryBufAttempts         0 count
00:07:02.940356 /Public/Storage/AHCI0/Port0/QueryBufSuccess         0 count
00:07:02.940363 /Public/Storage/AHCI0/Port0/ReqsRead             614 count
00:07:02.940370 /Public/Storage/AHCI0/Port0/ReqsSubmitted        614 count
00:07:02.940377 /Public/Storage/AHCI0/Port0/ReqsSucceeded        614 count
00:07:02.940385 /Public/Storage/AHCI0/Port1/QueryBufAttempts         0 count
00:07:02.940392 /Public/Storage/AHCI0/Port1/QueryBufSuccess         0 count
00:07:02.940401 /SELM/LoadHidSel/GstReadErrors                     0 times
00:07:02.940408 /SELM/LoadHidSel/NoGoodGuest                       0 times
00:07:02.940417 /TM/CPU/00/cNsExecuting                    9431360326 ns
00:07:02.940425 /TM/CPU/00/cNsHalted                       8980598590 ns
00:07:02.940433 /TM/CPU/00/cNsOther                        386537966850 ns
00:07:02.940441 /TM/CPU/00/cNsTotal                        404949925766 ns
00:07:02.940449 /TM/CPU/00/cPeriodsExecuting                 3073742 count
00:07:02.940456 /TM/CPU/00/cPeriodsHalted                       1876 count
00:07:02.940461 /TM/CPU/00/pctExecuting                            0 %
00:07:02.940467 /TM/CPU/00/pctHalted                               0 %
00:07:02.940473 /TM/CPU/00/pctOther                               98 %
00:07:02.940479 /TM/CPU/01/cNsExecuting                      4112576 ns
00:07:02.940484 /TM/CPU/01/cNsHalted                       404701802932 ns
00:07:02.940490 /TM/CPU/01/cNsOther                        243934410 ns
00:07:02.940496 /TM/CPU/01/cNsTotal                        404949849918 ns
00:07:02.940501 /TM/CPU/01/cPeriodsExecuting                    3674 count
00:07:02.940517 /TM/CPU/01/cPeriodsHalted                        173 count
00:07:02.940530 /TM/CPU/01/pctExecuting                            0 %
00:07:02.940550 /TM/CPU/01/pctHalted                               0 %
00:07:02.940557 /TM/CPU/01/pctOther                              100 %
00:07:02.940563 /TM/CPU/02/cNsExecuting                      3063265 ns
00:07:02.940569 /TM/CPU/02/cNsHalted                       404731179110 ns
00:07:02.940575 /TM/CPU/02/cNsOther                        215633031 ns
00:07:02.940581 /TM/CPU/02/cNsTotal                        404949875406 ns
00:07:02.940586 /TM/CPU/02/cPeriodsExecuting                    3674 count
00:07:02.940592 /TM/CPU/02/cPeriodsHalted                       1423 count
00:07:02.940597 /TM/CPU/02/pctExecuting                            0 %
00:07:02.940603 /TM/CPU/02/pctHalted                              80 %
00:07:02.940609 /TM/CPU/02/pctOther                               19 %
00:07:02.940614 /TM/CPU/pctExecuting                               0 %
00:07:02.940619 /TM/CPU/pctHalted                                 27 %
00:07:02.940625 /TM/CPU/pctOther                                  72 %
00:07:02.940630 /TM/MaxHzHint                                      0 Hz
00:07:02.940636 /TM/MaxHzHint/real                                 0 Hz
00:07:02.940642 /TM/MaxHzHint/tsc                                  0 Hz
00:07:02.940647 /TM/MaxHzHint/virtual                              0 Hz
00:07:02.940653 /TM/MaxHzHint/virtual_sync                         0 Hz
00:07:02.940658 /TM/PIT/Handler                                    0 ticks/call (           0 ticks,       0 calls, max         0, min      -1)
00:07:02.940666 /TM/PIT/Irq                                        0 times
00:07:02.940697 /TM/R3/1nsSteps                                 7255 times
00:07:02.940705 /TM/TSC/offCPU0                            477120615715 ticks
00:07:02.940713 /TM/TSC/offCPU1                            477120615715 ticks
00:07:02.940720 /TM/TSC/offCPU2                            477120615715 ticks
00:07:02.940727 /TM/VirtualSync/CurrentOffset                 468469 ns
00:07:02.940735 /TRPM/ForwardRaw/IRQ/20                         1888 times
00:07:02.940758 /VMM/EmtHashCollisions/Emt00                       0 times
00:07:02.940766 /VMM/EmtHashCollisions/Emt01                       0 times
00:07:02.940778 /VMM/EmtHashCollisions/Emt02                       0 times
00:07:02.940793 /VMM/LogFlush/00-Flushes                           0 times
00:07:02.940801 /VMM/LogFlush/00-NoWakups                          0 times
00:07:02.940810 /VMM/LogFlush/CPU0/Rel/cbBuf                    4096 bytes
00:07:02.940819 /VMM/LogFlush/CPU1/Rel/cbBuf                    4096 bytes
00:07:02.940829 /VMM/LogFlush/CPU2/Rel/cbBuf                    4096 bytes
00:07:02.940836 /VUSB/0/cUrbsInPool                                0 count
00:07:02.940844 /VUSB/1/cUrbsInPool                                0 count
00:07:02.940853 ********************* End of statistics **********************
00:07:02.941509 VUSB: Detached 'HidMouse' from port 1 on RootHub#1
00:07:02.946604 E1000#0: Interrupt attempts: 16
00:07:02.946618 E1000#0: Interrupts raised : 0
00:07:02.946624 E1000#0: Interrupts lowered: 0
00:07:02.946631 E1000#0: ICR outside ISR   : 0
00:07:02.946637 E1000#0: IMS raised ints   : 0
00:07:02.946644 E1000#0: Interrupts skipped: 0
00:07:02.946651 E1000#0: Masked interrupts : 16
00:07:02.946657 E1000#0: Early interrupts  : 0
00:07:02.946664 E1000#0: Late interrupts   : 0
00:07:02.946681 E1000#0: Lost interrupts   : 0
00:07:02.946688 E1000#0: Interrupts by RX  : 0
00:07:02.946695 E1000#0: Interrupts by TX  : 4
00:07:02.946701 E1000#0: Interrupts by ICS : 0
00:07:02.946708 E1000#0: Interrupts by RDTR: 0
00:07:02.946714 E1000#0: Interrupts by RDMT: 0
00:07:02.946720 E1000#0: Interrupts by TXQE: 0
00:07:02.946726 E1000#0: TX int delay asked: 0
00:07:02.946731 E1000#0: TX delayed:         0
00:07:02.946736 E1000#0: TX delay expired:   0
00:07:02.946741 E1000#0: TX no report asked: 0
00:07:02.946756 E1000#0: TX abs timer expd : 0
00:07:02.946766 E1000#0: TX int timer expd : 0
00:07:02.946771 E1000#0: RX abs timer expd : 0
00:07:02.946776 E1000#0: RX int timer expd : 0
00:07:02.946781 E1000#0: TX CTX descriptors: 0
00:07:02.946786 E1000#0: TX DAT descriptors: 0
00:07:02.946791 E1000#0: TX LEG descriptors: 4
00:07:02.946796 E1000#0: Received frames   : 0
00:07:02.946801 E1000#0: Transmitted frames: 4
00:07:02.946806 E1000#0: TX frames up to 1514: 4
00:07:02.946811 E1000#0: TX frames up to 2962: 0
00:07:02.946816 E1000#0: TX frames up to 4410: 0
00:07:02.946821 E1000#0: TX frames up to 5858: 0
00:07:02.946826 E1000#0: TX frames up to 7306: 0
00:07:02.946832 E1000#0: TX frames up to 8754: 0
00:07:02.946839 E1000#0: TX frames up to 16384: 0
00:07:02.946845 E1000#0: TX frames up to 32768: 0
00:07:02.946852 E1000#0: Larger TX frames    : 0
00:07:02.946859 E1000#0: Max TX Delay        : 0
00:07:02.953466 GIM: HyperV: Resetting MMIO2 regions and MSRs
00:07:02.957578 vmmR3LogFlusher: Terminating (VERR_OBJECT_DESTROYED)
00:07:02.957763 Changing the VM state from 'DESTROYING' to 'TERMINATED'
00:07:02.957793 Console: Machine state changed to 'PoweredOff'
00:07:02.983231 GUI: UIMediumEnumerator: Medium-enumeration finished!
00:07:03.043735 GUI: Request for async QApp quit.
00:07:03.048564 GUI: Cannot notify guest about VM window out-of-focus event
00:07:03.092872 GUI: UICommon: Handling aboutToQuit request..
00:07:04.001484 GUI: UICommon: aboutToQuit request handled!
