3b40.2f24: Log file opened: 7.2.8r173730 g_hStartupLog=00000000000000c0 g_uNtVerCombined=0xa0665800
3b40.2f24: \SystemRoot\System32\ntdll.dll:
3b40.2f24:     CreationTime:    2026-04-15T12:33:46.175841600Z
3b40.2f24:     LastWriteTime:   2026-04-15T12:33:46.345455800Z
3b40.2f24:     ChangeTime:      2026-04-16T01:59:50.829721400Z
3b40.2f24:     FileAttributes:  0x20
3b40.2f24:     Size:            0x267be8
3b40.2f24:     NT Headers:      0xe0
3b40.2f24:     Timestamp:       0xf7576e9e
3b40.2f24:     Machine:         0x8664 - amd64
3b40.2f24:     Timestamp:       0xf7576e9e
3b40.2f24:     Image Version:   10.0
3b40.2f24:     SizeOfImage:     0x267000 (2519040)
3b40.2f24:     Resource Dir:    0x1eb000 LB 0x7a1b8
3b40.2f24:     [Version info resource found at 0xd8! (ID/Name: 0x1; SubID/SubName: 0x409)]
3b40.2f24:     [Raw version resource data: 0x1eb0f0 LB 0x380, codepage 0x0 (reserved 0x0)]
3b40.2f24:     ProductName:     Microsoft® Windows® Operating System
3b40.2f24:     ProductVersion:  10.0.26100.8246
3b40.2f24:     FileVersion:     10.0.26100.8246 (WinBuild.160101.0800)
3b40.2f24:     FileDescription: NT Layer DLL
3b40.2f24: \SystemRoot\System32\kernel32.dll:
3b40.2f24:     CreationTime:    2026-04-15T12:33:40.432525300Z
3b40.2f24:     LastWriteTime:   2026-04-15T12:33:40.496655600Z
3b40.2f24:     ChangeTime:      2026-04-16T02:00:26.948965300Z
3b40.2f24:     FileAttributes:  0x20
3b40.2f24:     Size:            0xcc298
3b40.2f24:     NT Headers:      0xf8
3b40.2f24:     Timestamp:       0x7635528f
3b40.2f24:     Machine:         0x8664 - amd64
3b40.2f24:     Timestamp:       0x7635528f
3b40.2f24:     Image Version:   10.0
3b40.2f24:     SizeOfImage:     0xc9000 (823296)
3b40.2f24:     Resource Dir:    0xc7000 LB 0x520
3b40.2f24:     [Version info resource found at 0x90! (ID/Name: 0x1; SubID/SubName: 0x409)]
3b40.2f24:     [Raw version resource data: 0xc70b0 LB 0x3a4, codepage 0x0 (reserved 0x0)]
3b40.2f24:     ProductName:     Microsoft® Windows® Operating System
3b40.2f24:     ProductVersion:  10.0.26100.8246
3b40.2f24:     FileVersion:     10.0.26100.8246 (WinBuild.160101.0800)
3b40.2f24:     FileDescription: Windows NT BASE API Client DLL
3b40.2f24: \SystemRoot\System32\KernelBase.dll:
3b40.2f24:     CreationTime:    2026-04-15T12:33:40.469701400Z
3b40.2f24:     LastWriteTime:   2026-04-15T12:33:40.934616000Z
3b40.2f24:     ChangeTime:      2026-04-16T02:00:27.086815200Z
3b40.2f24:     FileAttributes:  0x20
3b40.2f24:     Size:            0x3f6388
3b40.2f24:     NT Headers:      0x108
3b40.2f24:     Timestamp:       0x208e0cb7
3b40.2f24:     Machine:         0x8664 - amd64
3b40.2f24:     Timestamp:       0x208e0cb7
3b40.2f24:     Image Version:   10.0
3b40.2f24:     SizeOfImage:     0x3f4000 (4145152)
3b40.2f24:     Resource Dir:    0x3ba000 LB 0x548
3b40.2f24:     [Version info resource found at 0x90! (ID/Name: 0x1; SubID/SubName: 0x409)]
3b40.2f24:     [Raw version resource data: 0x3ba0b0 LB 0x3bc, codepage 0x0 (reserved 0x0)]
3b40.2f24:     ProductName:     Microsoft® Windows® Operating System
3b40.2f24:     ProductVersion:  10.0.26100.8246
3b40.2f24:     FileVersion:     10.0.26100.8246 (WinBuild.160101.0800)
3b40.2f24:     FileDescription: Windows NT BASE API Client DLL
3b40.2f24: \SystemRoot\System32\apisetschema.dll:
3b40.2f24:     CreationTime:    2026-04-15T12:33:09.796330700Z
3b40.2f24:     LastWriteTime:   2026-04-15T12:33:09.833539900Z
3b40.2f24:     ChangeTime:      2026-04-16T01:59:35.086887200Z
3b40.2f24:     FileAttributes:  0x20
3b40.2f24:     Size:            0x2f600
3b40.2f24:     NT Headers:      0xd8
3b40.2f24:     Timestamp:       0xfb040896
3b40.2f24:     Machine:         0x8664 - amd64
3b40.2f24:     Timestamp:       0xfb040896
3b40.2f24:     Image Version:   10.0
3b40.2f24:     SizeOfImage:     0x2e000 (188416)
3b40.2f24:     Resource Dir:    0x2d000 LB 0x408
3b40.2f24:     [Version info resource found at 0x48! (ID/Name: 0x1; SubID/SubName: 0x409)]
3b40.2f24:     [Raw version resource data: 0x2d060 LB 0x3a8, codepage 0x0 (reserved 0x0)]
3b40.2f24:     ProductName:     Microsoft® Windows® Operating System
3b40.2f24:     ProductVersion:  10.0.26100.8115
3b40.2f24:     FileVersion:     10.0.26100.8115 (WinBuild.160101.0800)
3b40.2f24:     FileDescription: ApiSet Schema DLL
3b40.2f24: root name: type=FilterConnectionPort name=UnionfsPort
3b40.2f24: root name: type=Mutant name=PendingRenameMutex
3b40.2f24: root name: type=Directory name=ObjectTypes
3b40.2f24: root name: type=FilterConnectionPort name=storqosfltport
3b40.2f24: root name: type=FilterConnectionPort name=MicrosoftMalwareProtectionRemoteIoPortWD
3b40.2f24: root name: type=Job name=Container_SpotifyAB.SpotifyMusic_1.288.483.0_x64__zpdnekdrzrea0-S-1-5-21-3785590987-250657344-32502646-1001
3b40.2f24: root name: type=FilterConnectionPort name=MicrosoftDataLossPreventionPort
3b40.2f24: root name: type=SymbolicLink name=SystemRoot
3b40.2f24: root name: type=Section name=Win32kSiloSessionGlobals
3b40.2f24: root name: type=Directory name=Sessions
3b40.2f24: root name: type=FilterConnectionPort name=MicrosoftMalwareProtectionVeryLowIoPortWD
3b40.2f24: root name: type=ALPC Port name=SleepstudyControlPort
3b40.2f24: root name: type=Directory name=ArcName
3b40.2f24: root name: type=FilterConnectionPort name=WcifsPort
3b40.2f24: root name: type=Directory name=NLS
3b40.2f24: root name: type=Event name=LanmanServerAnnounceEvent
3b40.2f24: root name: type=ALPC Port name=ThemeApiPort
3b40.2f24: root name: type=Directory name=Windows
3b40.2f24: root name: type=Directory name=GLOBAL??
3b40.2f24: root name: type=FilterConnectionPort name=GameFltCommunicationPort
3b40.2f24: root name: type=Directory name=RPC Control
3b40.2f24: root name: type=FilterConnectionPort name=MicrosoftDataLossPreventionControlPort
3b40.2f24: root name: type=ALPC Port name=PdcPort
3b40.2f24: root name: type=Job name=Container_Microsoft.WidgetsPlatformRuntime_1.6.14.0_x64__8wekyb3d8bbwe-S-1-5-21-3785590987-250657344-32502646-1001
3b40.2f24: root name: type=Job name=Container_MicrosoftWindows.Client.CBS_1000.26100.297.0_x64__cw5n1h2txyewy-S-1-5-21-3785590987-250657344-32502646-1001
3b40.2f24: root name: type=Event name=EFSInitEvent
3b40.2f24: root name: type=Job name=Container_MSTeams_26093.415.4620.1935_x64__8wekyb3d8bbwe-S-1-5-21-3785590987-250657344-32502646-1001
3b40.2f24: root name: type=SymbolicLink name=Dfs
3b40.2f24: root name: type=Device name=clfs
3b40.2f24: root name: type=FilterConnectionPort name=MicrosoftDataLossPreventionRemoteIoPort
3b40.2f24: root name: type=Job name=Container_Microsoft.YourPhone_1.26032.102.0_x64__8wekyb3d8bbwe-S-1-5-21-3785590987-250657344-32502646-1001
3b40.2f24: root name: type=Event name=CsrSbSyncEvent
3b40.2f24: root name: type=ALPC Port name=SeRmCommandPort
3b40.2f24: root name: type=SymbolicLink name=DosDevices
3b40.2f24: root name: type=Directory name=KnownDlls32
3b40.2f24: root name: type=Key name=REGISTRY
3b40.2f24: root name: type=Directory name=BaseNamedObjects
3b40.2f24: root name: type=FilterConnectionPort name=MicrosoftDataLossPreventionVeryLowIoPort
3b40.2f24: root name: type=ALPC Port name=PowerPort
3b40.2f24: root name: type=ALPC Port name=SmSsWinStationApiPort
3b40.2f24: root name: type=Event name=UniqueInteractiveSessionIdEvent
3b40.2f24: root name: type=Directory name=UMDFCommunicationPorts
3b40.2f24: root name: type=Job name=Container_AppleInc.iTunes_12139.10003.61011.0_x64__nzyj5cx40ttqa-S-1-5-21-3785590987-250657344-32502646-1001
3b40.2f24: root name: type=Job name=Container_MicrosoftWindows.Client.WebExperience_526.1202.40.0_x64__cw5n1h2txyewy-S-1-5-21-3785590987-250657344-32502646-1001
3b40.2f24: root name: type=Device name=FatCdrom
3b40.2f24: root name: type=Device name=Fat
3b40.2f24: root name: type=Directory name=KnownDlls
3b40.2f24: root name: type=ALPC Port name=PowerMonitorPort
3b40.2f24: root name: type=Device name=Ntfs
3b40.2f24: root name: type=Directory name=FileSystem
3b40.2f24: root name: type=Directory name=KernelObjects
3b40.2f24: root name: type=FilterConnectionPort name=MicrosoftMalwareProtectionControlPortWD
3b40.2f24: root name: type=Job name=Container_5319275A.WhatsAppDesktop_2.2616.100.0_x64__cv1g1gvanyjgm-S-1-5-21-3785590987-250657344-32502646-1001
3b40.2f24: root name: type=ALPC Port name=SeLsaCommandPort
3b40.2f24: root name: type=Directory name=Callback
3b40.2f24: root name: type=Job name=Container_Microsoft.GamingServices_36.113.2002.0_x64__8wekyb3d8bbwe-PackagedService
3b40.2f24: root name: type=FilterConnectionPort name=MicrosoftDataLossPreventionAsyncPort
3b40.2f24: root name: type=FilterConnectionPort name=BindFltPort
3b40.2f24: root name: type=Directory name=DriverStore
3b40.2f24: root name: type=Directory name=Security
3b40.2f24: root name: type=Job name=Container_MicrosoftWindows.CrossDevice_1.26032.83.0_x64__cw5n1h2txyewy-S-1-5-21-3785590987-250657344-32502646-1001
3b40.2f24: root name: type=FilterConnectionPort name=MicrosoftMalwareProtectionAsyncPortWD
3b40.2f24: root name: type=Directory name=Device
3b40.2f24: root name: type=SymbolicLink name=DriverData
3b40.2f24: root name: type=ALPC Port name=SmApiPort
3b40.2f24: root name: type=FilterConnectionPort name=CLDMSGPORT
3b40.2f24: root name: type=FilterConnectionPort name=MicrosoftMalwareProtectionPortWD
3b40.2f24: root name: type=SymbolicLink name=OSDataRoot
3b40.2f24: root name: type=Event name=SAM_SERVICE_STARTED
3b40.2f24: root name: type=Directory name=Driver
3b40.2f24: root name: type=SymbolicLink name=DriverStores
3b40.2f24: driver: type=Driver name=amdgpio2
3b40.2f24: driver: type=Driver name=fvevol
3b40.2f24: driver: type=Driver name=vdrvroot
3b40.2f24: driver: type=Driver name=VBoxSup
3b40.2f24: driver: type=Driver name=PptpMiniport
3b40.2f24: driver: type=Driver name=aehd
3b40.2f24: driver: type=Driver name=googlehaxm
3b40.2f24: driver: type=Driver name=NetBT
3b40.2f24: driver: type=Driver name=acpiex
3b40.2f24: driver: type=Driver name=Wdf01000
3b40.2f24: driver: type=Driver name=WdNisDrv
3b40.2f24: driver: type=Driver name=mpsdrv
3b40.2f24: driver: type=Driver name=BthA2dp
3b40.2f24: driver: type=Driver name=uiomap
3b40.2f24: driver: type=Driver name=ndproxy
3b40.2f24: driver: type=Driver name=lltdio
3b40.2f24: driver: type=Driver name=BthEnum
3b40.2f24: driver: type=Driver name=MMCSS
3b40.2f24: driver: type=Driver name=RegistryHiveCacheDriver
3b40.2f24: driver: type=Driver name=bam
3b40.2f24: driver: type=Driver name=Psched
3b40.2f24: driver: type=Driver name=BasicRender
3b40.2f24: driver: type=Driver name=disk
3b40.2f24: driver: type=Driver name=VBoxNetLwf
3b40.2f24: driver: type=Driver name=HTTP
3b40.2f24: driver: type=Driver name=Ndisuio
3b40.2f24: driver: type=Driver name=SpbCx
3b40.2f24: driver: type=Driver name=CAD
3b40.2f24: driver: type=Driver name=ATKWMIACPIIO
3b40.2f24: driver: type=Driver name=stornvme
3b40.2f24: driver: type=Driver name=vwifimp
3b40.2f24: driver: type=Driver name=WscVReg
3b40.2f24: driver: type=Driver name=monitor
3b40.2f24: driver: type=Driver name=ahcache
3b40.2f24: driver: type=Driver name=iorate
3b40.2f24: driver: type=Driver name=pcw
3b40.2f24: driver: type=Driver name=AmdPPM
3b40.2f24: driver: type=Driver name=Ucx01000
3b40.2f24: driver: type=Driver name=USBXHCI
3b40.2f24: driver: type=Driver name=partmgr
3b40.2f24: driver: type=Driver name=PEAUTH
3b40.2f24: driver: type=Driver name=MsLldp
3b40.2f24: driver: type=Driver name=Vid
3b40.2f24: driver: type=Driver name=vgk
3b40.2f24: driver: type=Driver name=ACPI_HAL
3b40.2f24: driver: type=Driver name=usbvideo
3b40.2f24: driver: type=Driver name=spaceport
3b40.2f24: driver: type=Driver name=Rasl2tp
3b40.2f24: driver: type=Driver name=vwififlt
3b40.2f24: driver: type=Driver name=condrv
3b40.2f24: driver: type=Driver name=vwifibus
3b40.2f24: driver: type=Driver name=DXGKrnl
3b40.2f24: driver: type=Driver name=PnpManager
3b40.2f24: driver: type=Driver name=AsusSAIO
3b40.2f24: driver: type=Driver name=Ld9BoxSup
3b40.2f24: driver: type=Driver name=Microsoft_Bluetooth_AvrcpTransport
3b40.2f24: driver: type=Driver name=Null
3b40.2f24: driver: type=Driver name=intelpep
3b40.2f24: driver: type=Driver name=PRM
3b40.2f24: driver: type=Driver name=RasAgileVpn
3b40.2f24: driver: type=Driver name=wanarp
3b40.2f24: driver: type=Driver name=e2esoft_ivcamaudio_simple
3b40.2f24: driver: type=Driver name=SoftwareDevice
3b40.2f24: driver: type=Driver name=RFCOMM
3b40.2f24: driver: type=Driver name=iVCam
3b40.2f24: driver: type=Driver name=CLFS
3b40.2f24: driver: type=Driver name=WindowsTrustedRTProxy
3b40.2f24: driver: type=Driver name=BthHFAud
3b40.2f24: driver: type=Driver name=CDD
3b40.2f24: driver: type=Driver name=amdacpbus
3b40.2f24: driver: type=Driver name=AMDXE
3b40.2f24: driver: type=Driver name=NdisCap
3b40.2f24: driver: type=Driver name=KSecDD
3b40.2f24: driver: type=Driver name=volmgr
3b40.2f24: driver: type=Driver name=DeviceApi
3b40.2f24: driver: type=Driver name=hidi2c
3b40.2f24: driver: type=Driver name=mtkwlex
3b40.2f24: driver: type=Driver name=umbus
3b40.2f24: driver: type=Driver name=CNG
3b40.2f24: driver: type=Driver name=Win32k
3b40.2f24: driver: type=Driver name=amdfendrmgr
3b40.2f24: driver: type=Driver name=i8042prt
3b40.2f24: driver: type=Driver name=npsvctrig
3b40.2f24: driver: type=Driver name=volume
3b40.2f24: driver: type=Driver name=KSecPkg
3b40.2f24: driver: type=Driver name=TPM
3b40.2f24: driver: type=Driver name=amdwps
3b40.2f24: driver: type=Driver name=AMDAfdAudioService
3b40.2f24: driver: type=Driver name=mouclass
3b40.2f24: driver: type=Driver name=wdiwifi
3b40.2f24: driver: type=Driver name=NativeWifiP
3b40.2f24: driver: type=Driver name=WINUSB
3b40.2f24: driver: type=Driver name=msisadrv
3b40.2f24: driver: type=Driver name=IntelPMT
3b40.2f24: driver: type=Driver name=Ndu
3b40.2f24: driver: type=Driver name=wtd
3b40.2f24: driver: type=Driver name=BthLEEnum
3b40.2f24: driver: type=Driver name=kbdclass
3b40.2f24: driver: type=Driver name=amduw23g-198974-eda2a421
3b40.2f24: driver: type=Driver name=hvservice
3b40.2f24: driver: type=Driver name=VBoxNetAdp
3b40.2f24: driver: type=Driver name=MTKBTFilterx64
3b40.2f24: driver: type=Driver name=mouhid
3b40.2f24: driver: type=Driver name=AMDSAFD
3b40.2f24: driver: type=Driver name=volsnap
3b40.2f24: driver: type=Driver name=amdpsp
3b40.2f24: driver: type=Driver name=GPIOClx0101
3b40.2f24: driver: type=Driver name=nsiproxy
3b40.2f24: driver: type=Driver name=WMIxWDM
3b40.2f24: driver: type=Driver name=RasSstp
3b40.2f24: driver: type=Driver name=BthPan
3b40.2f24: driver: type=Driver name=MSKSSRV
3b40.2f24: driver: type=Driver name=tdx
3b40.2f24: driver: type=Driver name=BTHUSB
3b40.2f24: driver: type=Driver name=AmdMicroPEP
3b40.2f24: driver: type=Driver name=WindowsTrustedRT
3b40.2f24: driver: type=Driver name=RasPppoe
3b40.2f24: driver: type=Driver name=Xvdd
3b40.2f24: driver: type=Driver name=AsusPTPDrv
3b40.2f24: driver: type=Driver name=HDAudBus
3b40.2f24: driver: type=Driver name=BasicDisplay
3b40.2f24: driver: type=Driver name=QWAVEdrv
3b40.2f24: driver: type=Driver name=BthHFEnum
3b40.2f24: driver: type=Driver name=rdpbus
3b40.2f24: driver: type=Driver name=AtiHDAudioService
3b40.2f24: driver: type=Driver name=UEFI
3b40.2f24: driver: type=Driver name=dam
3b40.2f24: driver: type=Driver name=pdc
3b40.2f24: driver: type=Driver name=rspndr
3b40.2f24: driver: type=Driver name=WmiAcpi
3b40.2f24: driver: type=Driver name=mssmbios
3b40.2f24: driver: type=Driver name=nvmedisk
3b40.2f24: driver: type=Driver name=volmgrx
3b40.2f24: driver: type=Driver name=pci
3b40.2f24: driver: type=Driver name=KslD
3b40.2f24: driver: type=Driver name=NdisVirtualBus
3b40.2f24: driver: type=Driver name=CmBatt
3b40.2f24: driver: type=Driver name=kdnic
3b40.2f24: driver: type=Driver name=cdrom
3b40.2f24: driver: type=Driver name=NDIS
3b40.2f24: driver: type=Driver name=MTConfig
3b40.2f24: driver: type=Driver name=swenum
3b40.2f24: driver: type=Driver name=amdfendr
3b40.2f24: driver: type=Driver name=AMDRyzenMasterDriverV31
3b40.2f24: driver: type=Driver name=rdyboost
3b40.2f24: driver: type=Driver name=WFPLWFS
3b40.2f24: driver: type=Driver name=Tcpip
3b40.2f24: driver: type=Driver name=BTHMODEM
3b40.2f24: driver: type=Driver name=USBHUB3
3b40.2f24: driver: type=Driver name=Beep
3b40.2f24: driver: type=Driver name=VBoxUSBMon
3b40.2f24: driver: type=Driver name=NdisTapi
3b40.2f24: driver: type=Driver name=usbccgp
3b40.2f24: driver: type=Driver name=AFD
3b40.2f24: driver: type=Driver name=mountmgr
3b40.2f24: driver: type=Driver name=tcpipreg
3b40.2f24: driver: type=Driver name=BTHPORT
3b40.2f24: driver: type=Driver name=IntcAzAudAddService
3b40.2f24: driver: type=Driver name=ksthunk
3b40.2f24: driver: type=Driver name=afunix
3b40.2f24: driver: type=Driver name=NdisWan
3b40.2f24: driver: type=Driver name=WUDFRd
3b40.2f24: driver: type=Driver name=mshidkmdf
3b40.2f24: driver: type=Driver name=amdi2c
3b40.2f24: driver: type=Driver name=CompositeBus
3b40.2f24: driver: type=Driver name=EhStorClass
3b40.2f24: driver: type=Driver name=ACPI
3b40.2f24: supR3HardenedWinFindAdversaries: 0x0
3b40.2f24: supR3HardenedWinInitAppBin(0x0): '\Device\HarddiskVolume3\Program Files\Oracle\VirtualBox'
3b40.2f24: Calling main()
3b40.2f24: SUPR3HardenedMain: pszProgName=VirtualBoxVM fFlags=0x2
3b40.2f24: supR3HardenedWinInitAppBin(0x2): '\Device\HarddiskVolume3\Program Files\Oracle\VirtualBox'
3b40.2f24: SUPR3HardenedMain: Respawn #1
3b40.2f24: System32:  \Device\HarddiskVolume3\Windows\System32
3b40.2f24: WinSxS:    \Device\HarddiskVolume3\Windows\WinSxS
3b40.2f24: KnownDllPath: C:\WINDOWS\System32
3b40.2f24: supR3HardenedWinInit: Performing a limited self purification...
3b40.2f24: supHardNtVpScanVirtualMemory: enmKind=SELF_PURIFICATION
3b40.2f24:  *0000000000000000-000000007ffdffff 0x0001/0x0000 0x0000000
3b40.2f24:  *000000007ffe0000-000000007ffe0fff 0x0002/0x0002 0x0020000
3b40.2f24:   000000007ffe1000-000000007ffe1fff 0x0001/0x0000 0x0000000
3b40.2f24:  *000000007ffe2000-000000007ffe2fff 0x0002/0x0002 0x0020000
3b40.2f24:   000000007ffe3000-0000006817dfffff 0x0001/0x0000 0x0000000
3b40.2f24:  *0000006817e00000-0000006817f55fff 0x0000/0x0004 0x0020000
3b40.2f24:   0000006817f56000-0000006817f58fff 0x0004/0x0004 0x0020000
3b40.2f24:   0000006817f59000-0000006817ffffff 0x0000/0x0004 0x0020000
3b40.2f24:  *0000006818000000-00000068180b8fff 0x0000/0x0004 0x0020000
3b40.2f24:   00000068180b9000-00000068180bbfff 0x0104/0x0004 0x0020000
3b40.2f24:   00000068180bc000-00000068180fffff 0x0004/0x0004 0x0020000
3b40.2f24:   0000006818100000-000001a26e9bffff 0x0001/0x0000 0x0000000
3b40.2f24:  *000001a26e9c0000-000001a26e9c0fff 0x0004/0x0004 0x0040000
3b40.2f24:   000001a26e9c1000-000001a26e9c1fff 0x0000/0x0004 0x0040000
3b40.2f24:   000001a26e9c2000-000001a26e9cffff 0x0001/0x0000 0x0000000
3b40.2f24:  *000001a26e9d0000-000001a26e9dffff 0x0004/0x0004 0x0040000
3b40.2f24:  *000001a26e9e0000-000001a26ea09fff 0x0002/0x0002 0x0040000
3b40.2f24:   000001a26ea0a000-000001a26ea0ffff 0x0001/0x0000 0x0000000
3b40.2f24:  *000001a26ea10000-000001a26ea13fff 0x0002/0x0002 0x0040000
3b40.2f24:   000001a26ea14000-000001a26ea1ffff 0x0001/0x0000 0x0000000
3b40.2f24:  *000001a26ea20000-000001a26ea20fff 0x0002/0x0002 0x0040000
3b40.2f24:   000001a26ea21000-000001a26ea2ffff 0x0001/0x0000 0x0000000
3b40.2f24:  *000001a26ea30000-000001a26ea31fff 0x0004/0x0004 0x0020000
3b40.2f24:   000001a26ea32000-000001a26ea3ffff 0x0001/0x0000 0x0000000
3b40.2f24:  *000001a26ea40000-000001a26ea42fff 0x0002/0x0002 0x0040000
3b40.2f24:   000001a26ea43000-000001a26ea4ffff 0x0001/0x0000 0x0000000
3b40.2f24:  *000001a26ea50000-000001a26ea58fff 0x0002/0x0002 0x0040000
3b40.2f24:   000001a26ea59000-000001a26ea5ffff 0x0001/0x0000 0x0000000
3b40.2f24:  *000001a26ea60000-000001a26ea68fff 0x0002/0x0002 0x0040000
3b40.2f24:   000001a26ea69000-000001a26ea6ffff 0x0001/0x0000 0x0000000
3b40.2f24:  *000001a26ea70000-000001a26ea73fff 0x0002/0x0002 0x0040000
3b40.2f24:   000001a26ea74000-000001a26ea7ffff 0x0001/0x0000 0x0000000
3b40.2f24:  *000001a26ea80000-000001a26ea84fff 0x0002/0x0002 0x0040000
3b40.2f24:   000001a26ea85000-000001a26ea8ffff 0x0001/0x0000 0x0000000
3b40.2f24:  *000001a26ea90000-000001a26ea92fff 0x0002/0x0002 0x0040000
3b40.2f24:   000001a26ea93000-000001a26ea9ffff 0x0001/0x0000 0x0000000
3b40.2f24:  *000001a26eaa0000-000001a26eb72fff 0x0002/0x0002 0x0040000
3b40.2f24:   000001a26eb73000-000001a26effffff 0x0001/0x0000 0x0000000
3b40.2f24:  *000001a26f000000-000001a26f001fff 0x0004/0x0004 0x0020000
3b40.2f24:   000001a26f002000-000001a26f0fffff 0x0000/0x0004 0x0020000
3b40.2f24:   000001a26f100000-000001a26f10efff 0x0004/0x0004 0x0020000
3b40.2f24:   000001a26f10f000-000001a26f112fff 0x0000/0x0004 0x0020000
3b40.2f24:   000001a26f113000-000001a26f115fff 0x0004/0x0004 0x0020000
3b40.2f24:   000001a26f116000-000001a26f1fffff 0x0000/0x0004 0x0020000
3b40.2f24:   000001a26f200000-000001a26f200fff 0x0004/0x0004 0x0020000
3b40.2f24:   000001a26f201000-000001a26f2fffff 0x0000/0x0004 0x0020000
3b40.2f24:   000001a26f300000-000001a26f302fff 0x0004/0x0004 0x0020000
3b40.2f24:   000001a26f303000-000001a26f3fffff 0x0000/0x0004 0x0020000
3b40.2f24:   000001a26f400000-000001a26f401fff 0x0004/0x0004 0x0020000
3b40.2f24:   000001a26f402000-000001a26f4fffff 0x0000/0x0004 0x0020000
3b40.2f24:   000001a26f500000-000001a26f511fff 0x0004/0x0004 0x0020000
3b40.2f24:   000001a26f512000-000001a26f512fff 0x0000/0x0004 0x0020000
3b40.2f24:   000001a26f513000-000001a26f52dfff 0x0004/0x0004 0x0020000
3b40.2f24:   000001a26f52e000-000001a26f52efff 0x0000/0x0004 0x0020000
3b40.2f24:   000001a26f52f000-000001a26f53efff 0x0004/0x0004 0x0020000
3b40.2f24:   000001a26f53f000-000001a26f547fff 0x0000/0x0004 0x0020000
3b40.2f24:   000001a26f548000-000001a26f548fff 0x0004/0x0004 0x0020000
3b40.2f24:   000001a26f549000-000001a26fffffff 0x0000/0x0004 0x0020000
3b40.2f24:  *000001a270000000-000001a270001fff 0x0004/0x0004 0x0020000
3b40.2f24:   000001a270002000-000001a27000ffff 0x0000/0x0004 0x0020000
3b40.2f24:   000001a270010000-000001a270276fff 0x0004/0x0004 0x0020000
3b40.2f24:   000001a270277000-000001a270ffffff 0x0000/0x0004 0x0020000
3b40.2f24:   000001a271000000-00007df4be70ffff 0x0001/0x0000 0x0000000
3b40.2f24:  *00007df4be710000-00007df4be714fff 0x0002/0x0002 0x0040000
3b40.2f24:   00007df4be715000-00007df4be80ffff 0x0000/0x0002 0x0040000
3b40.2f24:  *00007df4be810000-00007df4c1c5cfff 0x0000/0x0004 0x0020000
3b40.2f24:   00007df4c1c5d000-00007df4c1c5efff 0x0004/0x0004 0x0020000
3b40.2f24:   00007df4c1c5f000-00007df5be80ffff 0x0000/0x0004 0x0020000
3b40.2f24:   00007df5be810000-00007df5be810fff 0x0004/0x0004 0x0020000
3b40.2f24:   00007df5be811000-00007df5be82ffff 0x0000/0x0004 0x0020000
3b40.2f24:  *00007df5be830000-00007df5be897fff 0x0000/0x0004 0x0020000
3b40.2f24:   00007df5be898000-00007df5be898fff 0x0004/0x0004 0x0020000
3b40.2f24:   00007df5be899000-00007df5c082ffff 0x0000/0x0004 0x0020000
3b40.2f24:   00007df5c0830000-00007df5c0830fff 0x0004/0x0004 0x0020000
3b40.2f24:   00007df5c0831000-00007df5c083ffff 0x0001/0x0000 0x0000000
3b40.2f24:  *00007df5c0840000-00007df5c0840fff 0x0002/0x0002 0x0040000
3b40.2f24:   00007df5c0841000-00007df5c084ffff 0x0001/0x0000 0x0000000
3b40.2f24:  *00007df5c0850000-00007df5c236cfff 0x0000/0x0001 0x0040000
3b40.2f24:   00007df5c236d000-00007df5c23a7fff 0x0001/0x0001 0x0040000
3b40.2f24:   00007df5c23a8000-00007df5c2624fff 0x0000/0x0001 0x0040000
3b40.2f24:   00007df5c2625000-00007df5c2625fff 0x0001/0x0001 0x0040000
3b40.2f24:   00007df5c2626000-00007ff5a05ebfff 0x0000/0x0001 0x0040000
3b40.2f24:   00007ff5a05ec000-00007ff5a05f0fff 0x0002/0x0001 0x0040000
3b40.2f24:   00007ff5a05f1000-00007ff5a084ffff 0x0000/0x0001 0x0040000
3b40.2f24:   00007ff5a0850000-00007ff5a0a82fff 0x0001/0x0001 0x0040000
3b40.2f24:   00007ff5a0a83000-00007ff5a0a85fff 0x0002/0x0001 0x0040000
3b40.2f24:   00007ff5a0a86000-00007ff5a0b3cfff 0x0001/0x0001 0x0040000
3b40.2f24:   00007ff5a0b3d000-00007ff5a0b4dfff 0x0002/0x0001 0x0040000
3b40.2f24:   00007ff5a0b4e000-00007ff5a0b7efff 0x0001/0x0001 0x0040000
3b40.2f24:   00007ff5a0b7f000-00007ff5a0b82fff 0x0002/0x0001 0x0040000
3b40.2f24:   00007ff5a0b83000-00007ff5a0bfdfff 0x0001/0x0001 0x0040000
3b40.2f24:   00007ff5a0bfe000-00007ff5a0c07fff 0x0002/0x0001 0x0040000
3b40.2f24:   00007ff5a0c08000-00007ff5bd286fff 0x0000/0x0001 0x0040000
3b40.2f24:   00007ff5bd287000-00007ff5c084ffff 0x0001/0x0001 0x0040000
3b40.2f24:   00007ff5c0850000-00007ff7f670ffff 0x0001/0x0000 0x0000000
3b40.2f24:  *00007ff7f6710000-00007ff7f6710fff 0x0002/0x0080 0x1000000  \Device\HarddiskVolume3\Program Files\Oracle\VirtualBox\VirtualBoxVM.exe
3b40.2f24:   00007ff7f6711000-00007ff7f677cfff 0x0020/0x0080 0x1000000  \Device\HarddiskVolume3\Program Files\Oracle\VirtualBox\VirtualBoxVM.exe
3b40.2f24:   00007ff7f677d000-00007ff7f677dfff 0x0080/0x0080 0x1000000  \Device\HarddiskVolume3\Program Files\Oracle\VirtualBox\VirtualBoxVM.exe
3b40.2f24:   00007ff7f677e000-00007ff7f67d2fff 0x0002/0x0080 0x1000000  \Device\HarddiskVolume3\Program Files\Oracle\VirtualBox\VirtualBoxVM.exe
3b40.2f24:   00007ff7f67d3000-00007ff7f67d5fff 0x0004/0x0080 0x1000000  \Device\HarddiskVolume3\Program Files\Oracle\VirtualBox\VirtualBoxVM.exe
3b40.2f24:   00007ff7f67d6000-00007ff7f67d8fff 0x0008/0x0080 0x1000000  \Device\HarddiskVolume3\Program Files\Oracle\VirtualBox\VirtualBoxVM.exe
3b40.2f24:   00007ff7f67d9000-00007ff7f67defff 0x0004/0x0080 0x1000000  \Device\HarddiskVolume3\Program Files\Oracle\VirtualBox\VirtualBoxVM.exe
3b40.2f24:   00007ff7f67df000-00007ff7f67dffff 0x0008/0x0080 0x1000000  \Device\HarddiskVolume3\Program Files\Oracle\VirtualBox\VirtualBoxVM.exe
3b40.2f24:   00007ff7f67e0000-00007ff7f681afff 0x0002/0x0080 0x1000000  \Device\HarddiskVolume3\Program Files\Oracle\VirtualBox\VirtualBoxVM.exe
3b40.2f24:   00007ff7f681b000-00007ff808ccffff 0x0001/0x0000 0x0000000
3b40.2f24:  *00007ff808cd0000-00007ff808cd0fff 0x0002/0x0080 0x1000000  \Device\HarddiskVolume3\Windows\System32\apphelp.dll
3b40.2f24:   00007ff808cd1000-00007ff808d2afff 0x0020/0x0080 0x1000000  \Device\HarddiskVolume3\Windows\System32\apphelp.dll
3b40.2f24:   00007ff808d2b000-00007ff808d50fff 0x0002/0x0080 0x1000000  \Device\HarddiskVolume3\Windows\System32\apphelp.dll
3b40.2f24:   00007ff808d51000-00007ff808d52fff 0x0004/0x0080 0x1000000  \Device\HarddiskVolume3\Windows\System32\apphelp.dll
3b40.2f24:   00007ff808d53000-00007ff808d6efff 0x0002/0x0080 0x1000000  \Device\HarddiskVolume3\Windows\System32\apphelp.dll
3b40.2f24:   00007ff808d6f000-00007ff80bb5ffff 0x0001/0x0000 0x0000000
3b40.2f24:  *00007ff80bb60000-00007ff80bb60fff 0x0002/0x0080 0x1000000  \Device\HarddiskVolume3\Windows\System32\KernelBase.dll
3b40.2f24:   00007ff80bb61000-00007ff80bd05fff 0x0020/0x0080 0x1000000  \Device\HarddiskVolume3\Windows\System32\KernelBase.dll
3b40.2f24:   00007ff80bd06000-00007ff80befafff 0x0002/0x0080 0x1000000  \Device\HarddiskVolume3\Windows\System32\KernelBase.dll
3b40.2f24:   00007ff80befb000-00007ff80befefff 0x0004/0x0080 0x1000000  \Device\HarddiskVolume3\Windows\System32\KernelBase.dll
3b40.2f24:   00007ff80beff000-00007ff80befffff 0x0008/0x0080 0x1000000  \Device\HarddiskVolume3\Windows\System32\KernelBase.dll
3b40.2f24:   00007ff80bf00000-00007ff80bf03fff 0x0004/0x0080 0x1000000  \Device\HarddiskVolume3\Windows\System32\KernelBase.dll
3b40.2f24:   00007ff80bf04000-00007ff80bf05fff 0x0008/0x0080 0x1000000  \Device\HarddiskVolume3\Windows\System32\KernelBase.dll
3b40.2f24:   00007ff80bf06000-00007ff80bf53fff 0x0002/0x0080 0x1000000  \Device\HarddiskVolume3\Windows\System32\KernelBase.dll
3b40.2f24:   00007ff80bf54000-00007ff80cbcffff 0x0001/0x0000 0x0000000
3b40.2f24:  *00007ff80cbd0000-00007ff80cbd0fff 0x0002/0x0080 0x1000000  \Device\HarddiskVolume3\Windows\System32\kernel32.dll
3b40.2f24:   00007ff80cbd1000-00007ff80cc56fff 0x0020/0x0080 0x1000000  \Device\HarddiskVolume3\Windows\System32\kernel32.dll
3b40.2f24:   00007ff80cc57000-00007ff80cc8efff 0x0002/0x0080 0x1000000  \Device\HarddiskVolume3\Windows\System32\kernel32.dll
3b40.2f24:   00007ff80cc8f000-00007ff80cc90fff 0x0004/0x0080 0x1000000  \Device\HarddiskVolume3\Windows\System32\kernel32.dll
3b40.2f24:   00007ff80cc91000-00007ff80cc98fff 0x0002/0x0080 0x1000000  \Device\HarddiskVolume3\Windows\System32\kernel32.dll
3b40.2f24:   00007ff80cc99000-00007ff80eb7ffff 0x0001/0x0000 0x0000000
3b40.2f24:  *00007ff80eb80000-00007ff80eb80fff 0x0002/0x0080 0x1000000  \Device\HarddiskVolume3\Windows\System32\ntdll.dll
3b40.2f24:   00007ff80eb81000-00007ff80ecf2fff 0x0020/0x0080 0x1000000  \Device\HarddiskVolume3\Windows\System32\ntdll.dll
3b40.2f24:   00007ff80ecf3000-00007ff80ed4bfff 0x0002/0x0080 0x1000000  \Device\HarddiskVolume3\Windows\System32\ntdll.dll
3b40.2f24:   00007ff80ed4c000-00007ff80ed54fff 0x0004/0x0080 0x1000000  \Device\HarddiskVolume3\Windows\System32\ntdll.dll
3b40.2f24:   00007ff80ed55000-00007ff80ede6fff 0x0002/0x0080 0x1000000  \Device\HarddiskVolume3\Windows\System32\ntdll.dll
3b40.2f24:   00007ff80ede7000-00007ffffffeffff 0x0001/0x0000 0x0000000
3b40.2f24: kernel32.dll: timestamp 0x7635528f (rc=VINF_SUCCESS)
3b40.2f24: kernelbase.dll: timestamp 0x208e0cb7 (rc=VINF_SUCCESS)
3b40.2f24: apphelp.dll: timestamp 0x85e734b7 (rc=VINF_SUCCESS)
3b40.2f24: VirtualBoxVM.exe: timestamp 0x69e35820 (rc=VINF_SUCCESS)
3b40.2f24: '\Device\HarddiskVolume3\Program Files\Oracle\VirtualBox\VirtualBoxVM.exe' has no imports
3b40.2f24: VirtualBoxVM.exe: Differences in section #7 (.0000cfg() between file and memory:
3b40.2f24:   00007ff7f67e7000 / 0x00d7000: 30 != f0
3b40.2f24:   00007ff7f67e7001 / 0x00d7001: 24 != 14
3b40.2f24:   00007ff7f67e7002 / 0x00d7002: 71 != ca
3b40.2f24:   00007ff7f67e7003 / 0x00d7003: f6 != 0e
3b40.2f24:   00007ff7f67e7004 / 0x00d7004: f7 != f8
3b40.2f24:   00007ff7f67e7008 / 0x00d7008: 35 != 90
3b40.2f24:   00007ff7f67e7009 / 0x00d7009: 24 != 15
3b40.2f24:   00007ff7f67e700a / 0x00d700a: 71 != ca
3b40.2f24:   00007ff7f67e700b / 0x00d700b: f6 != 0e
3b40.2f24:   00007ff7f67e700c / 0x00d700c: f7 != f8
3b40.2f24:   00007ff7f67e7010 / 0x00d7010: 30 != f0
3b40.2f24:   00007ff7f67e7011 / 0x00d7011: 24 != 14
3b40.2f24:   00007ff7f67e7012 / 0x00d7012: 71 != ca
3b40.2f24:   00007ff7f67e7013 / 0x00d7013: f6 != 0e
3b40.2f24:   00007ff7f67e7014 / 0x00d7014: f7 != f8
3b40.2f24:   00007ff7f67e7018 / 0x00d7018: 3b != 90
3b40.2f24:   00007ff7f67e7019 / 0x00d7019: 24 != 15
3b40.2f24:   00007ff7f67e701a / 0x00d701a: 71 != ca
3b40.2f24:   00007ff7f67e701b / 0x00d701b: f6 != 0e
3b40.2f24:   00007ff7f67e701c / 0x00d701c: f7 != f8
3b40.2f24:   00007ff7f67e7020 / 0x00d7020: 3b != 90
3b40.2f24:   00007ff7f67e7021 / 0x00d7021: 24 != 15
3b40.2f24:   00007ff7f67e7022 / 0x00d7022: 71 != ca
3b40.2f24:   00007ff7f67e7023 / 0x00d7023: f6 != 0e
3b40.2f24:   00007ff7f67e7024 / 0x00d7024: f7 != f8
3b40.2f24:   Restored 0x28 bytes of original file content at 00007ff7f67e7000
3b40.2f24: VirtualBoxVM.exe: Differences in section #8 (.rsrc) between file and memory:
3b40.2f24:   00007ff7f6818b70 / 0x0108b70: 00 != 50
3b40.2f24:   00007ff7f6818b71 / 0x0108b71: 00 != 41
3b40.2f24:   00007ff7f6818b72 / 0x0108b72: 00 != 44
3b40.2f24:   00007ff7f6818b73 / 0x0108b73: 00 != 44
3b40.2f24:   00007ff7f6818b74 / 0x0108b74: 00 != 49
3b40.2f24:   00007ff7f6818b75 / 0x0108b75: 00 != 4e
3b40.2f24:   00007ff7f6818b76 / 0x0108b76: 00 != 47
3b40.2f24:   00007ff7f6818b77 / 0x0108b77: 00 != 58
3b40.2f24:   00007ff7f6818b78 / 0x0108b78: 00 != 58
3b40.2f24:   00007ff7f6818b79 / 0x0108b79: 00 != 50
3b40.2f24:   00007ff7f6818b7a / 0x0108b7a: 00 != 41
3b40.2f24:   00007ff7f6818b7b / 0x0108b7b: 00 != 44
3b40.2f24:   00007ff7f6818b7c / 0x0108b7c: 00 != 44
3b40.2f24:   00007ff7f6818b7d / 0x0108b7d: 00 != 49
3b40.2f24:   00007ff7f6818b7e / 0x0108b7e: 00 != 4e
3b40.2f24:   00007ff7f6818b7f / 0x0108b7f: 00 != 47
3b40.2f24:   00007ff7f6818b80 / 0x0108b80: 00 != 50
3b40.2f24:   00007ff7f6818b81 / 0x0108b81: 00 != 41
3b40.2f24:   00007ff7f6818b82 / 0x0108b82: 00 != 44
3b40.2f24:   00007ff7f6818b83 / 0x0108b83: 00 != 44
3b40.2f24:   00007ff7f6818b84 / 0x0108b84: 00 != 49
3b40.2f24:   00007ff7f6818b85 / 0x0108b85: 00 != 4e
3b40.2f24:   00007ff7f6818b86 / 0x0108b86: 00 != 47
3b40.2f24:   00007ff7f6818b87 / 0x0108b87: 00 != 58
3b40.2f24:   00007ff7f6818b88 / 0x0108b88: 00 != 58
3b40.2f24:   00007ff7f6818b89 / 0x0108b89: 00 != 50
3b40.2f24:   00007ff7f6818b8a / 0x0108b8a: 00 != 41
3b40.2f24:   00007ff7f6818b8b / 0x0108b8b: 00 != 44
3b40.2f24:   00007ff7f6818b8c / 0x0108b8c: 00 != 44
3b40.2f24:   00007ff7f6818b8d / 0x0108b8d: 00 != 49
3b40.2f24:   00007ff7f6818b8e / 0x0108b8e: 00 != 4e
3b40.2f24:   00007ff7f6818b8f / 0x0108b8f: 00 != 47
3b40.2f24:   00007ff7f6818b90 / 0x0108b90: 00 != 50
3b40.2f24:   00007ff7f6818b91 / 0x0108b91: 00 != 41
3b40.2f24:   00007ff7f6818b92 / 0x0108b92: 00 != 44
3b40.2f24:   00007ff7f6818b93 / 0x0108b93: 00 != 44
3b40.2f24:   00007ff7f6818b94 / 0x0108b94: 00 != 49
3b40.2f24:   00007ff7f6818b95 / 0x0108b95: 00 != 4e
3b40.2f24:   00007ff7f6818b96 / 0x0108b96: 00 != 47
3b40.2f24:   00007ff7f6818b97 / 0x0108b97: 00 != 58
3b40.2f24:   00007ff7f6818b98 / 0x0108b98: 00 != 58
3b40.2f24:   00007ff7f6818b99 / 0x0108b99: 00 != 50
3b40.2f24:   00007ff7f6818b9a / 0x0108b9a: 00 != 41
3b40.2f24:   00007ff7f6818b9b / 0x0108b9b: 00 != 44
3b40.2f24:   00007ff7f6818b9c / 0x0108b9c: 00 != 44
3b40.2f24:   00007ff7f6818b9d / 0x0108b9d: 00 != 49
3b40.2f24:   00007ff7f6818b9e / 0x0108b9e: 00 != 4e
3b40.2f24:   00007ff7f6818b9f / 0x0108b9f: 00 != 47
3b40.2f24:   00007ff7f6818ba0 / 0x0108ba0: 00 != 50
3b40.2f24:   00007ff7f6818ba1 / 0x0108ba1: 00 != 41
3b40.2f24:   00007ff7f6818ba2 / 0x0108ba2: 00 != 44
3b40.2f24:   00007ff7f6818ba3 / 0x0108ba3: 00 != 44
3b40.2f24:   00007ff7f6818ba4 / 0x0108ba4: 00 != 49
3b40.2f24:   00007ff7f6818ba5 / 0x0108ba5: 00 != 4e
3b40.2f24:   00007ff7f6818ba6 / 0x0108ba6: 00 != 47
3b40.2f24:   00007ff7f6818ba7 / 0x0108ba7: 00 != 58
3b40.2f24:   00007ff7f6818ba8 / 0x0108ba8: 00 != 58
3b40.2f24:   00007ff7f6818ba9 / 0x0108ba9: 00 != 50
3b40.2f24:   00007ff7f6818baa / 0x0108baa: 00 != 41
3b40.2f24:   00007ff7f6818bab / 0x0108bab: 00 != 44
3b40.2f24:   00007ff7f6818bac / 0x0108bac: 00 != 44
3b40.2f24:   00007ff7f6818bad / 0x0108bad: 00 != 49
3b40.2f24:   00007ff7f6818bae / 0x0108bae: 00 != 4e
3b40.2f24:   00007ff7f6818baf / 0x0108baf: 00 != 47
3b40.2f24:   00007ff7f6818bb0 / 0x0108bb0: 00 != 50
3b40.2f24:   00007ff7f6818bb1 / 0x0108bb1: 00 != 41
3b40.2f24:   00007ff7f6818bb2 / 0x0108bb2: 00 != 44
3b40.2f24:   00007ff7f6818bb3 / 0x0108bb3: 00 != 44
3b40.2f24:   00007ff7f6818bb4 / 0x0108bb4: 00 != 49
3b40.2f24:   00007ff7f6818bb5 / 0x0108bb5: 00 != 4e
3b40.2f24:   00007ff7f6818bb6 / 0x0108bb6: 00 != 47
3b40.2f24:   00007ff7f6818bb7 / 0x0108bb7: 00 != 58
3b40.2f24:   00007ff7f6818bb8 / 0x0108bb8: 00 != 58
3b40.2f24:   00007ff7f6818bb9 / 0x0108bb9: 00 != 50
3b40.2f24:   00007ff7f6818bba / 0x0108bba: 00 != 41
3b40.2f24:   00007ff7f6818bbb / 0x0108bbb: 00 != 44
3b40.2f24:   00007ff7f6818bbc / 0x0108bbc: 00 != 44
3b40.2f24:   00007ff7f6818bbd / 0x0108bbd: 00 != 49
3b40.2f24:   00007ff7f6818bbe / 0x0108bbe: 00 != 4e
3b40.2f24:   00007ff7f6818bbf / 0x0108bbf: 00 != 47
3b40.2f24:   00007ff7f6818bc0 / 0x0108bc0: 00 != 50
3b40.2f24:   00007ff7f6818bc1 / 0x0108bc1: 00 != 41
3b40.2f24:   00007ff7f6818bc2 / 0x0108bc2: 00 != 44
3b40.2f24:   00007ff7f6818bc3 / 0x0108bc3: 00 != 44
3b40.2f24:   00007ff7f6818bc4 / 0x0108bc4: 00 != 49
3b40.2f24:   00007ff7f6818bc5 / 0x0108bc5: 00 != 4e
3b40.2f24:   00007ff7f6818bc6 / 0x0108bc6: 00 != 47
3b40.2f24:   00007ff7f6818bc7 / 0x0108bc7: 00 != 58
3b40.2f24:   00007ff7f6818bc8 / 0x0108bc8: 00 != 58
3b40.2f24:   00007ff7f6818bc9 / 0x0108bc9: 00 != 50
3b40.2f24:   00007ff7f6818bca / 0x0108bca: 00 != 41
3b40.2f24:   00007ff7f6818bcb / 0x0108bcb: 00 != 44
3b40.2f24:   00007ff7f6818bcc / 0x0108bcc: 00 != 44
3b40.2f24:   00007ff7f6818bcd / 0x0108bcd: 00 != 49
3b40.2f24:   00007ff7f6818bce / 0x0108bce: 00 != 4e
3b40.2f24:   00007ff7f6818bcf / 0x0108bcf: 00 != 47
3b40.2f24:   00007ff7f6818bd0 / 0x0108bd0: 00 != 50
3b40.2f24:   00007ff7f6818bd1 / 0x0108bd1: 00 != 41
3b40.2f24:   00007ff7f6818bd2 / 0x0108bd2: 00 != 44
3b40.2f24:   00007ff7f6818bd3 / 0x0108bd3: 00 != 44
3b40.2f24:   00007ff7f6818bd4 / 0x0108bd4: 00 != 49
3b40.2f24:   00007ff7f6818bd5 / 0x0108bd5: 00 != 4e
3b40.2f24:   00007ff7f6818bd6 / 0x0108bd6: 00 != 47
3b40.2f24:   00007ff7f6818bd7 / 0x0108bd7: 00 != 58
3b40.2f24:   00007ff7f6818bd8 / 0x0108bd8: 00 != 58
3b40.2f24:   00007ff7f6818bd9 / 0x0108bd9: 00 != 50
3b40.2f24:   00007ff7f6818bda / 0x0108bda: 00 != 41
3b40.2f24:   00007ff7f6818bdb / 0x0108bdb: 00 != 44
3b40.2f24:   00007ff7f6818bdc / 0x0108bdc: 00 != 44
3b40.2f24:   00007ff7f6818bdd / 0x0108bdd: 00 != 49
3b40.2f24:   00007ff7f6818bde / 0x0108bde: 00 != 4e
3b40.2f24:   00007ff7f6818bdf / 0x0108bdf: 00 != 47
3b40.2f24:   00007ff7f6818be0 / 0x0108be0: 00 != 50
3b40.2f24:   00007ff7f6818be1 / 0x0108be1: 00 != 41
3b40.2f24:   00007ff7f6818be2 / 0x0108be2: 00 != 44
3b40.2f24:   00007ff7f6818be3 / 0x0108be3: 00 != 44
3b40.2f24:   00007ff7f6818be4 / 0x0108be4: 00 != 49
3b40.2f24:   00007ff7f6818be5 / 0x0108be5: 00 != 4e
3b40.2f24:   00007ff7f6818be6 / 0x0108be6: 00 != 47
3b40.2f24:   00007ff7f6818be7 / 0x0108be7: 00 != 58
3b40.2f24:   00007ff7f6818be8 / 0x0108be8: 00 != 58
3b40.2f24:   00007ff7f6818be9 / 0x0108be9: 00 != 50
3b40.2f24:   00007ff7f6818bea / 0x0108bea: 00 != 41
3b40.2f24:   00007ff7f6818beb / 0x0108beb: 00 != 44
3b40.2f24:   00007ff7f6818bec / 0x0108bec: 00 != 44
3b40.2f24:   00007ff7f6818bed / 0x0108bed: 00 != 49
3b40.2f24:   00007ff7f6818bee / 0x0108bee: 00 != 4e
3b40.2f24:   00007ff7f6818bef / 0x0108bef: 00 != 47
3b40.2f24:   00007ff7f6818bf0 / 0x0108bf0: 00 != 50
3b40.2f24:   00007ff7f6818bf1 / 0x0108bf1: 00 != 41
3b40.2f24:   00007ff7f6818bf2 / 0x0108bf2: 00 != 44
3b40.2f24:   00007ff7f6818bf3 / 0x0108bf3: 00 != 44
3b40.2f24:   00007ff7f6818bf4 / 0x0108bf4: 00 != 49
3b40.2f24:   00007ff7f6818bf5 / 0x0108bf5: 00 != 4e
3b40.2f24:   00007ff7f6818bf6 / 0x0108bf6: 00 != 47
3b40.2f24:   00007ff7f6818bf7 / 0x0108bf7: 00 != 58
3b40.2f24:   00007ff7f6818bf8 / 0x0108bf8: 00 != 58
3b40.2f24:   00007ff7f6818bf9 / 0x0108bf9: 00 != 50
3b40.2f24:   00007ff7f6818bfa / 0x0108bfa: 00 != 41
3b40.2f24:   00007ff7f6818bfb / 0x0108bfb: 00 != 44
3b40.2f24:   00007ff7f6818bfc / 0x0108bfc: 00 != 44
3b40.2f24:   00007ff7f6818bfd / 0x0108bfd: 00 != 49
3b40.2f24:   00007ff7f6818bfe / 0x0108bfe: 00 != 4e
3b40.2f24:   00007ff7f6818bff / 0x0108bff: 00 != 47
3b40.2f24:   Restored 0x490 bytes of original file content at 00007ff7f6818b70
3b40.2f24: '\Device\HarddiskVolume3\Windows\System32\ntdll.dll' has no imports
3b40.2f24: ntdll.dll: Differences in section #12 (.00cfg) between file and memory:
3b40.2f24:   00007ff80ed66000 / 0x01e6000: c0 != 90
3b40.2f24:   00007ff80ed66001 / 0x01e6001: 71 != 15
3b40.2f24:   00007ff80ed66002 / 0x01e6002: ce != ca
3b40.2f24:   00007ff80ed66008 / 0x01e6008: 50 != f0
3b40.2f24:   00007ff80ed66009 / 0x01e6009: c2 != 14
3b40.2f24:   00007ff80ed6600a / 0x01e600a: c7 != ca
3b40.2f24:   00007ff80ed66010 / 0x01e6010: f0 != 90
3b40.2f24:   00007ff80ed66011 / 0x01e6011: 71 != 15
3b40.2f24:   00007ff80ed66012 / 0x01e6012: ce != ca
3b40.2f24:   00007ff80ed66018 / 0x01e6018: f0 != 90
3b40.2f24:   00007ff80ed66019 / 0x01e6019: 71 != 15
3b40.2f24:   00007ff80ed6601a / 0x01e601a: ce != ca
3b40.2f24:   Restored 0x28 bytes of original file content at 00007ff80ed66000
3b40.2f24: kernel32.dll: Differences in section #3 (.rdata) between file and memory:
3b40.2f24:   00007ff80cc5b488 / 0x008b488: d0 != 00
3b40.2f24:   00007ff80cc5b489 / 0x008b489: 1f != ee
3b40.2f24:   00007ff80cc5b48b / 0x008b48b: 0e != 08
3b40.2f24:   00007ff80cc5b528 / 0x008b528: e0 != 80
3b40.2f24:   00007ff80cc5b529 / 0x008b529: 26 != 8e
3b40.2f24:   00007ff80cc5b52a / 0x008b52a: ce != cf
3b40.2f24:   00007ff80cc5b52b / 0x008b52b: 0e != 08
3b40.2f24:   00007ff80cc5b618 / 0x008b618: 90 != e0
3b40.2f24:   00007ff80cc5b619 / 0x008b619: 25 != f0
3b40.2f24:   00007ff80cc5b61b / 0x008b61b: 0e != 08
3b40.2f24:   00007ff80cc5ba00 / 0x008ba00: 90 != e0
3b40.2f24:   00007ff80cc5ba01 / 0x008ba01: 25 != f0
3b40.2f24:   00007ff80cc5ba03 / 0x008ba03: 0e != 08
3b40.2f24:   00007ff80cc5bb60 / 0x008bb60: d0 != f0
3b40.2f24:   00007ff80cc5bb61 / 0x008bb61: 85 != 14
3b40.2f24:   00007ff80cc5bb62 / 0x008bb62: c2 != ca
3b40.2f24:   00007ff80cc5bb63 / 0x008bb63: 0c != 0e
3b40.2f24:   00007ff80cc5bb68 / 0x008bb68: a0 != 90
3b40.2f24:   00007ff80cc5bb69 / 0x008bb69: 43 != 15
3b40.2f24:   00007ff80cc5bb6a / 0x008bb6a: c5 != ca
3b40.2f24:   00007ff80cc5bb6b / 0x008bb6b: 0c != 0e
3b40.2f24:   00007ff80cc5bb70 / 0x008bb70: d0 != f0
3b40.2f24:   00007ff80cc5bb71 / 0x008bb71: 85 != 14
3b40.2f24:   00007ff80cc5bb72 / 0x008bb72: c2 != ca
3b40.2f24:   00007ff80cc5bb73 / 0x008bb73: 0c != 0e
3b40.2f24:   00007ff80cc5bb78 / 0x008bb78: d0 != 90
3b40.2f24:   00007ff80cc5bb79 / 0x008bb79: 43 != 15
3b40.2f24:   00007ff80cc5bb7a / 0x008bb7a: c5 != ca
3b40.2f24:   00007ff80cc5bb7b / 0x008bb7b: 0c != 0e
3b40.2f24:   00007ff80cc5bb80 / 0x008bb80: d0 != 90
3b40.2f24:   00007ff80cc5bb81 / 0x008bb81: 43 != 15
3b40.2f24:   00007ff80cc5bb82 / 0x008bb82: c5 != ca
3b40.2f24:   00007ff80cc5bb83 / 0x008bb83: 0c != 0e
3b40.2f24:   Restored 0x2000 bytes of original file content at 00007ff80cc5b000
3b40.2f24: kernelbase.dll: Differences in section #3 (.rdata) between file and memory:
3b40.2f24:   00007ff80bdf29c8 / 0x02929c8: d0 != 00
3b40.2f24:   00007ff80bdf29c9 / 0x02929c9: 1f != ee
3b40.2f24:   00007ff80bdf29cb / 0x02929cb: 0e != 08
3b40.2f24:   00007ff80bdf2a08 / 0x0292a08: 90 != e0
3b40.2f24:   00007ff80bdf2a09 / 0x0292a09: 25 != f0
3b40.2f24:   00007ff80bdf2a0b / 0x0292a0b: 0e != 08
3b40.2f24:   00007ff80bdf2b48 / 0x0292b48: e0 != 80
3b40.2f24:   00007ff80bdf2b49 / 0x0292b49: 26 != 8e
3b40.2f24:   00007ff80bdf2b4a / 0x0292b4a: ce != cf
3b40.2f24:   00007ff80bdf2b4b / 0x0292b4b: 0e != 08
3b40.2f24:   00007ff80bdf3348 / 0x0293348: e0 != 80
3b40.2f24:   00007ff80bdf3349 / 0x0293349: 26 != 8e
3b40.2f24:   00007ff80bdf334a / 0x029334a: ce != cf
3b40.2f24:   00007ff80bdf334b / 0x029334b: 0e != 08
3b40.2f24:   00007ff80bdf3fa0 / 0x0293fa0: 60 != f0
3b40.2f24:   00007ff80bdf3fa1 / 0x0293fa1: 56 != 14
3b40.2f24:   00007ff80bdf3fa2 / 0x0293fa2: c8 != ca
3b40.2f24:   00007ff80bdf3fa3 / 0x0293fa3: 0b != 0e
3b40.2f24:   00007ff80bdf3fa8 / 0x0293fa8: f0 != 90
3b40.2f24:   00007ff80bdf3fa9 / 0x0293fa9: 2e != 15
3b40.2f24:   00007ff80bdf3faa / 0x0293faa: cf != ca
3b40.2f24:   00007ff80bdf3fab / 0x0293fab: 0b != 0e
3b40.2f24:   00007ff80bdf3fb0 / 0x0293fb0: 60 != f0
3b40.2f24:   00007ff80bdf3fb1 / 0x0293fb1: 56 != 14
3b40.2f24:   00007ff80bdf3fb2 / 0x0293fb2: c8 != ca
3b40.2f24:   00007ff80bdf3fb3 / 0x0293fb3: 0b != 0e
3b40.2f24:   00007ff80bdf3fb8 / 0x0293fb8: 20 != 90
3b40.2f24:   00007ff80bdf3fb9 / 0x0293fb9: 2f != 15
3b40.2f24:   00007ff80bdf3fba / 0x0293fba: cf != ca
3b40.2f24:   00007ff80bdf3fbb / 0x0293fbb: 0b != 0e
3b40.2f24:   00007ff80bdf3fc0 / 0x0293fc0: 20 != 90
3b40.2f24:   00007ff80bdf3fc1 / 0x0293fc1: 2f != 15
3b40.2f24:   00007ff80bdf3fc2 / 0x0293fc2: cf != ca
3b40.2f24:   00007ff80bdf3fc3 / 0x0293fc3: 0b != 0e
3b40.2f24:   Restored 0x2000 bytes of original file content at 00007ff80bdf2000
3b40.2f24: apphelp.dll: Differences in section #3 (.rdata) between file and memory:
3b40.2f24:   00007ff808d2d470 / 0x005d470: 30 != 90
3b40.2f24:   00007ff808d2d471 / 0x005d471: e2 != c6
3b40.2f24:   00007ff808d2d473 / 0x005d473: 0b != 0c
3b40.2f24:   00007ff808d2d478 / 0x005d478: 00 != e0
3b40.2f24:   00007ff808d2d479 / 0x005d479: d2 != 82
3b40.2f24:   00007ff808d2d47a / 0x005d47a: c2 != c0
3b40.2f24:   00007ff808d2d47b / 0x005d47b: 0b != 0c
3b40.2f24:   00007ff808d2d480 / 0x005d480: 40 != 70
3b40.2f24:   00007ff808d2d481 / 0x005d481: aa != 49
3b40.2f24:   00007ff808d2d482 / 0x005d482: c8 != bf
3b40.2f24:   00007ff808d2d483 / 0x005d483: 0b != 0c
3b40.2f24:   00007ff808d2d488 / 0x005d488: 50 != 10
3b40.2f24:   00007ff808d2d489 / 0x005d489: 3a != 52
3b40.2f24:   00007ff808d2d48a / 0x005d48a: c2 != c0
3b40.2f24:   00007ff808d2d48b / 0x005d48b: 0b != 0c
3b40.2f24:   00007ff808d2d490 / 0x005d490: 60 != b0
3b40.2f24:   00007ff808d2d491 / 0x005d491: 62 != 25
3b40.2f24:   00007ff808d2d492 / 0x005d492: c6 != c1
3b40.2f24:   00007ff808d2d493 / 0x005d493: 0b != 0c
3b40.2f24:   00007ff808d2d4a0 / 0x005d4a0: 60 != e0
3b40.2f24:   00007ff808d2d4a1 / 0x005d4a1: 7c != 36
3b40.2f24:   00007ff808d2d4a2 / 0x005d4a2: c6 != bf
3b40.2f24:   00007ff808d2d4a3 / 0x005d4a3: 0b != 0c
3b40.2f24:   00007ff808d2d4a8 / 0x005d4a8: 50 != 20
3b40.2f24:   00007ff808d2d4a9 / 0x005d4a9: c3 != 86
3b40.2f24:   00007ff808d2d4aa / 0x005d4aa: bf != be
3b40.2f24:   00007ff808d2d4ab / 0x005d4ab: 0b != 0c
3b40.2f24:   00007ff808d2d4b8 / 0x005d4b8: 20 != 60
3b40.2f24:   00007ff808d2d4b9 / 0x005d4b9: 2e != 3c
3b40.2f24:   00007ff808d2d4ba / 0x005d4ba: ba != c0
3b40.2f24:   00007ff808d2d4bb / 0x005d4bb: 0b != 0c
3b40.2f24:   00007ff808d2dae8 / 0x005dae8: 00 != f0
3b40.2f24:   00007ff808d2dae9 / 0x005dae9: 7d != 14
3b40.2f24:   00007ff808d2daea / 0x005daea: d0 != ca
3b40.2f24:   00007ff808d2daeb / 0x005daeb: 08 != 0e
3b40.2f24:   00007ff808d2daf0 / 0x005daf0: 30 != 90
3b40.2f24:   00007ff808d2daf1 / 0x005daf1: 93 != 15
3b40.2f24:   00007ff808d2daf2 / 0x005daf2: d2 != ca
3b40.2f24:   00007ff808d2daf3 / 0x005daf3: 08 != 0e
3b40.2f24:   00007ff808d2daf8 / 0x005daf8: 00 != f0
3b40.2f24:   00007ff808d2daf9 / 0x005daf9: 7d != 14
3b40.2f24:   00007ff808d2dafa / 0x005dafa: d0 != ca
3b40.2f24:   00007ff808d2dafb / 0x005dafb: 08 != 0e
3b40.2f24:   00007ff808d2db00 / 0x005db00: 60 != 90
3b40.2f24:   00007ff808d2db01 / 0x005db01: 93 != 15
3b40.2f24:   00007ff808d2db02 / 0x005db02: d2 != ca
3b40.2f24:   00007ff808d2db03 / 0x005db03: 08 != 0e
3b40.2f24:   00007ff808d2db08 / 0x005db08: 60 != 90
3b40.2f24:   00007ff808d2db09 / 0x005db09: 93 != 15
3b40.2f24:   00007ff808d2db0a / 0x005db0a: d2 != ca
3b40.2f24:   00007ff808d2db0b / 0x005db0b: 08 != 0e
3b40.2f24:   Restored 0x2000 bytes of original file content at 00007ff808d2d000
3b40.2f24: supHardNtVpCheckHandles:
3b40.2f24: supR3HardenedWinInit: SUPHARDNTVPKIND_SELF_PURIFICATION_LIMITED -> VINF_SUCCESS, cFixes=6
3b40.2f24: '\Device\HarddiskVolume3\Program Files\Oracle\VirtualBox\VirtualBoxVM.exe' has no imports
3b40.2f24: supHardenedWinVerifyImageByHandle: -> 0 (\Device\HarddiskVolume3\Program Files\Oracle\VirtualBox\VirtualBoxVM.exe)
3b40.2f24: supR3HardNtEnableThreadCreationEx:
3b40.2f24: supR3HardNtDisableThreadCreation: pvLdrInitThunk=00007ff80ec6b070 pvNtTerminateThread=00007ff80ece2550 g_LdrInitThunkSelfBackup.cb=10
3b40.2f24: supR3HardenedWinDoReSpawn(1): New child 45f4.46f8 [kernel32].
3b40.2f24: supR3HardNtChildGatherData: PebBaseAddress=000000c43e59a000 cbPeb=0x388
3b40.2f24: supR3HardNtPuChFindNtdll: uNtDllParentAddr=00007ff80eb80000 uNtDllChildAddr=00007ff80eb80000
3b40.2f24: supR3HardenedWinSetupChildInit: uLdrInitThunk=00007ff80ec6b070
3b40.2f24: supR3HardenedWinSetupChildInit: Initial context:
  rax=0000000000000000 rbx=0000000000000000 rcx=00007ff7f671c2b0 rdx=000000c43e59a000
  rsi=0000000000000000 rdi=0000000000000000 r8 =0000000000000000 r9 =0000000000000000
  r10=0000000000000000 r11=0000000000000000 r12=0000000000000000 r13=0000000000000000
  r14=0000000000000000 r15=0000000000000000  P1=0000000000000000  P2=0000000000000000
  rip=00007ff80ec0c3d0 rsp=000000c43e6ff8c8 rbp=0000000000000000    ctxflags=0010001b
  cs=0033 ss=002b ds=0000 es=0000 fs=0000 gs=0000    eflags=00000200   mxcrx=00001f80
   P3=0000000000000000  P4=0000000000000000  P5=0000000000000000  P6=0000000000000000
  dr0=0000000000000000 dr1=0000000000000000 dr2=0000000000000000 dr3=0000000000000000
  dr6=0000000000000000 dr7=0000000000000000 vcr=0000000000000000 dcr=0000000000000000
  lbt=0000000000000000 lbf=0000000000000000 lxt=0000000000000000 lxf=0000000000000000
3b40.2f24: supR3HardenedWinSetupChildInit: Start child.
3b40.2f24: supR3HardNtChildWaitFor: Found expected request 0 (PurifyChildAndCloseHandles) after 1 ms.
3b40.2f24: supR3HardNtChildPurify: Startup delay kludge #1/0: 267 ms, 17 sleeps
3b40.2f24: supHardNtVpScanVirtualMemory: enmKind=CHILD_PURIFICATION
3b40.2f24:  *0000000000000000-000000007ffdffff 0x0001/0x0000 0x0000000
3b40.2f24:  *000000007ffe0000-000000007ffe0fff 0x0002/0x0002 0x0020000
3b40.2f24:   000000007ffe1000-000000007ffe1fff 0x0001/0x0000 0x0000000
3b40.2f24:  *000000007ffe2000-000000007ffe2fff 0x0002/0x0002 0x0020000
3b40.2f24:   000000007ffe3000-000000c43e3fffff 0x0001/0x0000 0x0000000
3b40.2f24:  *000000c43e400000-000000c43e599fff 0x0000/0x0004 0x0020000
3b40.2f24:   000000c43e59a000-000000c43e59cfff 0x0004/0x0004 0x0020000
3b40.2f24:   000000c43e59d000-000000c43e5fffff 0x0000/0x0004 0x0020000
3b40.2f24:  *000000c43e600000-000000c43e6fafff 0x0000/0x0004 0x0020000
3b40.2f24:   000000c43e6fb000-000000c43e6fdfff 0x0104/0x0004 0x0020000
3b40.2f24:   000000c43e6fe000-000000c43e6fffff 0x0004/0x0004 0x0020000
3b40.2f24:   000000c43e700000-00000278226bffff 0x0001/0x0000 0x0000000
3b40.2f24:  *00000278226c0000-00000278226dffff 0x0004/0x0004 0x0020000
3b40.2f24:  *00000278226e0000-0000027822709fff 0x0002/0x0002 0x0040000
3b40.2f24:   000002782270a000-000002782270ffff 0x0001/0x0000 0x0000000
3b40.2f24:  *0000027822710000-0000027822713fff 0x0002/0x0002 0x0040000
3b40.2f24:   0000027822714000-000002782271ffff 0x0001/0x0000 0x0000000
3b40.2f24:  *0000027822720000-0000027822720fff 0x0002/0x0002 0x0040000
3b40.2f24:   0000027822721000-000002782272ffff 0x0001/0x0000 0x0000000
3b40.2f24:  *0000027822730000-0000027822731fff 0x0004/0x0004 0x0020000
3b40.2f24:   0000027822732000-00007df5c083ffff 0x0001/0x0000 0x0000000
3b40.2f24:  *00007df5c0840000-00007df5c0840fff 0x0002/0x0002 0x0040000
3b40.2f24:   00007df5c0841000-00007df5c084ffff 0x0001/0x0000 0x0000000
3b40.2f24:  *00007df5c0850000-00007df5c236cfff 0x0000/0x0001 0x0040000
3b40.2f24:   00007df5c236d000-00007df5c23a7fff 0x0001/0x0001 0x0040000
3b40.2f24:   00007df5c23a8000-00007df5c2624fff 0x0000/0x0001 0x0040000
3b40.2f24:   00007df5c2625000-00007df5c2625fff 0x0001/0x0001 0x0040000
3b40.2f24:   00007df5c2626000-00007ff5a05ebfff 0x0000/0x0001 0x0040000
3b40.2f24:   00007ff5a05ec000-00007ff5a05f0fff 0x0002/0x0001 0x0040000
3b40.2f24:   00007ff5a05f1000-00007ff5a084ffff 0x0000/0x0001 0x0040000
3b40.2f24:   00007ff5a0850000-00007ff5a0bfdfff 0x0001/0x0001 0x0040000
3b40.2f24:   00007ff5a0bfe000-00007ff5a0c07fff 0x0002/0x0001 0x0040000
3b40.2f24:   00007ff5a0c08000-00007ff5bd286fff 0x0000/0x0001 0x0040000
3b40.2f24:   00007ff5bd287000-00007ff5c084ffff 0x0001/0x0001 0x0040000
3b40.2f24:   00007ff5c0850000-00007ff7f670ffff 0x0001/0x0000 0x0000000
3b40.2f24:  *00007ff7f6710000-00007ff7f6710fff 0x0002/0x0080 0x1000000  \Device\HarddiskVolume3\Program Files\Oracle\VirtualBox\VirtualBoxVM.exe
3b40.2f24:   00007ff7f6711000-00007ff7f677cfff 0x0020/0x0080 0x1000000  \Device\HarddiskVolume3\Program Files\Oracle\VirtualBox\VirtualBoxVM.exe
3b40.2f24:   00007ff7f677d000-00007ff7f677dfff 0x0080/0x0080 0x1000000  \Device\HarddiskVolume3\Program Files\Oracle\VirtualBox\VirtualBoxVM.exe
3b40.2f24:   00007ff7f677e000-00007ff7f67d2fff 0x0002/0x0080 0x1000000  \Device\HarddiskVolume3\Program Files\Oracle\VirtualBox\VirtualBoxVM.exe
3b40.2f24:   00007ff7f67d3000-00007ff7f67d3fff 0x0004/0x0080 0x1000000  \Device\HarddiskVolume3\Program Files\Oracle\VirtualBox\VirtualBoxVM.exe
3b40.2f24:   00007ff7f67d4000-00007ff7f67d4fff 0x0008/0x0080 0x1000000  \Device\HarddiskVolume3\Program Files\Oracle\VirtualBox\VirtualBoxVM.exe
3b40.2f24:   00007ff7f67d5000-00007ff7f67d9fff 0x0004/0x0080 0x1000000  \Device\HarddiskVolume3\Program Files\Oracle\VirtualBox\VirtualBoxVM.exe
3b40.2f24:   00007ff7f67da000-00007ff7f67dffff 0x0008/0x0080 0x1000000  \Device\HarddiskVolume3\Program Files\Oracle\VirtualBox\VirtualBoxVM.exe
3b40.2f24:   00007ff7f67e0000-00007ff7f681afff 0x0002/0x0080 0x1000000  \Device\HarddiskVolume3\Program Files\Oracle\VirtualBox\VirtualBoxVM.exe
3b40.2f24:   00007ff7f681b000-00007ff80eb7ffff 0x0001/0x0000 0x0000000
3b40.2f24:  *00007ff80eb80000-00007ff80eb80fff 0x0002/0x0080 0x1000000  \Device\HarddiskVolume3\Windows\System32\ntdll.dll
3b40.2f24:   00007ff80eb81000-00007ff80ecf2fff 0x0020/0x0080 0x1000000  \Device\HarddiskVolume3\Windows\System32\ntdll.dll
3b40.2f24:   00007ff80ecf3000-00007ff80ed4bfff 0x0002/0x0080 0x1000000  \Device\HarddiskVolume3\Windows\System32\ntdll.dll
3b40.2f24:   00007ff80ed4c000-00007ff80ed54fff 0x0008/0x0080 0x1000000  \Device\HarddiskVolume3\Windows\System32\ntdll.dll
3b40.2f24:   00007ff80ed55000-00007ff80ed66fff 0x0002/0x0080 0x1000000  \Device\HarddiskVolume3\Windows\System32\ntdll.dll
3b40.2f24:   00007ff80ed67000-00007ff80ed69fff 0x0008/0x0080 0x1000000  \Device\HarddiskVolume3\Windows\System32\ntdll.dll
3b40.2f24:   00007ff80ed6a000-00007ff80ed6afff 0x0004/0x0080 0x1000000  \Device\HarddiskVolume3\Windows\System32\ntdll.dll
3b40.2f24:   00007ff80ed6b000-00007ff80ede6fff 0x0002/0x0080 0x1000000  \Device\HarddiskVolume3\Windows\System32\ntdll.dll
3b40.2f24:   00007ff80ede7000-00007ffffffeffff 0x0001/0x0000 0x0000000
3b40.2f24: VirtualBoxVM.exe: Differences in section #8 (.rsrc) between file and memory:
3b40.2f24:   00007ff7f6818b70 / 0x0108b70: 00 != 50
3b40.2f24:   00007ff7f6818b71 / 0x0108b71: 00 != 41
3b40.2f24:   00007ff7f6818b72 / 0x0108b72: 00 != 44
3b40.2f24:   00007ff7f6818b73 / 0x0108b73: 00 != 44
3b40.2f24:   00007ff7f6818b74 / 0x0108b74: 00 != 49
3b40.2f24:   00007ff7f6818b75 / 0x0108b75: 00 != 4e
3b40.2f24:   00007ff7f6818b76 / 0x0108b76: 00 != 47
3b40.2f24:   00007ff7f6818b77 / 0x0108b77: 00 != 58
3b40.2f24:   00007ff7f6818b78 / 0x0108b78: 00 != 58
3b40.2f24:   00007ff7f6818b79 / 0x0108b79: 00 != 50
3b40.2f24:   00007ff7f6818b7a / 0x0108b7a: 00 != 41
3b40.2f24:   00007ff7f6818b7b / 0x0108b7b: 00 != 44
3b40.2f24:   00007ff7f6818b7c / 0x0108b7c: 00 != 44
3b40.2f24:   00007ff7f6818b7d / 0x0108b7d: 00 != 49
3b40.2f24:   00007ff7f6818b7e / 0x0108b7e: 00 != 4e
3b40.2f24:   00007ff7f6818b7f / 0x0108b7f: 00 != 47
3b40.2f24:   00007ff7f6818b80 / 0x0108b80: 00 != 50
3b40.2f24:   00007ff7f6818b81 / 0x0108b81: 00 != 41
3b40.2f24:   00007ff7f6818b82 / 0x0108b82: 00 != 44
3b40.2f24:   00007ff7f6818b83 / 0x0108b83: 00 != 44
3b40.2f24:   00007ff7f6818b84 / 0x0108b84: 00 != 49
3b40.2f24:   00007ff7f6818b85 / 0x0108b85: 00 != 4e
3b40.2f24:   00007ff7f6818b86 / 0x0108b86: 00 != 47
3b40.2f24:   00007ff7f6818b87 / 0x0108b87: 00 != 58
3b40.2f24:   00007ff7f6818b88 / 0x0108b88: 00 != 58
3b40.2f24:   00007ff7f6818b89 / 0x0108b89: 00 != 50
3b40.2f24:   00007ff7f6818b8a / 0x0108b8a: 00 != 41
3b40.2f24:   00007ff7f6818b8b / 0x0108b8b: 00 != 44
3b40.2f24:   00007ff7f6818b8c / 0x0108b8c: 00 != 44
3b40.2f24:   00007ff7f6818b8d / 0x0108b8d: 00 != 49
3b40.2f24:   00007ff7f6818b8e / 0x0108b8e: 00 != 4e
3b40.2f24:   00007ff7f6818b8f / 0x0108b8f: 00 != 47
3b40.2f24:   00007ff7f6818b90 / 0x0108b90: 00 != 50
3b40.2f24:   00007ff7f6818b91 / 0x0108b91: 00 != 41
3b40.2f24:   00007ff7f6818b92 / 0x0108b92: 00 != 44
3b40.2f24:   00007ff7f6818b93 / 0x0108b93: 00 != 44
3b40.2f24:   00007ff7f6818b94 / 0x0108b94: 00 != 49
3b40.2f24:   00007ff7f6818b95 / 0x0108b95: 00 != 4e
3b40.2f24:   00007ff7f6818b96 / 0x0108b96: 00 != 47
3b40.2f24:   00007ff7f6818b97 / 0x0108b97: 00 != 58
3b40.2f24:   00007ff7f6818b98 / 0x0108b98: 00 != 58
3b40.2f24:   00007ff7f6818b99 / 0x0108b99: 00 != 50
3b40.2f24:   00007ff7f6818b9a / 0x0108b9a: 00 != 41
3b40.2f24:   00007ff7f6818b9b / 0x0108b9b: 00 != 44
3b40.2f24:   00007ff7f6818b9c / 0x0108b9c: 00 != 44
3b40.2f24:   00007ff7f6818b9d / 0x0108b9d: 00 != 49
3b40.2f24:   00007ff7f6818b9e / 0x0108b9e: 00 != 4e
3b40.2f24:   00007ff7f6818b9f / 0x0108b9f: 00 != 47
3b40.2f24:   00007ff7f6818ba0 / 0x0108ba0: 00 != 50
3b40.2f24:   00007ff7f6818ba1 / 0x0108ba1: 00 != 41
3b40.2f24:   00007ff7f6818ba2 / 0x0108ba2: 00 != 44
3b40.2f24:   00007ff7f6818ba3 / 0x0108ba3: 00 != 44
3b40.2f24:   00007ff7f6818ba4 / 0x0108ba4: 00 != 49
3b40.2f24:   00007ff7f6818ba5 / 0x0108ba5: 00 != 4e
3b40.2f24:   00007ff7f6818ba6 / 0x0108ba6: 00 != 47
3b40.2f24:   00007ff7f6818ba7 / 0x0108ba7: 00 != 58
3b40.2f24:   00007ff7f6818ba8 / 0x0108ba8: 00 != 58
3b40.2f24:   00007ff7f6818ba9 / 0x0108ba9: 00 != 50
3b40.2f24:   00007ff7f6818baa / 0x0108baa: 00 != 41
3b40.2f24:   00007ff7f6818bab / 0x0108bab: 00 != 44
3b40.2f24:   00007ff7f6818bac / 0x0108bac: 00 != 44
3b40.2f24:   00007ff7f6818bad / 0x0108bad: 00 != 49
3b40.2f24:   00007ff7f6818bae / 0x0108bae: 00 != 4e
3b40.2f24:   00007ff7f6818baf / 0x0108baf: 00 != 47
3b40.2f24:   00007ff7f6818bb0 / 0x0108bb0: 00 != 50
3b40.2f24:   00007ff7f6818bb1 / 0x0108bb1: 00 != 41
3b40.2f24:   00007ff7f6818bb2 / 0x0108bb2: 00 != 44
3b40.2f24:   00007ff7f6818bb3 / 0x0108bb3: 00 != 44
3b40.2f24:   00007ff7f6818bb4 / 0x0108bb4: 00 != 49
3b40.2f24:   00007ff7f6818bb5 / 0x0108bb5: 00 != 4e
3b40.2f24:   00007ff7f6818bb6 / 0x0108bb6: 00 != 47
3b40.2f24:   00007ff7f6818bb7 / 0x0108bb7: 00 != 58
3b40.2f24:   00007ff7f6818bb8 / 0x0108bb8: 00 != 58
3b40.2f24:   00007ff7f6818bb9 / 0x0108bb9: 00 != 50
3b40.2f24:   00007ff7f6818bba / 0x0108bba: 00 != 41
3b40.2f24:   00007ff7f6818bbb / 0x0108bbb: 00 != 44
3b40.2f24:   00007ff7f6818bbc / 0x0108bbc: 00 != 44
3b40.2f24:   00007ff7f6818bbd / 0x0108bbd: 00 != 49
3b40.2f24:   00007ff7f6818bbe / 0x0108bbe: 00 != 4e
3b40.2f24:   00007ff7f6818bbf / 0x0108bbf: 00 != 47
3b40.2f24:   00007ff7f6818bc0 / 0x0108bc0: 00 != 50
3b40.2f24:   00007ff7f6818bc1 / 0x0108bc1: 00 != 41
3b40.2f24:   00007ff7f6818bc2 / 0x0108bc2: 00 != 44
3b40.2f24:   00007ff7f6818bc3 / 0x0108bc3: 00 != 44
3b40.2f24:   00007ff7f6818bc4 / 0x0108bc4: 00 != 49
3b40.2f24:   00007ff7f6818bc5 / 0x0108bc5: 00 != 4e
3b40.2f24:   00007ff7f6818bc6 / 0x0108bc6: 00 != 47
3b40.2f24:   00007ff7f6818bc7 / 0x0108bc7: 00 != 58
3b40.2f24:   00007ff7f6818bc8 / 0x0108bc8: 00 != 58
3b40.2f24:   00007ff7f6818bc9 / 0x0108bc9: 00 != 50
3b40.2f24:   00007ff7f6818bca / 0x0108bca: 00 != 41
3b40.2f24:   00007ff7f6818bcb / 0x0108bcb: 00 != 44
3b40.2f24:   00007ff7f6818bcc / 0x0108bcc: 00 != 44
3b40.2f24:   00007ff7f6818bcd / 0x0108bcd: 00 != 49
3b40.2f24:   00007ff7f6818bce / 0x0108bce: 00 != 4e
3b40.2f24:   00007ff7f6818bcf / 0x0108bcf: 00 != 47
3b40.2f24:   00007ff7f6818bd0 / 0x0108bd0: 00 != 50
3b40.2f24:   00007ff7f6818bd1 / 0x0108bd1: 00 != 41
3b40.2f24:   00007ff7f6818bd2 / 0x0108bd2: 00 != 44
3b40.2f24:   00007ff7f6818bd3 / 0x0108bd3: 00 != 44
3b40.2f24:   00007ff7f6818bd4 / 0x0108bd4: 00 != 49
3b40.2f24:   00007ff7f6818bd5 / 0x0108bd5: 00 != 4e
3b40.2f24:   00007ff7f6818bd6 / 0x0108bd6: 00 != 47
3b40.2f24:   00007ff7f6818bd7 / 0x0108bd7: 00 != 58
3b40.2f24:   00007ff7f6818bd8 / 0x0108bd8: 00 != 58
3b40.2f24:   00007ff7f6818bd9 / 0x0108bd9: 00 != 50
3b40.2f24:   00007ff7f6818bda / 0x0108bda: 00 != 41
3b40.2f24:   00007ff7f6818bdb / 0x0108bdb: 00 != 44
3b40.2f24:   00007ff7f6818bdc / 0x0108bdc: 00 != 44
3b40.2f24:   00007ff7f6818bdd / 0x0108bdd: 00 != 49
3b40.2f24:   00007ff7f6818bde / 0x0108bde: 00 != 4e
3b40.2f24:   00007ff7f6818bdf / 0x0108bdf: 00 != 47
3b40.2f24:   00007ff7f6818be0 / 0x0108be0: 00 != 50
3b40.2f24:   00007ff7f6818be1 / 0x0108be1: 00 != 41
3b40.2f24:   00007ff7f6818be2 / 0x0108be2: 00 != 44
3b40.2f24:   00007ff7f6818be3 / 0x0108be3: 00 != 44
3b40.2f24:   00007ff7f6818be4 / 0x0108be4: 00 != 49
3b40.2f24:   00007ff7f6818be5 / 0x0108be5: 00 != 4e
3b40.2f24:   00007ff7f6818be6 / 0x0108be6: 00 != 47
3b40.2f24:   00007ff7f6818be7 / 0x0108be7: 00 != 58
3b40.2f24:   00007ff7f6818be8 / 0x0108be8: 00 != 58
3b40.2f24:   00007ff7f6818be9 / 0x0108be9: 00 != 50
3b40.2f24:   00007ff7f6818bea / 0x0108bea: 00 != 41
3b40.2f24:   00007ff7f6818beb / 0x0108beb: 00 != 44
3b40.2f24:   00007ff7f6818bec / 0x0108bec: 00 != 44
3b40.2f24:   00007ff7f6818bed / 0x0108bed: 00 != 49
3b40.2f24:   00007ff7f6818bee / 0x0108bee: 00 != 4e
3b40.2f24:   00007ff7f6818bef / 0x0108bef: 00 != 47
3b40.2f24:   00007ff7f6818bf0 / 0x0108bf0: 00 != 50
3b40.2f24:   00007ff7f6818bf1 / 0x0108bf1: 00 != 41
3b40.2f24:   00007ff7f6818bf2 / 0x0108bf2: 00 != 44
3b40.2f24:   00007ff7f6818bf3 / 0x0108bf3: 00 != 44
3b40.2f24:   00007ff7f6818bf4 / 0x0108bf4: 00 != 49
3b40.2f24:   00007ff7f6818bf5 / 0x0108bf5: 00 != 4e
3b40.2f24:   00007ff7f6818bf6 / 0x0108bf6: 00 != 47
3b40.2f24:   00007ff7f6818bf7 / 0x0108bf7: 00 != 58
3b40.2f24:   00007ff7f6818bf8 / 0x0108bf8: 00 != 58
3b40.2f24:   00007ff7f6818bf9 / 0x0108bf9: 00 != 50
3b40.2f24:   00007ff7f6818bfa / 0x0108bfa: 00 != 41
3b40.2f24:   00007ff7f6818bfb / 0x0108bfb: 00 != 44
3b40.2f24:   00007ff7f6818bfc / 0x0108bfc: 00 != 44
3b40.2f24:   00007ff7f6818bfd / 0x0108bfd: 00 != 49
3b40.2f24:   00007ff7f6818bfe / 0x0108bfe: 00 != 4e
3b40.2f24:   00007ff7f6818bff / 0x0108bff: 00 != 47
3b40.2f24:   Restored 0x490 bytes of original file content at 00007ff7f6818b70
3b40.2f24: supR3HardNtChildPurify: cFixes=1 g_fSupAdversaries=0x80000000
3b40.2f24: supR3HardNtChildPurify: Startup delay kludge #1/1: 523 ms, 34 sleeps
3b40.2f24: supHardNtVpScanVirtualMemory: enmKind=CHILD_PURIFICATION
3b40.2f24:  *0000000000000000-000000007ffdffff 0x0001/0x0000 0x0000000
3b40.2f24:  *000000007ffe0000-000000007ffe0fff 0x0002/0x0002 0x0020000
3b40.2f24:   000000007ffe1000-000000007ffe1fff 0x0001/0x0000 0x0000000
3b40.2f24:  *000000007ffe2000-000000007ffe2fff 0x0002/0x0002 0x0020000
3b40.2f24:   000000007ffe3000-000000c43e3fffff 0x0001/0x0000 0x0000000
3b40.2f24:  *000000c43e400000-000000c43e599fff 0x0000/0x0004 0x0020000
3b40.2f24:   000000c43e59a000-000000c43e59cfff 0x0004/0x0004 0x0020000
3b40.2f24:   000000c43e59d000-000000c43e5fffff 0x0000/0x0004 0x0020000
3b40.2f24:  *000000c43e600000-000000c43e6fafff 0x0000/0x0004 0x0020000
3b40.2f24:   000000c43e6fb000-000000c43e6fdfff 0x0104/0x0004 0x0020000
3b40.2f24:   000000c43e6fe000-000000c43e6fffff 0x0004/0x0004 0x0020000
3b40.2f24:   000000c43e700000-00000278226bffff 0x0001/0x0000 0x0000000
3b40.2f24:  *00000278226c0000-00000278226dffff 0x0004/0x0004 0x0020000
3b40.2f24:  *00000278226e0000-0000027822709fff 0x0002/0x0002 0x0040000
3b40.2f24:   000002782270a000-000002782270ffff 0x0001/0x0000 0x0000000
3b40.2f24:  *0000027822710000-0000027822713fff 0x0002/0x0002 0x0040000
3b40.2f24:   0000027822714000-000002782271ffff 0x0001/0x0000 0x0000000
3b40.2f24:  *0000027822720000-0000027822720fff 0x0002/0x0002 0x0040000
3b40.2f24:   0000027822721000-000002782272ffff 0x0001/0x0000 0x0000000
3b40.2f24:  *0000027822730000-0000027822731fff 0x0004/0x0004 0x0020000
3b40.2f24:   0000027822732000-00007df5c083ffff 0x0001/0x0000 0x0000000
3b40.2f24:  *00007df5c0840000-00007df5c0840fff 0x0002/0x0002 0x0040000
3b40.2f24:   00007df5c0841000-00007df5c084ffff 0x0001/0x0000 0x0000000
3b40.2f24:  *00007df5c0850000-00007df5c236cfff 0x0000/0x0001 0x0040000
3b40.2f24:   00007df5c236d000-00007df5c23a7fff 0x0001/0x0001 0x0040000
3b40.2f24:   00007df5c23a8000-00007df5c2624fff 0x0000/0x0001 0x0040000
3b40.2f24:   00007df5c2625000-00007df5c2625fff 0x0001/0x0001 0x0040000
3b40.2f24:   00007df5c2626000-00007ff5a05ebfff 0x0000/0x0001 0x0040000
3b40.2f24:   00007ff5a05ec000-00007ff5a05f0fff 0x0002/0x0001 0x0040000
3b40.2f24:   00007ff5a05f1000-00007ff5a084ffff 0x0000/0x0001 0x0040000
3b40.2f24:   00007ff5a0850000-00007ff5a0bfdfff 0x0001/0x0001 0x0040000
3b40.2f24:   00007ff5a0bfe000-00007ff5a0c07fff 0x0002/0x0001 0x0040000
3b40.2f24:   00007ff5a0c08000-00007ff5bd286fff 0x0000/0x0001 0x0040000
3b40.2f24:   00007ff5bd287000-00007ff5c084ffff 0x0001/0x0001 0x0040000
3b40.2f24:   00007ff5c0850000-00007ff7f670ffff 0x0001/0x0000 0x0000000
3b40.2f24:  *00007ff7f6710000-00007ff7f6710fff 0x0002/0x0080 0x1000000  \Device\HarddiskVolume3\Program Files\Oracle\VirtualBox\VirtualBoxVM.exe
3b40.2f24:   00007ff7f6711000-00007ff7f677cfff 0x0020/0x0080 0x1000000  \Device\HarddiskVolume3\Program Files\Oracle\VirtualBox\VirtualBoxVM.exe
3b40.2f24:   00007ff7f677d000-00007ff7f677dfff 0x0040/0x0080 0x1000000  \Device\HarddiskVolume3\Program Files\Oracle\VirtualBox\VirtualBoxVM.exe
3b40.2f24:   00007ff7f677e000-00007ff7f67d2fff 0x0002/0x0080 0x1000000  \Device\HarddiskVolume3\Program Files\Oracle\VirtualBox\VirtualBoxVM.exe
3b40.2f24:   00007ff7f67d3000-00007ff7f67dffff 0x0004/0x0080 0x1000000  \Device\HarddiskVolume3\Program Files\Oracle\VirtualBox\VirtualBoxVM.exe
3b40.2f24:   00007ff7f67e0000-00007ff7f681afff 0x0002/0x0080 0x1000000  \Device\HarddiskVolume3\Program Files\Oracle\VirtualBox\VirtualBoxVM.exe
3b40.2f24:   00007ff7f681b000-00007ff80eb7ffff 0x0001/0x0000 0x0000000
3b40.2f24:  *00007ff80eb80000-00007ff80eb80fff 0x0002/0x0080 0x1000000  \Device\HarddiskVolume3\Windows\System32\ntdll.dll
3b40.2f24:   00007ff80eb81000-00007ff80ecf2fff 0x0020/0x0080 0x1000000  \Device\HarddiskVolume3\Windows\System32\ntdll.dll
3b40.2f24:   00007ff80ecf3000-00007ff80ed4bfff 0x0002/0x0080 0x1000000  \Device\HarddiskVolume3\Windows\System32\ntdll.dll
3b40.2f24:   00007ff80ed4c000-00007ff80ed4cfff 0x0004/0x0080 0x1000000  \Device\HarddiskVolume3\Windows\System32\ntdll.dll
3b40.2f24:   00007ff80ed4d000-00007ff80ed4dfff 0x0008/0x0080 0x1000000  \Device\HarddiskVolume3\Windows\System32\ntdll.dll
3b40.2f24:   00007ff80ed4e000-00007ff80ed54fff 0x0004/0x0080 0x1000000  \Device\HarddiskVolume3\Windows\System32\ntdll.dll
3b40.2f24:   00007ff80ed55000-00007ff80ed66fff 0x0002/0x0080 0x1000000  \Device\HarddiskVolume3\Windows\System32\ntdll.dll
3b40.2f24:   00007ff80ed67000-00007ff80ed67fff 0x0004/0x0080 0x1000000  \Device\HarddiskVolume3\Windows\System32\ntdll.dll
3b40.2f24:   00007ff80ed68000-00007ff80ed69fff 0x0008/0x0080 0x1000000  \Device\HarddiskVolume3\Windows\System32\ntdll.dll
3b40.2f24:   00007ff80ed6a000-00007ff80ed6afff 0x0004/0x0080 0x1000000  \Device\HarddiskVolume3\Windows\System32\ntdll.dll
3b40.2f24:   00007ff80ed6b000-00007ff80ede6fff 0x0002/0x0080 0x1000000  \Device\HarddiskVolume3\Windows\System32\ntdll.dll
3b40.2f24:   00007ff80ede7000-00007ffffffeffff 0x0001/0x0000 0x0000000
3b40.2f24: supR3HardNtChildPurify: Done after 800 ms and 1 fixes (loop #1).
45f4.46f8: Log file opened: 7.2.8r173730 g_hStartupLog=0000000000000004 g_uNtVerCombined=0xa0665800
45f4.46f8: supR3HardenedVmProcessInit: uNtDllAddr=00007ff80eb80000 g_uNtVerCombined=0xa0665800 (stack ~000000c43e6fe670)
45f4.46f8: ntdll.dll: timestamp 0xf7576e9e (rc=VINF_SUCCESS)
45f4.46f8: New simple heap: #1 0000027822840000 LB 0x800000 (for 2519040 allocation)
45f4.46f8: supR3HardenedWinInitAppBin(0x0): '\Device\HarddiskVolume3\Program Files\Oracle\VirtualBox'
45f4.46f8: System32:  \Device\HarddiskVolume3\Windows\System32
45f4.46f8: WinSxS:    \Device\HarddiskVolume3\Windows\WinSxS
3b40.2f24: supR3HardNtEnableThreadCreationEx:
45f4.46f8: KnownDllPath: C:\WINDOWS\System32
45f4.46f8: supR3HardenedVmProcessInit: Opening vboxsup stub...
45f4.46f8: supR3HardenedVmProcessInit: Restoring LdrInitializeThunk...
45f4.46f8: supR3HardenedVmProcessInit: Returning to LdrInitializeThunk...
45f4.46f8: Registered Dll notification callback with NTDLL.
45f4.46f8: supHardenedWinVerifyImageByHandle: -> 0 (\Device\HarddiskVolume3\Windows\System32\kernel32.dll)
45f4.46f8: supR3HardenedWinVerifyCacheInsert: \Device\HarddiskVolume3\Windows\System32\kernel32.dll
45f4.46f8: supR3HardenedMonitor_LdrLoadDll: pName=C:\WINDOWS\System32\KERNEL32.DLL (Input=KERNEL32.DLL, rcNtResolve=0xc0150008) *pfFlags=0xffffffff pwszSearchPath=0000000000004001:<flags> [calling]
45f4.46f8: supR3HardenedDllNotificationCallback: load   00007ff80bb60000 LB 0x003f4000 C:\WINDOWS\System32\KERNELBASE.dll [fFlags=0x0]
45f4.46f8: supHardenedWinVerifyImageByHandle: -> 0 (\Device\HarddiskVolume3\Windows\System32\KernelBase.dll)
45f4.46f8: supR3HardenedWinVerifyCacheInsert: \Device\HarddiskVolume3\Windows\System32\KernelBase.dll
45f4.46f8: supR3HardenedDllNotificationCallback: load   00007ff80cbd0000 LB 0x000c9000 C:\WINDOWS\System32\KERNEL32.DLL [fFlags=0x0]
45f4.46f8: supR3HardenedScreenImage/LdrLoadDll: cache hit (VINF_SUCCESS) on \Device\HarddiskVolume3\Windows\System32\kernel32.dll [lacks WinVerifyTrust]
45f4.46f8: supR3HardenedMonitor_LdrLoadDll: returns rcNt=0x0 hMod=00007ff80cbd0000 'C:\WINDOWS\System32\KERNEL32.DLL'
45f4.46f8: supR3HardenedScreenImage/LdrLoadDll: cache hit (VINF_SUCCESS) on \Device\HarddiskVolume3\Windows\System32\KernelBase.dll [lacks WinVerifyTrust]
45f4.46f8: supR3HardenedMonitor_LdrLoadDll: pName=C:\WINDOWS\System32\KERNELBASE.dll (Input=KERNELBASE.dll, rcNtResolve=0xc0150008) *pfFlags=0xffffffff pwszSearchPath=0000000000004001:<flags> [calling]
45f4.46f8: supR3HardenedMonitor_LdrLoadDll: returns rcNt=0x0 hMod=00007ff80bb60000 'C:\WINDOWS\System32\KERNELBASE.dll'
45f4.46f8: supR3HardenedDllNotificationCallback: load   00007ff7f6710000 LB 0x0010b000 C:\Program Files\Oracle\VirtualBox\VirtualBoxVM.exe [fFlags=0x0]
45f4.46f8: '\Device\HarddiskVolume3\Program Files\Oracle\VirtualBox\VirtualBoxVM.exe' has no imports
45f4.46f8: supHardenedWinVerifyImageByHandle: -> 0 (\Device\HarddiskVolume3\Program Files\Oracle\VirtualBox\VirtualBoxVM.exe)
45f4.46f8: supR3HardenedWinVerifyCacheInsert: \Device\HarddiskVolume3\Program Files\Oracle\VirtualBox\VirtualBoxVM.exe
45f4.46f8: supR3HardNtDisableThreadCreation: pvLdrInitThunk=00007ff80ec6b070 pvNtTerminateThread=00007ff80ece2550 g_LdrInitThunkSelfBackup.cb=0
45f4.46f8: supR3HardNtDisableThreadCreationEx: Backup=40 53 48 83 ec 20 48 8b d9 e8 1a 00 00 00 b2 01
45f4.46f8: \SystemRoot\System32\ntdll.dll:
45f4.46f8:     CreationTime:    2026-04-15T12:33:46.175841600Z
45f4.46f8:     LastWriteTime:   2026-04-15T12:33:46.345455800Z
45f4.46f8:     ChangeTime:      2026-04-16T01:59:50.829721400Z
45f4.46f8:     FileAttributes:  0x20
45f4.46f8:     Size:            0x267be8
45f4.46f8:     NT Headers:      0xe0
45f4.46f8:     Timestamp:       0xf7576e9e
45f4.46f8:     Machine:         0x8664 - amd64
45f4.46f8:     Timestamp:       0xf7576e9e
3b40.2f24: supR3HardNtChildWaitFor: Found expected request 1 (CloseEvents) after 142 ms.
45f4.46f8:     Image Version:   10.0
45f4.46f8:     SizeOfImage:     0x267000 (2519040)
45f4.46f8:     Resource Dir:    0x1eb000 LB 0x7a1b8
45f4.46f8:     [Version info resource found at 0xd8! (ID/Name: 0x1; SubID/SubName: 0x409)]
45f4.46f8:     [Raw version resource data: 0x1eb0f0 LB 0x380, codepage 0x0 (reserved 0x0)]
45f4.46f8:     ProductName:     Microsoft® Windows® Operating System
45f4.46f8:     ProductVersion:  10.0.26100.8246
45f4.46f8:     FileVersion:     10.0.26100.8246 (WinBuild.160101.0800)
45f4.46f8:     FileDescription: NT Layer DLL
45f4.46f8: \SystemRoot\System32\kernel32.dll:
45f4.46f8:     CreationTime:    2026-04-15T12:33:40.432525300Z
45f4.46f8:     LastWriteTime:   2026-04-15T12:33:40.496655600Z
45f4.46f8:     ChangeTime:      2026-04-16T02:00:26.948965300Z
45f4.46f8:     FileAttributes:  0x20
45f4.46f8:     Size:            0xcc298
45f4.46f8:     NT Headers:      0xf8
45f4.46f8:     Timestamp:       0x7635528f
45f4.46f8:     Machine:         0x8664 - amd64
45f4.46f8:     Timestamp:       0x7635528f
45f4.46f8:     Image Version:   10.0
45f4.46f8:     SizeOfImage:     0xc9000 (823296)
45f4.46f8:     Resource Dir:    0xc7000 LB 0x520
45f4.46f8:     [Version info resource found at 0x90! (ID/Name: 0x1; SubID/SubName: 0x409)]
45f4.46f8:     [Raw version resource data: 0xc70b0 LB 0x3a4, codepage 0x0 (reserved 0x0)]
45f4.46f8:     ProductName:     Microsoft® Windows® Operating System
45f4.46f8:     ProductVersion:  10.0.26100.8246
45f4.46f8:     FileVersion:     10.0.26100.8246 (WinBuild.160101.0800)
45f4.46f8:     FileDescription: Windows NT BASE API Client DLL
45f4.46f8: \SystemRoot\System32\KernelBase.dll:
45f4.46f8:     CreationTime:    2026-04-15T12:33:40.469701400Z
45f4.46f8:     LastWriteTime:   2026-04-15T12:33:40.934616000Z
45f4.46f8:     ChangeTime:      2026-04-16T02:00:27.086815200Z
45f4.46f8:     FileAttributes:  0x20
45f4.46f8:     Size:            0x3f6388
45f4.46f8:     NT Headers:      0x108
45f4.46f8:     Timestamp:       0x208e0cb7
45f4.46f8:     Machine:         0x8664 - amd64
45f4.46f8:     Timestamp:       0x208e0cb7
45f4.46f8:     Image Version:   10.0
45f4.46f8:     SizeOfImage:     0x3f4000 (4145152)
45f4.46f8:     Resource Dir:    0x3ba000 LB 0x548
45f4.46f8:     [Version info resource found at 0x90! (ID/Name: 0x1; SubID/SubName: 0x409)]
45f4.46f8:     [Raw version resource data: 0x3ba0b0 LB 0x3bc, codepage 0x0 (reserved 0x0)]
45f4.46f8:     ProductName:     Microsoft® Windows® Operating System
45f4.46f8:     ProductVersion:  10.0.26100.8246
45f4.46f8:     FileVersion:     10.0.26100.8246 (WinBuild.160101.0800)
45f4.46f8:     FileDescription: Windows NT BASE API Client DLL
45f4.46f8: \SystemRoot\System32\apisetschema.dll:
45f4.46f8:     CreationTime:    2026-04-15T12:33:09.796330700Z
45f4.46f8:     LastWriteTime:   2026-04-15T12:33:09.833539900Z
45f4.46f8:     ChangeTime:      2026-04-16T01:59:35.086887200Z
45f4.46f8:     FileAttributes:  0x20
45f4.46f8:     Size:            0x2f600
45f4.46f8:     NT Headers:      0xd8
45f4.46f8:     Timestamp:       0xfb040896
45f4.46f8:     Machine:         0x8664 - amd64
45f4.46f8:     Timestamp:       0xfb040896
45f4.46f8:     Image Version:   10.0
45f4.46f8:     SizeOfImage:     0x2e000 (188416)
45f4.46f8:     Resource Dir:    0x2d000 LB 0x408
45f4.46f8:     [Version info resource found at 0x48! (ID/Name: 0x1; SubID/SubName: 0x409)]
45f4.46f8:     [Raw version resource data: 0x2d060 LB 0x3a8, codepage 0x0 (reserved 0x0)]
45f4.46f8:     ProductName:     Microsoft® Windows® Operating System
45f4.46f8:     ProductVersion:  10.0.26100.8115
45f4.46f8:     FileVersion:     10.0.26100.8115 (WinBuild.160101.0800)
45f4.46f8:     FileDescription: ApiSet Schema DLL
45f4.46f8: root name: type=FilterConnectionPort name=UnionfsPort
45f4.46f8: root name: type=Mutant name=PendingRenameMutex
45f4.46f8: root name: type=Directory name=ObjectTypes
45f4.46f8: root name: type=FilterConnectionPort name=storqosfltport
45f4.46f8: root name: type=FilterConnectionPort name=MicrosoftMalwareProtectionRemoteIoPortWD
45f4.46f8: root name: type=Job name=Container_SpotifyAB.SpotifyMusic_1.288.483.0_x64__zpdnekdrzrea0-S-1-5-21-3785590987-250657344-32502646-1001
45f4.46f8: root name: type=FilterConnectionPort name=MicrosoftDataLossPreventionPort
45f4.46f8: root name: type=SymbolicLink name=SystemRoot
45f4.46f8: root name: type=Section name=Win32kSiloSessionGlobals
45f4.46f8: root name: type=Directory name=Sessions
45f4.46f8: root name: type=FilterConnectionPort name=MicrosoftMalwareProtectionVeryLowIoPortWD
45f4.46f8: root name: type=ALPC Port name=SleepstudyControlPort
45f4.46f8: root name: type=Directory name=ArcName
45f4.46f8: root name: type=FilterConnectionPort name=WcifsPort
45f4.46f8: root name: type=Directory name=NLS
45f4.46f8: root name: type=Event name=LanmanServerAnnounceEvent
45f4.46f8: root name: type=ALPC Port name=ThemeApiPort
45f4.46f8: root name: type=Directory name=Windows
45f4.46f8: root name: type=Directory name=GLOBAL??
45f4.46f8: root name: type=FilterConnectionPort name=GameFltCommunicationPort
45f4.46f8: root name: type=Directory name=RPC Control
45f4.46f8: root name: type=FilterConnectionPort name=MicrosoftDataLossPreventionControlPort
45f4.46f8: root name: type=ALPC Port name=PdcPort
45f4.46f8: root name: type=Job name=Container_Microsoft.WidgetsPlatformRuntime_1.6.14.0_x64__8wekyb3d8bbwe-S-1-5-21-3785590987-250657344-32502646-1001
45f4.46f8: root name: type=Job name=Container_MicrosoftWindows.Client.CBS_1000.26100.297.0_x64__cw5n1h2txyewy-S-1-5-21-3785590987-250657344-32502646-1001
45f4.46f8: root name: type=Event name=EFSInitEvent
45f4.46f8: root name: type=Job name=Container_MSTeams_26093.415.4620.1935_x64__8wekyb3d8bbwe-S-1-5-21-3785590987-250657344-32502646-1001
45f4.46f8: root name: type=SymbolicLink name=Dfs
45f4.46f8: root name: type=Device name=clfs
45f4.46f8: root name: type=FilterConnectionPort name=MicrosoftDataLossPreventionRemoteIoPort
45f4.46f8: root name: type=Job name=Container_Microsoft.YourPhone_1.26032.102.0_x64__8wekyb3d8bbwe-S-1-5-21-3785590987-250657344-32502646-1001
45f4.46f8: root name: type=Event name=CsrSbSyncEvent
45f4.46f8: root name: type=ALPC Port name=SeRmCommandPort
45f4.46f8: root name: type=SymbolicLink name=DosDevices
45f4.46f8: root name: type=Directory name=KnownDlls32
45f4.46f8: root name: type=Key name=REGISTRY
45f4.46f8: root name: type=Directory name=BaseNamedObjects
45f4.46f8: root name: type=FilterConnectionPort name=MicrosoftDataLossPreventionVeryLowIoPort
45f4.46f8: root name: type=ALPC Port name=PowerPort
45f4.46f8: root name: type=ALPC Port name=SmSsWinStationApiPort
45f4.46f8: root name: type=Event name=UniqueInteractiveSessionIdEvent
45f4.46f8: root name: type=Directory name=UMDFCommunicationPorts
45f4.46f8: root name: type=Job name=Container_AppleInc.iTunes_12139.10003.61011.0_x64__nzyj5cx40ttqa-S-1-5-21-3785590987-250657344-32502646-1001
45f4.46f8: root name: type=Job name=Container_MicrosoftWindows.Client.WebExperience_526.1202.40.0_x64__cw5n1h2txyewy-S-1-5-21-3785590987-250657344-32502646-1001
45f4.46f8: root name: type=Device name=FatCdrom
45f4.46f8: root name: type=Device name=Fat
45f4.46f8: root name: type=Directory name=KnownDlls
45f4.46f8: root name: type=ALPC Port name=PowerMonitorPort
45f4.46f8: root name: type=Device name=Ntfs
45f4.46f8: root name: type=Directory name=FileSystem
45f4.46f8: root name: type=Directory name=KernelObjects
45f4.46f8: root name: type=FilterConnectionPort name=MicrosoftMalwareProtectionControlPortWD
45f4.46f8: root name: type=Job name=Container_5319275A.WhatsAppDesktop_2.2616.100.0_x64__cv1g1gvanyjgm-S-1-5-21-3785590987-250657344-32502646-1001
45f4.46f8: root name: type=ALPC Port name=SeLsaCommandPort
45f4.46f8: root name: type=Directory name=Callback
45f4.46f8: root name: type=Job name=Container_Microsoft.GamingServices_36.113.2002.0_x64__8wekyb3d8bbwe-PackagedService
45f4.46f8: root name: type=FilterConnectionPort name=MicrosoftDataLossPreventionAsyncPort
45f4.46f8: root name: type=FilterConnectionPort name=BindFltPort
45f4.46f8: root name: type=Directory name=DriverStore
45f4.46f8: root name: type=Directory name=Security
45f4.46f8: root name: type=Job name=Container_MicrosoftWindows.CrossDevice_1.26032.83.0_x64__cw5n1h2txyewy-S-1-5-21-3785590987-250657344-32502646-1001
45f4.46f8: root name: type=FilterConnectionPort name=MicrosoftMalwareProtectionAsyncPortWD
45f4.46f8: root name: type=Directory name=Device
45f4.46f8: root name: type=SymbolicLink name=DriverData
45f4.46f8: root name: type=ALPC Port name=SmApiPort
45f4.46f8: root name: type=FilterConnectionPort name=CLDMSGPORT
45f4.46f8: root name: type=FilterConnectionPort name=MicrosoftMalwareProtectionPortWD
45f4.46f8: root name: type=SymbolicLink name=OSDataRoot
45f4.46f8: root name: type=Event name=SAM_SERVICE_STARTED
45f4.46f8: root name: type=Directory name=Driver
45f4.46f8: root name: type=SymbolicLink name=DriverStores
45f4.46f8: driver: type=Driver name=amdgpio2
45f4.46f8: driver: type=Driver name=fvevol
45f4.46f8: driver: type=Driver name=vdrvroot
45f4.46f8: driver: type=Driver name=VBoxSup
45f4.46f8: driver: type=Driver name=PptpMiniport
45f4.46f8: driver: type=Driver name=aehd
45f4.46f8: driver: type=Driver name=googlehaxm
45f4.46f8: driver: type=Driver name=NetBT
45f4.46f8: driver: type=Driver name=acpiex
45f4.46f8: driver: type=Driver name=Wdf01000
45f4.46f8: driver: type=Driver name=WdNisDrv
45f4.46f8: driver: type=Driver name=mpsdrv
45f4.46f8: driver: type=Driver name=BthA2dp
45f4.46f8: driver: type=Driver name=uiomap
45f4.46f8: driver: type=Driver name=ndproxy
45f4.46f8: driver: type=Driver name=lltdio
45f4.46f8: driver: type=Driver name=BthEnum
45f4.46f8: driver: type=Driver name=MMCSS
45f4.46f8: driver: type=Driver name=RegistryHiveCacheDriver
45f4.46f8: driver: type=Driver name=bam
45f4.46f8: driver: type=Driver name=Psched
45f4.46f8: driver: type=Driver name=BasicRender
45f4.46f8: driver: type=Driver name=disk
45f4.46f8: driver: type=Driver name=VBoxNetLwf
45f4.46f8: driver: type=Driver name=HTTP
45f4.46f8: driver: type=Driver name=Ndisuio
45f4.46f8: driver: type=Driver name=SpbCx
45f4.46f8: driver: type=Driver name=CAD
45f4.46f8: driver: type=Driver name=ATKWMIACPIIO
45f4.46f8: driver: type=Driver name=stornvme
45f4.46f8: driver: type=Driver name=vwifimp
45f4.46f8: driver: type=Driver name=WscVReg
45f4.46f8: driver: type=Driver name=monitor
45f4.46f8: driver: type=Driver name=ahcache
45f4.46f8: driver: type=Driver name=iorate
45f4.46f8: driver: type=Driver name=pcw
45f4.46f8: driver: type=Driver name=AmdPPM
45f4.46f8: driver: type=Driver name=Ucx01000
45f4.46f8: driver: type=Driver name=USBXHCI
45f4.46f8: driver: type=Driver name=partmgr
45f4.46f8: driver: type=Driver name=PEAUTH
45f4.46f8: driver: type=Driver name=MsLldp
45f4.46f8: driver: type=Driver name=Vid
45f4.46f8: driver: type=Driver name=vgk
45f4.46f8: driver: type=Driver name=ACPI_HAL
45f4.46f8: driver: type=Driver name=usbvideo
45f4.46f8: driver: type=Driver name=spaceport
45f4.46f8: driver: type=Driver name=Rasl2tp
45f4.46f8: driver: type=Driver name=vwififlt
45f4.46f8: driver: type=Driver name=condrv
45f4.46f8: driver: type=Driver name=vwifibus
45f4.46f8: driver: type=Driver name=DXGKrnl
45f4.46f8: driver: type=Driver name=PnpManager
45f4.46f8: driver: type=Driver name=AsusSAIO
45f4.46f8: driver: type=Driver name=Ld9BoxSup
45f4.46f8: driver: type=Driver name=Microsoft_Bluetooth_AvrcpTransport
45f4.46f8: driver: type=Driver name=Null
45f4.46f8: driver: type=Driver name=intelpep
45f4.46f8: driver: type=Driver name=PRM
45f4.46f8: driver: type=Driver name=RasAgileVpn
45f4.46f8: driver: type=Driver name=wanarp
45f4.46f8: driver: type=Driver name=e2esoft_ivcamaudio_simple
45f4.46f8: driver: type=Driver name=SoftwareDevice
45f4.46f8: driver: type=Driver name=RFCOMM
45f4.46f8: driver: type=Driver name=iVCam
45f4.46f8: driver: type=Driver name=CLFS
45f4.46f8: driver: type=Driver name=WindowsTrustedRTProxy
45f4.46f8: driver: type=Driver name=BthHFAud
45f4.46f8: driver: type=Driver name=CDD
45f4.46f8: driver: type=Driver name=amdacpbus
45f4.46f8: driver: type=Driver name=AMDXE
45f4.46f8: driver: type=Driver name=NdisCap
45f4.46f8: driver: type=Driver name=KSecDD
45f4.46f8: driver: type=Driver name=volmgr
45f4.46f8: driver: type=Driver name=DeviceApi
45f4.46f8: driver: type=Driver name=hidi2c
45f4.46f8: driver: type=Driver name=mtkwlex
45f4.46f8: driver: type=Driver name=umbus
45f4.46f8: driver: type=Driver name=CNG
45f4.46f8: driver: type=Driver name=Win32k
45f4.46f8: driver: type=Driver name=amdfendrmgr
45f4.46f8: driver: type=Driver name=i8042prt
45f4.46f8: driver: type=Driver name=npsvctrig
45f4.46f8: driver: type=Driver name=volume
45f4.46f8: driver: type=Driver name=KSecPkg
45f4.46f8: driver: type=Driver name=TPM
45f4.46f8: driver: type=Driver name=amdwps
45f4.46f8: driver: type=Driver name=AMDAfdAudioService
45f4.46f8: driver: type=Driver name=mouclass
45f4.46f8: driver: type=Driver name=wdiwifi
45f4.46f8: driver: type=Driver name=NativeWifiP
45f4.46f8: driver: type=Driver name=WINUSB
45f4.46f8: driver: type=Driver name=msisadrv
45f4.46f8: driver: type=Driver name=IntelPMT
45f4.46f8: driver: type=Driver name=Ndu
45f4.46f8: driver: type=Driver name=wtd
45f4.46f8: driver: type=Driver name=BthLEEnum
45f4.46f8: driver: type=Driver name=kbdclass
45f4.46f8: driver: type=Driver name=amduw23g-198974-eda2a421
45f4.46f8: driver: type=Driver name=hvservice
45f4.46f8: driver: type=Driver name=VBoxNetAdp
45f4.46f8: driver: type=Driver name=MTKBTFilterx64
45f4.46f8: driver: type=Driver name=mouhid
45f4.46f8: driver: type=Driver name=AMDSAFD
45f4.46f8: driver: type=Driver name=volsnap
45f4.46f8: driver: type=Driver name=amdpsp
45f4.46f8: driver: type=Driver name=GPIOClx0101
45f4.46f8: driver: type=Driver name=nsiproxy
45f4.46f8: driver: type=Driver name=WMIxWDM
45f4.46f8: driver: type=Driver name=RasSstp
45f4.46f8: driver: type=Driver name=BthPan
45f4.46f8: driver: type=Driver name=MSKSSRV
45f4.46f8: driver: type=Driver name=tdx
45f4.46f8: driver: type=Driver name=BTHUSB
45f4.46f8: driver: type=Driver name=AmdMicroPEP
45f4.46f8: driver: type=Driver name=WindowsTrustedRT
45f4.46f8: driver: type=Driver name=RasPppoe
45f4.46f8: driver: type=Driver name=Xvdd
45f4.46f8: driver: type=Driver name=AsusPTPDrv
45f4.46f8: driver: type=Driver name=HDAudBus
45f4.46f8: driver: type=Driver name=BasicDisplay
45f4.46f8: driver: type=Driver name=QWAVEdrv
45f4.46f8: driver: type=Driver name=BthHFEnum
45f4.46f8: driver: type=Driver name=rdpbus
45f4.46f8: driver: type=Driver name=AtiHDAudioService
45f4.46f8: driver: type=Driver name=UEFI
45f4.46f8: driver: type=Driver name=dam
45f4.46f8: driver: type=Driver name=pdc
45f4.46f8: driver: type=Driver name=rspndr
45f4.46f8: driver: type=Driver name=WmiAcpi
45f4.46f8: driver: type=Driver name=mssmbios
45f4.46f8: driver: type=Driver name=nvmedisk
45f4.46f8: driver: type=Driver name=volmgrx
45f4.46f8: driver: type=Driver name=pci
45f4.46f8: driver: type=Driver name=KslD
45f4.46f8: driver: type=Driver name=NdisVirtualBus
45f4.46f8: driver: type=Driver name=CmBatt
45f4.46f8: driver: type=Driver name=kdnic
45f4.46f8: driver: type=Driver name=cdrom
45f4.46f8: driver: type=Driver name=NDIS
45f4.46f8: driver: type=Driver name=MTConfig
45f4.46f8: driver: type=Driver name=swenum
45f4.46f8: driver: type=Driver name=amdfendr
45f4.46f8: driver: type=Driver name=AMDRyzenMasterDriverV31
45f4.46f8: driver: type=Driver name=rdyboost
45f4.46f8: driver: type=Driver name=WFPLWFS
45f4.46f8: driver: type=Driver name=Tcpip
45f4.46f8: driver: type=Driver name=BTHMODEM
45f4.46f8: driver: type=Driver name=USBHUB3
45f4.46f8: driver: type=Driver name=Beep
45f4.46f8: driver: type=Driver name=VBoxUSBMon
45f4.46f8: driver: type=Driver name=NdisTapi
45f4.46f8: driver: type=Driver name=usbccgp
45f4.46f8: driver: type=Driver name=AFD
45f4.46f8: driver: type=Driver name=mountmgr
45f4.46f8: driver: type=Driver name=tcpipreg
45f4.46f8: driver: type=Driver name=BTHPORT
45f4.46f8: driver: type=Driver name=IntcAzAudAddService
45f4.46f8: driver: type=Driver name=ksthunk
45f4.46f8: driver: type=Driver name=afunix
45f4.46f8: driver: type=Driver name=NdisWan
45f4.46f8: driver: type=Driver name=WUDFRd
45f4.46f8: driver: type=Driver name=mshidkmdf
45f4.46f8: driver: type=Driver name=amdi2c
45f4.46f8: driver: type=Driver name=CompositeBus
45f4.46f8: driver: type=Driver name=EhStorClass
45f4.46f8: driver: type=Driver name=ACPI
45f4.46f8: supR3HardenedWinFindAdversaries: 0x0
45f4.46f8: supR3HardenedWinInitAppBin(0x0): '\Device\HarddiskVolume3\Program Files\Oracle\VirtualBox'
45f4.46f8: Calling main()
45f4.46f8: SUPR3HardenedMain: pszProgName=VirtualBoxVM fFlags=0x2
45f4.46f8: supR3HardenedWinInitAppBin(0x2): '\Device\HarddiskVolume3\Program Files\Oracle\VirtualBox'
45f4.46f8: '\Device\HarddiskVolume3\Program Files\Oracle\VirtualBox\VirtualBoxVM.exe' has no imports
45f4.46f8: supHardenedWinVerifyImageByHandle: -> 0 (\Device\HarddiskVolume3\Program Files\Oracle\VirtualBox\VirtualBoxVM.exe)
45f4.46f8: SUPR3HardenedMain: Respawn #2
45f4.46f8: supR3HardNtEnableThreadCreationEx:
45f4.46f8: supR3HardenedDllNotificationCallback: load   00007ff80d830000 LB 0x000a7000 C:\WINDOWS\System32\sechost.dll [fFlags=0x0]
45f4.46f8: supHardenedWinVerifyImageByHandle: -> 0 (\Device\HarddiskVolume3\Windows\System32\sechost.dll)
45f4.46f8: supR3HardenedWinVerifyCacheInsert: \Device\HarddiskVolume3\Windows\System32\sechost.dll
45f4.46f8: '\Device\HarddiskVolume3\Windows\System32\ntdll.dll' has no imports
45f4.46f8: supHardenedWinVerifyImageByHandle: -> 0 (\Device\HarddiskVolume3\Windows\System32\ntdll.dll)
45f4.46f8: supR3HardenedWinVerifyCacheInsert: \Device\HarddiskVolume3\Windows\System32\ntdll.dll
45f4.46f8: supR3HardenedMonitor_LdrLoadDll: pName=C:\WINDOWS\System32\ntdll.dll (Input=ntdll.dll, rcNtResolve=0xc0150008) *pfFlags=0x0 pwszSearchPath=0000000000000801:<flags> [calling]
45f4.46f8: supR3HardenedMonitor_LdrLoadDll: returns rcNt=0x0 hMod=00007ff80eb80000 'C:\WINDOWS\System32\ntdll.dll'
45f4.46f8: supR3HardenedScreenImage/LdrLoadDll: cache hit (VINF_SUCCESS) on \Device\HarddiskVolume3\Windows\System32\KernelBase.dll [lacks WinVerifyTrust]
45f4.46f8: supR3HardenedMonitor_LdrLoadDll: pName=C:\WINDOWS\System32\KernelBase.dll (Input=KernelBase, rcNtResolve=0xc0150008) *pfFlags=0x0 pwszSearchPath=0000000000000801:<flags> [calling]
45f4.46f8: supR3HardenedMonitor_LdrLoadDll: returns rcNt=0x0 hMod=00007ff80bb60000 'C:\WINDOWS\System32\KernelBase.dll'
45f4.46f8: supHardenedWinVerifyImageByHandle: -> 0 (\Device\HarddiskVolume3\Windows\System32\apphelp.dll)
45f4.46f8: supR3HardenedWinVerifyCacheInsert: \Device\HarddiskVolume3\Windows\System32\apphelp.dll
45f4.46f8: supR3HardenedMonitor_LdrLoadDll: pName=C:\WINDOWS\system32\apphelp.dll (rcNtResolve=0xc0150008) *pfFlags=0xffffffff pwszSearchPath=0000000000000000:<flags> [calling]
45f4.46f8: supR3HardenedScreenImage/NtCreateSection: cache hit (VINF_SUCCESS) on \Device\HarddiskVolume3\Windows\System32\apphelp.dll [lacks WinVerifyTrust]
45f4.46f8: supR3HardenedDllNotificationCallback: load   00007ff808cd0000 LB 0x0009f000 C:\WINDOWS\system32\apphelp.dll [fFlags=0x0]
45f4.46f8: supR3HardenedScreenImage/LdrLoadDll: cache hit (VINF_SUCCESS) on \Device\HarddiskVolume3\Windows\System32\apphelp.dll [lacks WinVerifyTrust]
45f4.46f8: supR3HardenedScreenImage/LdrLoadDll: cache hit (VINF_SUCCESS) on \Device\HarddiskVolume3\Windows\System32\ntdll.dll [lacks WinVerifyTrust]
45f4.46f8: supR3HardenedMonitor_LdrLoadDll: pName=C:\WINDOWS\System32\ntdll.dll (Input=ntdll.dll, rcNtResolve=0xc0150008) *pfFlags=0x0 pwszSearchPath=0000000000000801:<flags> [calling]
45f4.46f8: supR3HardenedMonitor_LdrLoadDll: returns rcNt=0x0 hMod=00007ff80eb80000 'C:\WINDOWS\System32\ntdll.dll'
45f4.46f8: supR3HardenedScreenImage/LdrLoadDll: cache hit (VINF_SUCCESS) on \Device\HarddiskVolume3\Windows\System32\ntdll.dll [lacks WinVerifyTrust]
45f4.46f8: supR3HardenedMonitor_LdrLoadDll: pName=C:\WINDOWS\System32\ntdll.dll (Input=ntdll.dll, rcNtResolve=0xc0150008) *pfFlags=0x0 pwszSearchPath=0000000000000801:<flags> [calling]
45f4.46f8: supR3HardenedMonitor_LdrLoadDll: returns rcNt=0x0 hMod=00007ff80eb80000 'C:\WINDOWS\System32\ntdll.dll'
45f4.46f8: supR3HardenedMonitor_LdrLoadDll: returns rcNt=0x0 hMod=00007ff808cd0000 'C:\WINDOWS\system32\apphelp.dll'
45f4.46f8: supR3HardNtDisableThreadCreation: pvLdrInitThunk=00007ff80ec6b070 pvNtTerminateThread=00007ff80ece2550 g_LdrInitThunkSelfBackup.cb=10
45f4.46f8: supR3HardenedWinDoReSpawn(2): New child 3cec.332c [kernel32].
45f4.46f8: supR3HardenedWinReSpawn: NtSetInformationThread/ThreadHideFromDebugger failed: 0xc0000022 (harmless)
45f4.46f8: supR3HardNtChildGatherData: PebBaseAddress=000000f9dca2a000 cbPeb=0x388
45f4.46f8: supR3HardNtPuChFindNtdll: uNtDllParentAddr=00007ff80eb80000 uNtDllChildAddr=00007ff80eb80000
45f4.46f8: supR3HardenedWinSetupChildInit: uLdrInitThunk=00007ff80ec6b070
45f4.46f8: supR3HardenedWinSetupChildInit: Initial context:
  rax=0000000000000000 rbx=0000000000000000 rcx=00007ff7f671c2b0 rdx=000000f9dca2a000
  rsi=0000000000000000 rdi=0000000000000000 r8 =0000000000000000 r9 =0000000000000000
  r10=0000000000000000 r11=0000000000000000 r12=0000000000000000 r13=0000000000000000
  r14=0000000000000000 r15=0000000000000000  P1=0000000000000000  P2=0000000000000000
  rip=00007ff80ec0c3d0 rsp=000000f9dccff918 rbp=0000000000000000    ctxflags=0010001b
  cs=0033 ss=002b ds=0000 es=0000 fs=0000 gs=0000    eflags=00000200   mxcrx=00001f80
   P3=0000000000000000  P4=0000000000000000  P5=0000000000000000  P6=0000000000000000
  dr0=0000000000000000 dr1=0000000000000000 dr2=0000000000000000 dr3=0000000000000000
  dr6=0000000000000000 dr7=0000000000000000 vcr=0000000000000000 dcr=0000000000000000
  lbt=0000000000000000 lbf=0000000000000000 lxt=0000000000000000 lxf=0000000000000000
45f4.46f8: kernel32.dll: timestamp 0x7635528f (rc=VINF_SUCCESS)
45f4.46f8: supR3HardenedWinSetupChildInit: Start child.
45f4.46f8: supR3HardNtChildWaitFor: Found expected request 0 (PurifyChildAndCloseHandles) after 0 ms.
45f4.46f8: supR3HardNtChildPurify: Startup delay kludge #1/0: 267 ms, 17 sleeps
45f4.46f8: supHardNtVpScanVirtualMemory: enmKind=CHILD_PURIFICATION
45f4.46f8:  *0000000000000000-000000007ffdffff 0x0001/0x0000 0x0000000
45f4.46f8:  *000000007ffe0000-000000007ffe0fff 0x0002/0x0002 0x0020000
45f4.46f8:   000000007ffe1000-000000007ffe1fff 0x0001/0x0000 0x0000000
45f4.46f8:  *000000007ffe2000-000000007ffe2fff 0x0002/0x0002 0x0020000
45f4.46f8:   000000007ffe3000-000000f9dc9fffff 0x0001/0x0000 0x0000000
45f4.46f8:  *000000f9dca00000-000000f9dca29fff 0x0000/0x0004 0x0020000
45f4.46f8:   000000f9dca2a000-000000f9dca2cfff 0x0004/0x0004 0x0020000
45f4.46f8:   000000f9dca2d000-000000f9dcbfffff 0x0000/0x0004 0x0020000
45f4.46f8:  *000000f9dcc00000-000000f9dccfafff 0x0000/0x0004 0x0020000
45f4.46f8:   000000f9dccfb000-000000f9dccfdfff 0x0104/0x0004 0x0020000
45f4.46f8:   000000f9dccfe000-000000f9dccfffff 0x0004/0x0004 0x0020000
45f4.46f8:   000000f9dcd00000-000002872ec9ffff 0x0001/0x0000 0x0000000
45f4.46f8:  *000002872eca0000-000002872ecbffff 0x0004/0x0004 0x0020000
45f4.46f8:  *000002872ecc0000-000002872ece9fff 0x0002/0x0002 0x0040000
45f4.46f8:   000002872ecea000-000002872eceffff 0x0001/0x0000 0x0000000
45f4.46f8:  *000002872ecf0000-000002872ecf3fff 0x0002/0x0002 0x0040000
45f4.46f8:   000002872ecf4000-000002872ecfffff 0x0001/0x0000 0x0000000
45f4.46f8:  *000002872ed00000-000002872ed00fff 0x0002/0x0002 0x0040000
45f4.46f8:   000002872ed01000-000002872ed0ffff 0x0001/0x0000 0x0000000
45f4.46f8:  *000002872ed10000-000002872ed11fff 0x0004/0x0004 0x0020000
45f4.46f8:   000002872ed12000-00007df5c083ffff 0x0001/0x0000 0x0000000
45f4.46f8:  *00007df5c0840000-00007df5c0840fff 0x0002/0x0002 0x0040000
45f4.46f8:   00007df5c0841000-00007df5c084ffff 0x0001/0x0000 0x0000000
45f4.46f8:  *00007df5c0850000-00007df5c236cfff 0x0000/0x0001 0x0040000
45f4.46f8:   00007df5c236d000-00007df5c23a7fff 0x0001/0x0001 0x0040000
45f4.46f8:   00007df5c23a8000-00007df5c2624fff 0x0000/0x0001 0x0040000
45f4.46f8:   00007df5c2625000-00007df5c2625fff 0x0001/0x0001 0x0040000
45f4.46f8:   00007df5c2626000-00007ff5a05ebfff 0x0000/0x0001 0x0040000
45f4.46f8:   00007ff5a05ec000-00007ff5a05f0fff 0x0002/0x0001 0x0040000
45f4.46f8:   00007ff5a05f1000-00007ff5a084ffff 0x0000/0x0001 0x0040000
45f4.46f8:   00007ff5a0850000-00007ff5a0bfdfff 0x0001/0x0001 0x0040000
45f4.46f8:   00007ff5a0bfe000-00007ff5a0c07fff 0x0002/0x0001 0x0040000
45f4.46f8:   00007ff5a0c08000-00007ff5bd286fff 0x0000/0x0001 0x0040000
45f4.46f8:   00007ff5bd287000-00007ff5c084ffff 0x0001/0x0001 0x0040000
45f4.46f8:   00007ff5c0850000-00007ff7f670ffff 0x0001/0x0000 0x0000000
45f4.46f8:  *00007ff7f6710000-00007ff7f6710fff 0x0002/0x0080 0x1000000  \Device\HarddiskVolume3\Program Files\Oracle\VirtualBox\VirtualBoxVM.exe
45f4.46f8:   00007ff7f6711000-00007ff7f677cfff 0x0020/0x0080 0x1000000  \Device\HarddiskVolume3\Program Files\Oracle\VirtualBox\VirtualBoxVM.exe
45f4.46f8:   00007ff7f677d000-00007ff7f677dfff 0x0080/0x0080 0x1000000  \Device\HarddiskVolume3\Program Files\Oracle\VirtualBox\VirtualBoxVM.exe
45f4.46f8:   00007ff7f677e000-00007ff7f67d2fff 0x0002/0x0080 0x1000000  \Device\HarddiskVolume3\Program Files\Oracle\VirtualBox\VirtualBoxVM.exe
45f4.46f8:   00007ff7f67d3000-00007ff7f67d3fff 0x0004/0x0080 0x1000000  \Device\HarddiskVolume3\Program Files\Oracle\VirtualBox\VirtualBoxVM.exe
45f4.46f8:   00007ff7f67d4000-00007ff7f67d4fff 0x0008/0x0080 0x1000000  \Device\HarddiskVolume3\Program Files\Oracle\VirtualBox\VirtualBoxVM.exe
45f4.46f8:   00007ff7f67d5000-00007ff7f67d9fff 0x0004/0x0080 0x1000000  \Device\HarddiskVolume3\Program Files\Oracle\VirtualBox\VirtualBoxVM.exe
45f4.46f8:   00007ff7f67da000-00007ff7f67dffff 0x0008/0x0080 0x1000000  \Device\HarddiskVolume3\Program Files\Oracle\VirtualBox\VirtualBoxVM.exe
45f4.46f8:   00007ff7f67e0000-00007ff7f681afff 0x0002/0x0080 0x1000000  \Device\HarddiskVolume3\Program Files\Oracle\VirtualBox\VirtualBoxVM.exe
45f4.46f8:   00007ff7f681b000-00007ff80eb7ffff 0x0001/0x0000 0x0000000
45f4.46f8:  *00007ff80eb80000-00007ff80eb80fff 0x0002/0x0080 0x1000000  \Device\HarddiskVolume3\Windows\System32\ntdll.dll
45f4.46f8:   00007ff80eb81000-00007ff80ecf2fff 0x0020/0x0080 0x1000000  \Device\HarddiskVolume3\Windows\System32\ntdll.dll
45f4.46f8:   00007ff80ecf3000-00007ff80ed4bfff 0x0002/0x0080 0x1000000  \Device\HarddiskVolume3\Windows\System32\ntdll.dll
45f4.46f8:   00007ff80ed4c000-00007ff80ed54fff 0x0008/0x0080 0x1000000  \Device\HarddiskVolume3\Windows\System32\ntdll.dll
45f4.46f8:   00007ff80ed55000-00007ff80ed66fff 0x0002/0x0080 0x1000000  \Device\HarddiskVolume3\Windows\System32\ntdll.dll
45f4.46f8:   00007ff80ed67000-00007ff80ed69fff 0x0008/0x0080 0x1000000  \Device\HarddiskVolume3\Windows\System32\ntdll.dll
45f4.46f8:   00007ff80ed6a000-00007ff80ed6afff 0x0004/0x0080 0x1000000  \Device\HarddiskVolume3\Windows\System32\ntdll.dll
45f4.46f8:   00007ff80ed6b000-00007ff80ede6fff 0x0002/0x0080 0x1000000  \Device\HarddiskVolume3\Windows\System32\ntdll.dll
45f4.46f8:   00007ff80ede7000-00007ffffffeffff 0x0001/0x0000 0x0000000
45f4.46f8: VirtualBoxVM.exe: timestamp 0x69e35820 (rc=VINF_SUCCESS)
45f4.46f8: '\Device\HarddiskVolume3\Program Files\Oracle\VirtualBox\VirtualBoxVM.exe' has no imports
45f4.46f8: VirtualBoxVM.exe: Differences in section #8 (.rsrc) between file and memory:
45f4.46f8:   00007ff7f6818b70 / 0x0108b70: 00 != 50
45f4.46f8:   00007ff7f6818b71 / 0x0108b71: 00 != 41
45f4.46f8:   00007ff7f6818b72 / 0x0108b72: 00 != 44
45f4.46f8:   00007ff7f6818b73 / 0x0108b73: 00 != 44
45f4.46f8:   00007ff7f6818b74 / 0x0108b74: 00 != 49
45f4.46f8:   00007ff7f6818b75 / 0x0108b75: 00 != 4e
45f4.46f8:   00007ff7f6818b76 / 0x0108b76: 00 != 47
45f4.46f8:   00007ff7f6818b77 / 0x0108b77: 00 != 58
45f4.46f8:   00007ff7f6818b78 / 0x0108b78: 00 != 58
45f4.46f8:   00007ff7f6818b79 / 0x0108b79: 00 != 50
45f4.46f8:   00007ff7f6818b7a / 0x0108b7a: 00 != 41
45f4.46f8:   00007ff7f6818b7b / 0x0108b7b: 00 != 44
45f4.46f8:   00007ff7f6818b7c / 0x0108b7c: 00 != 44
45f4.46f8:   00007ff7f6818b7d / 0x0108b7d: 00 != 49
45f4.46f8:   00007ff7f6818b7e / 0x0108b7e: 00 != 4e
45f4.46f8:   00007ff7f6818b7f / 0x0108b7f: 00 != 47
45f4.46f8:   00007ff7f6818b80 / 0x0108b80: 00 != 50
45f4.46f8:   00007ff7f6818b81 / 0x0108b81: 00 != 41
45f4.46f8:   00007ff7f6818b82 / 0x0108b82: 00 != 44
45f4.46f8:   00007ff7f6818b83 / 0x0108b83: 00 != 44
45f4.46f8:   00007ff7f6818b84 / 0x0108b84: 00 != 49
45f4.46f8:   00007ff7f6818b85 / 0x0108b85: 00 != 4e
45f4.46f8:   00007ff7f6818b86 / 0x0108b86: 00 != 47
45f4.46f8:   00007ff7f6818b87 / 0x0108b87: 00 != 58
45f4.46f8:   00007ff7f6818b88 / 0x0108b88: 00 != 58
45f4.46f8:   00007ff7f6818b89 / 0x0108b89: 00 != 50
45f4.46f8:   00007ff7f6818b8a / 0x0108b8a: 00 != 41
45f4.46f8:   00007ff7f6818b8b / 0x0108b8b: 00 != 44
45f4.46f8:   00007ff7f6818b8c / 0x0108b8c: 00 != 44
45f4.46f8:   00007ff7f6818b8d / 0x0108b8d: 00 != 49
45f4.46f8:   00007ff7f6818b8e / 0x0108b8e: 00 != 4e
45f4.46f8:   00007ff7f6818b8f / 0x0108b8f: 00 != 47
45f4.46f8:   00007ff7f6818b90 / 0x0108b90: 00 != 50
45f4.46f8:   00007ff7f6818b91 / 0x0108b91: 00 != 41
45f4.46f8:   00007ff7f6818b92 / 0x0108b92: 00 != 44
45f4.46f8:   00007ff7f6818b93 / 0x0108b93: 00 != 44
45f4.46f8:   00007ff7f6818b94 / 0x0108b94: 00 != 49
45f4.46f8:   00007ff7f6818b95 / 0x0108b95: 00 != 4e
45f4.46f8:   00007ff7f6818b96 / 0x0108b96: 00 != 47
45f4.46f8:   00007ff7f6818b97 / 0x0108b97: 00 != 58
45f4.46f8:   00007ff7f6818b98 / 0x0108b98: 00 != 58
45f4.46f8:   00007ff7f6818b99 / 0x0108b99: 00 != 50
45f4.46f8:   00007ff7f6818b9a / 0x0108b9a: 00 != 41
45f4.46f8:   00007ff7f6818b9b / 0x0108b9b: 00 != 44
45f4.46f8:   00007ff7f6818b9c / 0x0108b9c: 00 != 44
45f4.46f8:   00007ff7f6818b9d / 0x0108b9d: 00 != 49
45f4.46f8:   00007ff7f6818b9e / 0x0108b9e: 00 != 4e
45f4.46f8:   00007ff7f6818b9f / 0x0108b9f: 00 != 47
45f4.46f8:   00007ff7f6818ba0 / 0x0108ba0: 00 != 50
45f4.46f8:   00007ff7f6818ba1 / 0x0108ba1: 00 != 41
45f4.46f8:   00007ff7f6818ba2 / 0x0108ba2: 00 != 44
45f4.46f8:   00007ff7f6818ba3 / 0x0108ba3: 00 != 44
45f4.46f8:   00007ff7f6818ba4 / 0x0108ba4: 00 != 49
45f4.46f8:   00007ff7f6818ba5 / 0x0108ba5: 00 != 4e
45f4.46f8:   00007ff7f6818ba6 / 0x0108ba6: 00 != 47
45f4.46f8:   00007ff7f6818ba7 / 0x0108ba7: 00 != 58
45f4.46f8:   00007ff7f6818ba8 / 0x0108ba8: 00 != 58
45f4.46f8:   00007ff7f6818ba9 / 0x0108ba9: 00 != 50
45f4.46f8:   00007ff7f6818baa / 0x0108baa: 00 != 41
45f4.46f8:   00007ff7f6818bab / 0x0108bab: 00 != 44
45f4.46f8:   00007ff7f6818bac / 0x0108bac: 00 != 44
45f4.46f8:   00007ff7f6818bad / 0x0108bad: 00 != 49
45f4.46f8:   00007ff7f6818bae / 0x0108bae: 00 != 4e
45f4.46f8:   00007ff7f6818baf / 0x0108baf: 00 != 47
45f4.46f8:   00007ff7f6818bb0 / 0x0108bb0: 00 != 50
45f4.46f8:   00007ff7f6818bb1 / 0x0108bb1: 00 != 41
45f4.46f8:   00007ff7f6818bb2 / 0x0108bb2: 00 != 44
45f4.46f8:   00007ff7f6818bb3 / 0x0108bb3: 00 != 44
45f4.46f8:   00007ff7f6818bb4 / 0x0108bb4: 00 != 49
45f4.46f8:   00007ff7f6818bb5 / 0x0108bb5: 00 != 4e
45f4.46f8:   00007ff7f6818bb6 / 0x0108bb6: 00 != 47
45f4.46f8:   00007ff7f6818bb7 / 0x0108bb7: 00 != 58
45f4.46f8:   00007ff7f6818bb8 / 0x0108bb8: 00 != 58
45f4.46f8:   00007ff7f6818bb9 / 0x0108bb9: 00 != 50
45f4.46f8:   00007ff7f6818bba / 0x0108bba: 00 != 41
45f4.46f8:   00007ff7f6818bbb / 0x0108bbb: 00 != 44
45f4.46f8:   00007ff7f6818bbc / 0x0108bbc: 00 != 44
45f4.46f8:   00007ff7f6818bbd / 0x0108bbd: 00 != 49
45f4.46f8:   00007ff7f6818bbe / 0x0108bbe: 00 != 4e
45f4.46f8:   00007ff7f6818bbf / 0x0108bbf: 00 != 47
45f4.46f8:   00007ff7f6818bc0 / 0x0108bc0: 00 != 50
45f4.46f8:   00007ff7f6818bc1 / 0x0108bc1: 00 != 41
45f4.46f8:   00007ff7f6818bc2 / 0x0108bc2: 00 != 44
45f4.46f8:   00007ff7f6818bc3 / 0x0108bc3: 00 != 44
45f4.46f8:   00007ff7f6818bc4 / 0x0108bc4: 00 != 49
45f4.46f8:   00007ff7f6818bc5 / 0x0108bc5: 00 != 4e
45f4.46f8:   00007ff7f6818bc6 / 0x0108bc6: 00 != 47
45f4.46f8:   00007ff7f6818bc7 / 0x0108bc7: 00 != 58
45f4.46f8:   00007ff7f6818bc8 / 0x0108bc8: 00 != 58
45f4.46f8:   00007ff7f6818bc9 / 0x0108bc9: 00 != 50
45f4.46f8:   00007ff7f6818bca / 0x0108bca: 00 != 41
45f4.46f8:   00007ff7f6818bcb / 0x0108bcb: 00 != 44
45f4.46f8:   00007ff7f6818bcc / 0x0108bcc: 00 != 44
45f4.46f8:   00007ff7f6818bcd / 0x0108bcd: 00 != 49
45f4.46f8:   00007ff7f6818bce / 0x0108bce: 00 != 4e
45f4.46f8:   00007ff7f6818bcf / 0x0108bcf: 00 != 47
45f4.46f8:   00007ff7f6818bd0 / 0x0108bd0: 00 != 50
45f4.46f8:   00007ff7f6818bd1 / 0x0108bd1: 00 != 41
45f4.46f8:   00007ff7f6818bd2 / 0x0108bd2: 00 != 44
45f4.46f8:   00007ff7f6818bd3 / 0x0108bd3: 00 != 44
45f4.46f8:   00007ff7f6818bd4 / 0x0108bd4: 00 != 49
45f4.46f8:   00007ff7f6818bd5 / 0x0108bd5: 00 != 4e
45f4.46f8:   00007ff7f6818bd6 / 0x0108bd6: 00 != 47
45f4.46f8:   00007ff7f6818bd7 / 0x0108bd7: 00 != 58
45f4.46f8:   00007ff7f6818bd8 / 0x0108bd8: 00 != 58
45f4.46f8:   00007ff7f6818bd9 / 0x0108bd9: 00 != 50
45f4.46f8:   00007ff7f6818bda / 0x0108bda: 00 != 41
45f4.46f8:   00007ff7f6818bdb / 0x0108bdb: 00 != 44
45f4.46f8:   00007ff7f6818bdc / 0x0108bdc: 00 != 44
45f4.46f8:   00007ff7f6818bdd / 0x0108bdd: 00 != 49
45f4.46f8:   00007ff7f6818bde / 0x0108bde: 00 != 4e
45f4.46f8:   00007ff7f6818bdf / 0x0108bdf: 00 != 47
45f4.46f8:   00007ff7f6818be0 / 0x0108be0: 00 != 50
45f4.46f8:   00007ff7f6818be1 / 0x0108be1: 00 != 41
45f4.46f8:   00007ff7f6818be2 / 0x0108be2: 00 != 44
45f4.46f8:   00007ff7f6818be3 / 0x0108be3: 00 != 44
45f4.46f8:   00007ff7f6818be4 / 0x0108be4: 00 != 49
45f4.46f8:   00007ff7f6818be5 / 0x0108be5: 00 != 4e
45f4.46f8:   00007ff7f6818be6 / 0x0108be6: 00 != 47
45f4.46f8:   00007ff7f6818be7 / 0x0108be7: 00 != 58
45f4.46f8:   00007ff7f6818be8 / 0x0108be8: 00 != 58
45f4.46f8:   00007ff7f6818be9 / 0x0108be9: 00 != 50
45f4.46f8:   00007ff7f6818bea / 0x0108bea: 00 != 41
45f4.46f8:   00007ff7f6818beb / 0x0108beb: 00 != 44
45f4.46f8:   00007ff7f6818bec / 0x0108bec: 00 != 44
45f4.46f8:   00007ff7f6818bed / 0x0108bed: 00 != 49
45f4.46f8:   00007ff7f6818bee / 0x0108bee: 00 != 4e
45f4.46f8:   00007ff7f6818bef / 0x0108bef: 00 != 47
45f4.46f8:   00007ff7f6818bf0 / 0x0108bf0: 00 != 50
45f4.46f8:   00007ff7f6818bf1 / 0x0108bf1: 00 != 41
45f4.46f8:   00007ff7f6818bf2 / 0x0108bf2: 00 != 44
45f4.46f8:   00007ff7f6818bf3 / 0x0108bf3: 00 != 44
45f4.46f8:   00007ff7f6818bf4 / 0x0108bf4: 00 != 49
45f4.46f8:   00007ff7f6818bf5 / 0x0108bf5: 00 != 4e
45f4.46f8:   00007ff7f6818bf6 / 0x0108bf6: 00 != 47
45f4.46f8:   00007ff7f6818bf7 / 0x0108bf7: 00 != 58
45f4.46f8:   00007ff7f6818bf8 / 0x0108bf8: 00 != 58
45f4.46f8:   00007ff7f6818bf9 / 0x0108bf9: 00 != 50
45f4.46f8:   00007ff7f6818bfa / 0x0108bfa: 00 != 41
45f4.46f8:   00007ff7f6818bfb / 0x0108bfb: 00 != 44
45f4.46f8:   00007ff7f6818bfc / 0x0108bfc: 00 != 44
45f4.46f8:   00007ff7f6818bfd / 0x0108bfd: 00 != 49
45f4.46f8:   00007ff7f6818bfe / 0x0108bfe: 00 != 4e
45f4.46f8:   00007ff7f6818bff / 0x0108bff: 00 != 47
45f4.46f8:   Restored 0x490 bytes of original file content at 00007ff7f6818b70
45f4.46f8: '\Device\HarddiskVolume3\Windows\System32\ntdll.dll' has no imports
45f4.46f8: supR3HardNtChildPurify: cFixes=1 g_fSupAdversaries=0x80000000
45f4.46f8: supR3HardNtChildPurify: Startup delay kludge #1/1: 525 ms, 34 sleeps
45f4.46f8: supHardNtVpScanVirtualMemory: enmKind=CHILD_PURIFICATION
45f4.46f8:  *0000000000000000-000000007ffdffff 0x0001/0x0000 0x0000000
45f4.46f8:  *000000007ffe0000-000000007ffe0fff 0x0002/0x0002 0x0020000
45f4.46f8:   000000007ffe1000-000000007ffe1fff 0x0001/0x0000 0x0000000
45f4.46f8:  *000000007ffe2000-000000007ffe2fff 0x0002/0x0002 0x0020000
45f4.46f8:   000000007ffe3000-000000f9dc9fffff 0x0001/0x0000 0x0000000
45f4.46f8:  *000000f9dca00000-000000f9dca29fff 0x0000/0x0004 0x0020000
45f4.46f8:   000000f9dca2a000-000000f9dca2cfff 0x0004/0x0004 0x0020000
45f4.46f8:   000000f9dca2d000-000000f9dcbfffff 0x0000/0x0004 0x0020000
45f4.46f8:  *000000f9dcc00000-000000f9dccfafff 0x0000/0x0004 0x0020000
45f4.46f8:   000000f9dccfb000-000000f9dccfdfff 0x0104/0x0004 0x0020000
45f4.46f8:   000000f9dccfe000-000000f9dccfffff 0x0004/0x0004 0x0020000
45f4.46f8:   000000f9dcd00000-000002872ec9ffff 0x0001/0x0000 0x0000000
45f4.46f8:  *000002872eca0000-000002872ecbffff 0x0004/0x0004 0x0020000
45f4.46f8:  *000002872ecc0000-000002872ece9fff 0x0002/0x0002 0x0040000
45f4.46f8:   000002872ecea000-000002872eceffff 0x0001/0x0000 0x0000000
45f4.46f8:  *000002872ecf0000-000002872ecf3fff 0x0002/0x0002 0x0040000
45f4.46f8:   000002872ecf4000-000002872ecfffff 0x0001/0x0000 0x0000000
45f4.46f8:  *000002872ed00000-000002872ed00fff 0x0002/0x0002 0x0040000
45f4.46f8:   000002872ed01000-000002872ed0ffff 0x0001/0x0000 0x0000000
45f4.46f8:  *000002872ed10000-000002872ed11fff 0x0004/0x0004 0x0020000
45f4.46f8:   000002872ed12000-00007df5c083ffff 0x0001/0x0000 0x0000000
45f4.46f8:  *00007df5c0840000-00007df5c0840fff 0x0002/0x0002 0x0040000
45f4.46f8:   00007df5c0841000-00007df5c084ffff 0x0001/0x0000 0x0000000
45f4.46f8:  *00007df5c0850000-00007df5c236cfff 0x0000/0x0001 0x0040000
45f4.46f8:   00007df5c236d000-00007df5c23a7fff 0x0001/0x0001 0x0040000
45f4.46f8:   00007df5c23a8000-00007df5c2624fff 0x0000/0x0001 0x0040000
45f4.46f8:   00007df5c2625000-00007df5c2625fff 0x0001/0x0001 0x0040000
45f4.46f8:   00007df5c2626000-00007ff5a05ebfff 0x0000/0x0001 0x0040000
45f4.46f8:   00007ff5a05ec000-00007ff5a05f0fff 0x0002/0x0001 0x0040000
45f4.46f8:   00007ff5a05f1000-00007ff5a084ffff 0x0000/0x0001 0x0040000
45f4.46f8:   00007ff5a0850000-00007ff5a0bfdfff 0x0001/0x0001 0x0040000
45f4.46f8:   00007ff5a0bfe000-00007ff5a0c07fff 0x0002/0x0001 0x0040000
45f4.46f8:   00007ff5a0c08000-00007ff5bd286fff 0x0000/0x0001 0x0040000
45f4.46f8:   00007ff5bd287000-00007ff5c084ffff 0x0001/0x0001 0x0040000
45f4.46f8:   00007ff5c0850000-00007ff7f670ffff 0x0001/0x0000 0x0000000
45f4.46f8:  *00007ff7f6710000-00007ff7f6710fff 0x0002/0x0080 0x1000000  \Device\HarddiskVolume3\Program Files\Oracle\VirtualBox\VirtualBoxVM.exe
45f4.46f8:   00007ff7f6711000-00007ff7f677cfff 0x0020/0x0080 0x1000000  \Device\HarddiskVolume3\Program Files\Oracle\VirtualBox\VirtualBoxVM.exe
45f4.46f8:   00007ff7f677d000-00007ff7f677dfff 0x0040/0x0080 0x1000000  \Device\HarddiskVolume3\Program Files\Oracle\VirtualBox\VirtualBoxVM.exe
45f4.46f8:   00007ff7f677e000-00007ff7f67d2fff 0x0002/0x0080 0x1000000  \Device\HarddiskVolume3\Program Files\Oracle\VirtualBox\VirtualBoxVM.exe
45f4.46f8:   00007ff7f67d3000-00007ff7f67dffff 0x0004/0x0080 0x1000000  \Device\HarddiskVolume3\Program Files\Oracle\VirtualBox\VirtualBoxVM.exe
45f4.46f8:   00007ff7f67e0000-00007ff7f681afff 0x0002/0x0080 0x1000000  \Device\HarddiskVolume3\Program Files\Oracle\VirtualBox\VirtualBoxVM.exe
45f4.46f8:   00007ff7f681b000-00007ff80eb7ffff 0x0001/0x0000 0x0000000
45f4.46f8:  *00007ff80eb80000-00007ff80eb80fff 0x0002/0x0080 0x1000000  \Device\HarddiskVolume3\Windows\System32\ntdll.dll
45f4.46f8:   00007ff80eb81000-00007ff80ecf2fff 0x0020/0x0080 0x1000000  \Device\HarddiskVolume3\Windows\System32\ntdll.dll
45f4.46f8:   00007ff80ecf3000-00007ff80ed4bfff 0x0002/0x0080 0x1000000  \Device\HarddiskVolume3\Windows\System32\ntdll.dll
45f4.46f8:   00007ff80ed4c000-00007ff80ed4cfff 0x0004/0x0080 0x1000000  \Device\HarddiskVolume3\Windows\System32\ntdll.dll
45f4.46f8:   00007ff80ed4d000-00007ff80ed4dfff 0x0008/0x0080 0x1000000  \Device\HarddiskVolume3\Windows\System32\ntdll.dll
45f4.46f8:   00007ff80ed4e000-00007ff80ed54fff 0x0004/0x0080 0x1000000  \Device\HarddiskVolume3\Windows\System32\ntdll.dll
45f4.46f8:   00007ff80ed55000-00007ff80ed66fff 0x0002/0x0080 0x1000000  \Device\HarddiskVolume3\Windows\System32\ntdll.dll
45f4.46f8:   00007ff80ed67000-00007ff80ed67fff 0x0004/0x0080 0x1000000  \Device\HarddiskVolume3\Windows\System32\ntdll.dll
45f4.46f8:   00007ff80ed68000-00007ff80ed69fff 0x0008/0x0080 0x1000000  \Device\HarddiskVolume3\Windows\System32\ntdll.dll
45f4.46f8:   00007ff80ed6a000-00007ff80ed6afff 0x0004/0x0080 0x1000000  \Device\HarddiskVolume3\Windows\System32\ntdll.dll
45f4.46f8:   00007ff80ed6b000-00007ff80ede6fff 0x0002/0x0080 0x1000000  \Device\HarddiskVolume3\Windows\System32\ntdll.dll
45f4.46f8:   00007ff80ede7000-00007ffffffeffff 0x0001/0x0000 0x0000000
45f4.46f8: supR3HardNtChildPurify: Done after 847 ms and 1 fixes (loop #1).
3cec.332c: Log file opened: 7.2.8r173730 g_hStartupLog=0000000000000004 g_uNtVerCombined=0xa0665800
3cec.332c: supR3HardenedVmProcessInit: uNtDllAddr=00007ff80eb80000 g_uNtVerCombined=0xa0665800 (stack ~000000f9dccfe6c0)
45f4.46f8: supR3HardenedEarlyCompact: Removed heap 1 (0x00027822840000 LB 0x800000)
3cec.332c: ntdll.dll: timestamp 0xf7576e9e (rc=VINF_SUCCESS)
3cec.332c: New simple heap: #1 000002872ee20000 LB 0x800000 (for 2519040 allocation)
45f4.46f8: supR3HardNtEnableThreadCreationEx:
3cec.332c: supR3HardenedWinInitAppBin(0x0): '\Device\HarddiskVolume3\Program Files\Oracle\VirtualBox'
3cec.332c: System32:  \Device\HarddiskVolume3\Windows\System32
3cec.332c: WinSxS:    \Device\HarddiskVolume3\Windows\WinSxS
3cec.332c: KnownDllPath: C:\WINDOWS\System32
3cec.332c: supR3HardenedVmProcessInit: Opening vboxsup...
3cec.332c: supR3HardenedVmProcessInit: Restoring LdrInitializeThunk...
3cec.332c: supR3HardenedVmProcessInit: Returning to LdrInitializeThunk...
3cec.332c: Registered Dll notification callback with NTDLL.
3cec.332c: supHardenedWinVerifyImageByHandle: -> 0 (\Device\HarddiskVolume3\Windows\System32\kernel32.dll)
3cec.332c: supR3HardenedWinVerifyCacheInsert: \Device\HarddiskVolume3\Windows\System32\kernel32.dll
3cec.332c: supR3HardenedMonitor_LdrLoadDll: pName=C:\WINDOWS\System32\KERNEL32.DLL (Input=KERNEL32.DLL, rcNtResolve=0xc0150008) *pfFlags=0xffffffff pwszSearchPath=0000000000004001:<flags> [calling]
3cec.332c: supR3HardenedDllNotificationCallback: load   00007ff80bb60000 LB 0x003f4000 C:\WINDOWS\System32\KERNELBASE.dll [fFlags=0x0]
3cec.332c: supHardenedWinVerifyImageByHandle: -> 0 (\Device\HarddiskVolume3\Windows\System32\KernelBase.dll)
3cec.332c: supR3HardenedWinVerifyCacheInsert: \Device\HarddiskVolume3\Windows\System32\KernelBase.dll
3cec.332c: supR3HardenedDllNotificationCallback: load   00007ff80cbd0000 LB 0x000c9000 C:\WINDOWS\System32\KERNEL32.DLL [fFlags=0x0]
3cec.332c: supR3HardenedScreenImage/LdrLoadDll: cache hit (VINF_SUCCESS) on \Device\HarddiskVolume3\Windows\System32\kernel32.dll [lacks WinVerifyTrust]
3cec.332c: supR3HardenedMonitor_LdrLoadDll: returns rcNt=0x0 hMod=00007ff80cbd0000 'C:\WINDOWS\System32\KERNEL32.DLL'
3cec.332c: supR3HardenedScreenImage/LdrLoadDll: cache hit (VINF_SUCCESS) on \Device\HarddiskVolume3\Windows\System32\KernelBase.dll [lacks WinVerifyTrust]
3cec.332c: supR3HardenedMonitor_LdrLoadDll: pName=C:\WINDOWS\System32\KERNELBASE.dll (Input=KERNELBASE.dll, rcNtResolve=0xc0150008) *pfFlags=0xffffffff pwszSearchPath=0000000000004001:<flags> [calling]
3cec.332c: supR3HardenedMonitor_LdrLoadDll: returns rcNt=0x0 hMod=00007ff80bb60000 'C:\WINDOWS\System32\KERNELBASE.dll'
3cec.332c: supR3HardenedDllNotificationCallback: load   00007ff7f6710000 LB 0x0010b000 C:\Program Files\Oracle\VirtualBox\VirtualBoxVM.exe [fFlags=0x0]
3cec.332c: '\Device\HarddiskVolume3\Program Files\Oracle\VirtualBox\VirtualBoxVM.exe' has no imports
3cec.332c: supHardenedWinVerifyImageByHandle: -> 0 (\Device\HarddiskVolume3\Program Files\Oracle\VirtualBox\VirtualBoxVM.exe)
3cec.332c: supR3HardenedWinVerifyCacheInsert: \Device\HarddiskVolume3\Program Files\Oracle\VirtualBox\VirtualBoxVM.exe
3cec.332c: supR3HardNtDisableThreadCreation: pvLdrInitThunk=00007ff80ec6b070 pvNtTerminateThread=00007ff80ece2550 g_LdrInitThunkSelfBackup.cb=0
3cec.332c: supR3HardNtDisableThreadCreationEx: Backup=40 53 48 83 ec 20 48 8b d9 e8 1a 00 00 00 b2 01
3cec.332c: \SystemRoot\System32\ntdll.dll:
3cec.332c:     CreationTime:    2026-04-15T12:33:46.175841600Z
3cec.332c:     LastWriteTime:   2026-04-15T12:33:46.345455800Z
3cec.332c:     ChangeTime:      2026-04-16T01:59:50.829721400Z
3cec.332c:     FileAttributes:  0x20
3cec.332c:     Size:            0x267be8
3cec.332c:     NT Headers:      0xe0
3cec.332c:     Timestamp:       0xf7576e9e
3cec.332c:     Machine:         0x8664 - amd64
3cec.332c:     Timestamp:       0xf7576e9e
3cec.332c:     Image Version:   10.0
3cec.332c:     SizeOfImage:     0x267000 (2519040)
3cec.332c:     Resource Dir:    0x1eb000 LB 0x7a1b8
3cec.332c:     [Version info resource found at 0xd8! (ID/Name: 0x1; SubID/SubName: 0x409)]
3cec.332c:     [Raw version resource data: 0x1eb0f0 LB 0x380, codepage 0x0 (reserved 0x0)]
45f4.46f8: supR3HardNtChildWaitFor: Found expected request 1 (CloseEvents) after 139 ms.
3cec.332c:     ProductName:     Microsoft® Windows® Operating System
3cec.332c:     ProductVersion:  10.0.26100.8246
3cec.332c:     FileVersion:     10.0.26100.8246 (WinBuild.160101.0800)
3cec.332c:     FileDescription: NT Layer DLL
3cec.332c: \SystemRoot\System32\kernel32.dll:
3cec.332c:     CreationTime:    2026-04-15T12:33:40.432525300Z
3cec.332c:     LastWriteTime:   2026-04-15T12:33:40.496655600Z
3cec.332c:     ChangeTime:      2026-04-16T02:00:26.948965300Z
3cec.332c:     FileAttributes:  0x20
3cec.332c:     Size:            0xcc298
3cec.332c:     NT Headers:      0xf8
3cec.332c:     Timestamp:       0x7635528f
3cec.332c:     Machine:         0x8664 - amd64
3cec.332c:     Timestamp:       0x7635528f
3cec.332c:     Image Version:   10.0
3cec.332c:     SizeOfImage:     0xc9000 (823296)
3cec.332c:     Resource Dir:    0xc7000 LB 0x520
3cec.332c:     [Version info resource found at 0x90! (ID/Name: 0x1; SubID/SubName: 0x409)]
3cec.332c:     [Raw version resource data: 0xc70b0 LB 0x3a4, codepage 0x0 (reserved 0x0)]
3cec.332c:     ProductName:     Microsoft® Windows® Operating System
3cec.332c:     ProductVersion:  10.0.26100.8246
3cec.332c:     FileVersion:     10.0.26100.8246 (WinBuild.160101.0800)
3cec.332c:     FileDescription: Windows NT BASE API Client DLL
3cec.332c: \SystemRoot\System32\KernelBase.dll:
3cec.332c:     CreationTime:    2026-04-15T12:33:40.469701400Z
3cec.332c:     LastWriteTime:   2026-04-15T12:33:40.934616000Z
3cec.332c:     ChangeTime:      2026-04-16T02:00:27.086815200Z
3cec.332c:     FileAttributes:  0x20
3cec.332c:     Size:            0x3f6388
3cec.332c:     NT Headers:      0x108
3cec.332c:     Timestamp:       0x208e0cb7
3cec.332c:     Machine:         0x8664 - amd64
3cec.332c:     Timestamp:       0x208e0cb7
3cec.332c:     Image Version:   10.0
3cec.332c:     SizeOfImage:     0x3f4000 (4145152)
3cec.332c:     Resource Dir:    0x3ba000 LB 0x548
3cec.332c:     [Version info resource found at 0x90! (ID/Name: 0x1; SubID/SubName: 0x409)]
3cec.332c:     [Raw version resource data: 0x3ba0b0 LB 0x3bc, codepage 0x0 (reserved 0x0)]
3cec.332c:     ProductName:     Microsoft® Windows® Operating System
3cec.332c:     ProductVersion:  10.0.26100.8246
3cec.332c:     FileVersion:     10.0.26100.8246 (WinBuild.160101.0800)
3cec.332c:     FileDescription: Windows NT BASE API Client DLL
3cec.332c: \SystemRoot\System32\apisetschema.dll:
3cec.332c:     CreationTime:    2026-04-15T12:33:09.796330700Z
3cec.332c:     LastWriteTime:   2026-04-15T12:33:09.833539900Z
3cec.332c:     ChangeTime:      2026-04-16T01:59:35.086887200Z
3cec.332c:     FileAttributes:  0x20
3cec.332c:     Size:            0x2f600
3cec.332c:     NT Headers:      0xd8
3cec.332c:     Timestamp:       0xfb040896
3cec.332c:     Machine:         0x8664 - amd64
3cec.332c:     Timestamp:       0xfb040896
3cec.332c:     Image Version:   10.0
3cec.332c:     SizeOfImage:     0x2e000 (188416)
3cec.332c:     Resource Dir:    0x2d000 LB 0x408
3cec.332c:     [Version info resource found at 0x48! (ID/Name: 0x1; SubID/SubName: 0x409)]
3cec.332c:     [Raw version resource data: 0x2d060 LB 0x3a8, codepage 0x0 (reserved 0x0)]
3cec.332c:     ProductName:     Microsoft® Windows® Operating System
3cec.332c:     ProductVersion:  10.0.26100.8115
3cec.332c:     FileVersion:     10.0.26100.8115 (WinBuild.160101.0800)
3cec.332c:     FileDescription: ApiSet Schema DLL
3cec.332c: root name: type=FilterConnectionPort name=UnionfsPort
3cec.332c: root name: type=Mutant name=PendingRenameMutex
3cec.332c: root name: type=Directory name=ObjectTypes
3cec.332c: root name: type=FilterConnectionPort name=storqosfltport
3cec.332c: root name: type=FilterConnectionPort name=MicrosoftMalwareProtectionRemoteIoPortWD
3cec.332c: root name: type=Job name=Container_SpotifyAB.SpotifyMusic_1.288.483.0_x64__zpdnekdrzrea0-S-1-5-21-3785590987-250657344-32502646-1001
3cec.332c: root name: type=FilterConnectionPort name=MicrosoftDataLossPreventionPort
3cec.332c: root name: type=SymbolicLink name=SystemRoot
3cec.332c: root name: type=Section name=Win32kSiloSessionGlobals
3cec.332c: root name: type=Directory name=Sessions
3cec.332c: root name: type=FilterConnectionPort name=MicrosoftMalwareProtectionVeryLowIoPortWD
3cec.332c: root name: type=ALPC Port name=SleepstudyControlPort
3cec.332c: root name: type=Directory name=ArcName
3cec.332c: root name: type=FilterConnectionPort name=WcifsPort
3cec.332c: root name: type=Directory name=NLS
3cec.332c: root name: type=Event name=LanmanServerAnnounceEvent
3cec.332c: root name: type=ALPC Port name=ThemeApiPort
3cec.332c: root name: type=Directory name=Windows
3cec.332c: root name: type=Directory name=GLOBAL??
3cec.332c: root name: type=FilterConnectionPort name=GameFltCommunicationPort
3cec.332c: root name: type=Directory name=RPC Control
3cec.332c: root name: type=FilterConnectionPort name=MicrosoftDataLossPreventionControlPort
3cec.332c: root name: type=ALPC Port name=PdcPort
3cec.332c: root name: type=Job name=Container_Microsoft.WidgetsPlatformRuntime_1.6.14.0_x64__8wekyb3d8bbwe-S-1-5-21-3785590987-250657344-32502646-1001
3cec.332c: root name: type=Job name=Container_MicrosoftWindows.Client.CBS_1000.26100.297.0_x64__cw5n1h2txyewy-S-1-5-21-3785590987-250657344-32502646-1001
3cec.332c: root name: type=Event name=EFSInitEvent
3cec.332c: root name: type=Job name=Container_MSTeams_26093.415.4620.1935_x64__8wekyb3d8bbwe-S-1-5-21-3785590987-250657344-32502646-1001
3cec.332c: root name: type=SymbolicLink name=Dfs
3cec.332c: root name: type=Device name=clfs
3cec.332c: root name: type=FilterConnectionPort name=MicrosoftDataLossPreventionRemoteIoPort
3cec.332c: root name: type=Job name=Container_Microsoft.YourPhone_1.26032.102.0_x64__8wekyb3d8bbwe-S-1-5-21-3785590987-250657344-32502646-1001
3cec.332c: root name: type=Event name=CsrSbSyncEvent
3cec.332c: root name: type=ALPC Port name=SeRmCommandPort
3cec.332c: root name: type=SymbolicLink name=DosDevices
3cec.332c: root name: type=Directory name=KnownDlls32
3cec.332c: root name: type=Key name=REGISTRY
3cec.332c: root name: type=Directory name=BaseNamedObjects
3cec.332c: root name: type=FilterConnectionPort name=MicrosoftDataLossPreventionVeryLowIoPort
3cec.332c: root name: type=ALPC Port name=PowerPort
3cec.332c: root name: type=ALPC Port name=SmSsWinStationApiPort
3cec.332c: root name: type=Event name=UniqueInteractiveSessionIdEvent
3cec.332c: root name: type=Directory name=UMDFCommunicationPorts
3cec.332c: root name: type=Job name=Container_AppleInc.iTunes_12139.10003.61011.0_x64__nzyj5cx40ttqa-S-1-5-21-3785590987-250657344-32502646-1001
3cec.332c: root name: type=Job name=Container_MicrosoftWindows.Client.WebExperience_526.1202.40.0_x64__cw5n1h2txyewy-S-1-5-21-3785590987-250657344-32502646-1001
3cec.332c: root name: type=Device name=FatCdrom
3cec.332c: root name: type=Device name=Fat
3cec.332c: root name: type=Directory name=KnownDlls
3cec.332c: root name: type=ALPC Port name=PowerMonitorPort
3cec.332c: root name: type=Device name=Ntfs
3cec.332c: root name: type=Directory name=FileSystem
3cec.332c: root name: type=Directory name=KernelObjects
3cec.332c: root name: type=FilterConnectionPort name=MicrosoftMalwareProtectionControlPortWD
3cec.332c: root name: type=Job name=Container_5319275A.WhatsAppDesktop_2.2616.100.0_x64__cv1g1gvanyjgm-S-1-5-21-3785590987-250657344-32502646-1001
3cec.332c: root name: type=ALPC Port name=SeLsaCommandPort
3cec.332c: root name: type=Directory name=Callback
3cec.332c: root name: type=Job name=Container_Microsoft.GamingServices_36.113.2002.0_x64__8wekyb3d8bbwe-PackagedService
3cec.332c: root name: type=FilterConnectionPort name=MicrosoftDataLossPreventionAsyncPort
3cec.332c: root name: type=FilterConnectionPort name=BindFltPort
3cec.332c: root name: type=Directory name=DriverStore
3cec.332c: root name: type=Directory name=Security
3cec.332c: root name: type=Job name=Container_MicrosoftWindows.CrossDevice_1.26032.83.0_x64__cw5n1h2txyewy-S-1-5-21-3785590987-250657344-32502646-1001
3cec.332c: root name: type=FilterConnectionPort name=MicrosoftMalwareProtectionAsyncPortWD
3cec.332c: root name: type=Directory name=Device
3cec.332c: root name: type=SymbolicLink name=DriverData
3cec.332c: root name: type=ALPC Port name=SmApiPort
3cec.332c: root name: type=FilterConnectionPort name=CLDMSGPORT
3cec.332c: root name: type=FilterConnectionPort name=MicrosoftMalwareProtectionPortWD
3cec.332c: root name: type=SymbolicLink name=OSDataRoot
3cec.332c: root name: type=Event name=SAM_SERVICE_STARTED
3cec.332c: root name: type=Directory name=Driver
3cec.332c: root name: type=SymbolicLink name=DriverStores
3cec.332c: driver: type=Driver name=amdgpio2
3cec.332c: driver: type=Driver name=fvevol
3cec.332c: driver: type=Driver name=vdrvroot
3cec.332c: driver: type=Driver name=VBoxSup
3cec.332c: driver: type=Driver name=PptpMiniport
3cec.332c: driver: type=Driver name=aehd
3cec.332c: driver: type=Driver name=googlehaxm
3cec.332c: driver: type=Driver name=NetBT
3cec.332c: driver: type=Driver name=acpiex
3cec.332c: driver: type=Driver name=Wdf01000
3cec.332c: driver: type=Driver name=WdNisDrv
3cec.332c: driver: type=Driver name=mpsdrv
3cec.332c: driver: type=Driver name=BthA2dp
3cec.332c: driver: type=Driver name=uiomap
3cec.332c: driver: type=Driver name=ndproxy
3cec.332c: driver: type=Driver name=lltdio
3cec.332c: driver: type=Driver name=BthEnum
3cec.332c: driver: type=Driver name=MMCSS
3cec.332c: driver: type=Driver name=RegistryHiveCacheDriver
3cec.332c: driver: type=Driver name=bam
3cec.332c: driver: type=Driver name=Psched
3cec.332c: driver: type=Driver name=BasicRender
3cec.332c: driver: type=Driver name=disk
3cec.332c: driver: type=Driver name=VBoxNetLwf
3cec.332c: driver: type=Driver name=HTTP
3cec.332c: driver: type=Driver name=Ndisuio
3cec.332c: driver: type=Driver name=SpbCx
3cec.332c: driver: type=Driver name=CAD
3cec.332c: driver: type=Driver name=ATKWMIACPIIO
3cec.332c: driver: type=Driver name=stornvme
3cec.332c: driver: type=Driver name=vwifimp
3cec.332c: driver: type=Driver name=WscVReg
3cec.332c: driver: type=Driver name=monitor
3cec.332c: driver: type=Driver name=ahcache
3cec.332c: driver: type=Driver name=iorate
3cec.332c: driver: type=Driver name=pcw
3cec.332c: driver: type=Driver name=AmdPPM
3cec.332c: driver: type=Driver name=Ucx01000
3cec.332c: driver: type=Driver name=USBXHCI
3cec.332c: driver: type=Driver name=partmgr
3cec.332c: driver: type=Driver name=PEAUTH
3cec.332c: driver: type=Driver name=MsLldp
3cec.332c: driver: type=Driver name=Vid
3cec.332c: driver: type=Driver name=vgk
3cec.332c: driver: type=Driver name=ACPI_HAL
3cec.332c: driver: type=Driver name=usbvideo
3cec.332c: driver: type=Driver name=spaceport
3cec.332c: driver: type=Driver name=Rasl2tp
3cec.332c: driver: type=Driver name=vwififlt
3cec.332c: driver: type=Driver name=condrv
3cec.332c: driver: type=Driver name=vwifibus
3cec.332c: driver: type=Driver name=DXGKrnl
3cec.332c: driver: type=Driver name=PnpManager
3cec.332c: driver: type=Driver name=AsusSAIO
3cec.332c: driver: type=Driver name=Ld9BoxSup
3cec.332c: driver: type=Driver name=Microsoft_Bluetooth_AvrcpTransport
3cec.332c: driver: type=Driver name=Null
3cec.332c: driver: type=Driver name=intelpep
3cec.332c: driver: type=Driver name=PRM
3cec.332c: driver: type=Driver name=RasAgileVpn
3cec.332c: driver: type=Driver name=wanarp
3cec.332c: driver: type=Driver name=e2esoft_ivcamaudio_simple
3cec.332c: driver: type=Driver name=SoftwareDevice
3cec.332c: driver: type=Driver name=RFCOMM
3cec.332c: driver: type=Driver name=iVCam
3cec.332c: driver: type=Driver name=CLFS
3cec.332c: driver: type=Driver name=WindowsTrustedRTProxy
3cec.332c: driver: type=Driver name=BthHFAud
3cec.332c: driver: type=Driver name=CDD
3cec.332c: driver: type=Driver name=amdacpbus
3cec.332c: driver: type=Driver name=AMDXE
3cec.332c: driver: type=Driver name=NdisCap
3cec.332c: driver: type=Driver name=KSecDD
3cec.332c: driver: type=Driver name=volmgr
3cec.332c: driver: type=Driver name=DeviceApi
3cec.332c: driver: type=Driver name=hidi2c
3cec.332c: driver: type=Driver name=mtkwlex
3cec.332c: driver: type=Driver name=umbus
3cec.332c: driver: type=Driver name=CNG
3cec.332c: driver: type=Driver name=Win32k
3cec.332c: driver: type=Driver name=amdfendrmgr
3cec.332c: driver: type=Driver name=i8042prt
3cec.332c: driver: type=Driver name=npsvctrig
3cec.332c: driver: type=Driver name=volume
3cec.332c: driver: type=Driver name=KSecPkg
3cec.332c: driver: type=Driver name=TPM
3cec.332c: driver: type=Driver name=amdwps
3cec.332c: driver: type=Driver name=AMDAfdAudioService
3cec.332c: driver: type=Driver name=mouclass
3cec.332c: driver: type=Driver name=wdiwifi
3cec.332c: driver: type=Driver name=NativeWifiP
3cec.332c: driver: type=Driver name=WINUSB
3cec.332c: driver: type=Driver name=msisadrv
3cec.332c: driver: type=Driver name=IntelPMT
3cec.332c: driver: type=Driver name=Ndu
3cec.332c: driver: type=Driver name=wtd
3cec.332c: driver: type=Driver name=BthLEEnum
3cec.332c: driver: type=Driver name=kbdclass
3cec.332c: driver: type=Driver name=amduw23g-198974-eda2a421
3cec.332c: driver: type=Driver name=hvservice
3cec.332c: driver: type=Driver name=VBoxNetAdp
3cec.332c: driver: type=Driver name=MTKBTFilterx64
3cec.332c: driver: type=Driver name=mouhid
3cec.332c: driver: type=Driver name=AMDSAFD
3cec.332c: driver: type=Driver name=volsnap
3cec.332c: driver: type=Driver name=amdpsp
3cec.332c: driver: type=Driver name=GPIOClx0101
3cec.332c: driver: type=Driver name=nsiproxy
3cec.332c: driver: type=Driver name=WMIxWDM
3cec.332c: driver: type=Driver name=RasSstp
3cec.332c: driver: type=Driver name=BthPan
3cec.332c: driver: type=Driver name=MSKSSRV
3cec.332c: driver: type=Driver name=tdx
3cec.332c: driver: type=Driver name=BTHUSB
3cec.332c: driver: type=Driver name=AmdMicroPEP
3cec.332c: driver: type=Driver name=WindowsTrustedRT
3cec.332c: driver: type=Driver name=RasPppoe
3cec.332c: driver: type=Driver name=Xvdd
3cec.332c: driver: type=Driver name=AsusPTPDrv
3cec.332c: driver: type=Driver name=HDAudBus
3cec.332c: driver: type=Driver name=BasicDisplay
3cec.332c: driver: type=Driver name=QWAVEdrv
3cec.332c: driver: type=Driver name=BthHFEnum
3cec.332c: driver: type=Driver name=rdpbus
3cec.332c: driver: type=Driver name=AtiHDAudioService
3cec.332c: driver: type=Driver name=UEFI
3cec.332c: driver: type=Driver name=dam
3cec.332c: driver: type=Driver name=pdc
3cec.332c: driver: type=Driver name=rspndr
3cec.332c: driver: type=Driver name=WmiAcpi
3cec.332c: driver: type=Driver name=mssmbios
3cec.332c: driver: type=Driver name=nvmedisk
3cec.332c: driver: type=Driver name=volmgrx
3cec.332c: driver: type=Driver name=pci
3cec.332c: driver: type=Driver name=KslD
3cec.332c: driver: type=Driver name=NdisVirtualBus
3cec.332c: driver: type=Driver name=CmBatt
3cec.332c: driver: type=Driver name=kdnic
3cec.332c: driver: type=Driver name=cdrom
3cec.332c: driver: type=Driver name=NDIS
3cec.332c: driver: type=Driver name=MTConfig
3cec.332c: driver: type=Driver name=swenum
3cec.332c: driver: type=Driver name=amdfendr
3cec.332c: driver: type=Driver name=AMDRyzenMasterDriverV31
3cec.332c: driver: type=Driver name=rdyboost
3cec.332c: driver: type=Driver name=WFPLWFS
3cec.332c: driver: type=Driver name=Tcpip
3cec.332c: driver: type=Driver name=BTHMODEM
3cec.332c: driver: type=Driver name=USBHUB3
3cec.332c: driver: type=Driver name=Beep
3cec.332c: driver: type=Driver name=VBoxUSBMon
3cec.332c: driver: type=Driver name=NdisTapi
3cec.332c: driver: type=Driver name=usbccgp
3cec.332c: driver: type=Driver name=AFD
3cec.332c: driver: type=Driver name=mountmgr
3cec.332c: driver: type=Driver name=tcpipreg
3cec.332c: driver: type=Driver name=BTHPORT
3cec.332c: driver: type=Driver name=IntcAzAudAddService
3cec.332c: driver: type=Driver name=ksthunk
3cec.332c: driver: type=Driver name=afunix
3cec.332c: driver: type=Driver name=NdisWan
3cec.332c: driver: type=Driver name=WUDFRd
3cec.332c: driver: type=Driver name=mshidkmdf
3cec.332c: driver: type=Driver name=amdi2c
3cec.332c: driver: type=Driver name=CompositeBus
3cec.332c: driver: type=Driver name=EhStorClass
3cec.332c: driver: type=Driver name=ACPI
3cec.332c: supR3HardenedWinFindAdversaries: 0x0
3cec.332c: supR3HardenedWinInitAppBin(0x0): '\Device\HarddiskVolume3\Program Files\Oracle\VirtualBox'
3cec.332c: Calling main()
3cec.332c: SUPR3HardenedMain: pszProgName=VirtualBoxVM fFlags=0x2
3cec.332c: supR3HardenedWinInitAppBin(0x2): '\Device\HarddiskVolume3\Program Files\Oracle\VirtualBox'
3cec.332c: '\Device\HarddiskVolume3\Program Files\Oracle\VirtualBox\VirtualBoxVM.exe' has no imports
3cec.332c: supHardenedWinVerifyImageByHandle: -> 0 (\Device\HarddiskVolume3\Program Files\Oracle\VirtualBox\VirtualBoxVM.exe)
3cec.332c: SUPR3HardenedMain: Final process, opening VBoxDrv...
3cec.332c: supR3HardenedEarlyCompact: Removed heap 1 (0x0002872ee20000 LB 0x800000)
3cec.332c: supR3HardNtEnableThreadCreationEx:
3cec.332c: supHardenedWinVerifyImageByHandle: -> 0 (\Device\HarddiskVolume3\Program Files\Oracle\VirtualBox\VBoxSupLib.dll)
3cec.332c: supR3HardenedWinVerifyCacheInsert: \Device\HarddiskVolume3\Program Files\Oracle\VirtualBox\VBoxSupLib.dll
3cec.332c: supR3HardenedMonitor_LdrLoadDll: pName=C:\Program Files\Oracle\VirtualBox\VBoxSupLib.DLL (rcNtResolve=0xc0150008) *pfFlags=0x0 pwszSearchPath=0000000000000801:<flags> [calling]
3cec.332c: supR3HardenedScreenImage/NtCreateSection: cache hit (VINF_SUCCESS) on \Device\HarddiskVolume3\Program Files\Oracle\VirtualBox\VBoxSupLib.dll [lacks WinVerifyTrust]
3cec.332c: supR3HardenedDllNotificationCallback: load   00007ff802c40000 LB 0x00005000 C:\Program Files\Oracle\VirtualBox\VBoxSupLib.DLL [fFlags=0x0]
3cec.332c: supR3HardenedScreenImage/LdrLoadDll: cache hit (VINF_SUCCESS) on \Device\HarddiskVolume3\Program Files\Oracle\VirtualBox\VBoxSupLib.dll [lacks WinVerifyTrust]
3cec.332c: supR3HardenedScreenImage/LdrLoadDll: cache hit (VINF_SUCCESS) on \Device\HarddiskVolume3\Program Files\Oracle\VirtualBox\VBoxSupLib.dll [lacks WinVerifyTrust]
3cec.332c: supR3HardenedMonitor_LdrLoadDll: pName=C:\Program Files\Oracle\VirtualBox\VBoxSupLib.DLL (rcNtResolve=0xc0150008) *pfFlags=0x0 pwszSearchPath=0000000000000001:<flags> [calling]
3cec.332c: supR3HardenedMonitor_LdrLoadDll: returns rcNt=0x0 hMod=00007ff802c40000 'C:\Program Files\Oracle\VirtualBox\VBoxSupLib.DLL'
3cec.332c: supR3HardenedScreenImage/LdrLoadDll: cache hit (VINF_SUCCESS) on \Device\HarddiskVolume3\Program Files\Oracle\VirtualBox\VBoxSupLib.dll [lacks WinVerifyTrust]
3cec.332c: supR3HardenedMonitor_LdrLoadDll: pName=C:\Program Files\Oracle\VirtualBox\VBoxSupLib.DLL (rcNtResolve=0xc0150008) *pfFlags=0x0 pwszSearchPath=0000000000000001:<flags> [calling]
3cec.332c: supR3HardenedMonitor_LdrLoadDll: returns rcNt=0x0 hMod=00007ff802c40000 'C:\Program Files\Oracle\VirtualBox\VBoxSupLib.DLL'
3cec.332c: supR3HardenedMonitor_LdrLoadDll: returns rcNt=0x0 hMod=00007ff802c40000 'C:\Program Files\Oracle\VirtualBox\VBoxSupLib.DLL'
3cec.332c: supR3HardenedWinVerifyCacheScheduleImports: Import todo: #0 'msvcrt.dll'.
3cec.332c: supR3HardenedWinVerifyCacheScheduleImports: Import todo: #30 'rpcrt4.dll'.
3cec.332c: supHardenedWinVerifyImageByHandle: -> 0 (\Device\HarddiskVolume3\Windows\System32\wintrust.dll)
3cec.332c: supR3HardenedWinVerifyCacheInsert: \Device\HarddiskVolume3\Windows\System32\wintrust.dll
3cec.332c: supR3HardenedWinVerifyCacheProcessImportTodos: Processing 'rpcrt4.dll'...
3cec.332c: supR3HardenedWinVerifyCacheProcessImportTodos: 'rpcrt4.dll' -> '\Device\HarddiskVolume3\Windows\System32\rpcrt4.dll' [rcNtRedir=0xc0150008]
3cec.332c: supHardenedWinVerifyImageByHandle: -> 0 (\Device\HarddiskVolume3\Windows\System32\rpcrt4.dll)
3cec.332c: supR3HardenedWinVerifyCacheInsert: \Device\HarddiskVolume3\Windows\System32\rpcrt4.dll
3cec.332c: supR3HardenedWinVerifyCacheProcessImportTodos: Processing 'msvcrt.dll'...
3cec.332c: supR3HardenedWinVerifyCacheProcessImportTodos: 'msvcrt.dll' -> '\Device\HarddiskVolume3\Windows\System32\msvcrt.dll' [rcNtRedir=0xc0150008]
3cec.332c: supHardenedWinVerifyImageByHandle: -> 0 (\Device\HarddiskVolume3\Windows\System32\msvcrt.dll)
3cec.332c: supR3HardenedWinVerifyCacheInsert: \Device\HarddiskVolume3\Windows\System32\msvcrt.dll
3cec.332c: supR3HardenedMonitor_LdrLoadDll: pName=C:\WINDOWS\system32\Wintrust.dll (rcNtResolve=0xc0150008) *pfFlags=0x0 pwszSearchPath=0000000000000801:<flags> [calling]
3cec.332c: supR3HardenedDllNotificationCallback: load   00007ff80d130000 LB 0x000a9000 C:\WINDOWS\System32\msvcrt.dll [fFlags=0x0]
3cec.332c: supR3HardenedScreenImage/LdrLoadDll: cache hit (VINF_SUCCESS) on \Device\HarddiskVolume3\Windows\System32\msvcrt.dll [lacks WinVerifyTrust]
3cec.332c: supR3HardenedDllNotificationCallback: load   00007ff80d010000 LB 0x00118000 C:\WINDOWS\System32\RPCRT4.dll [fFlags=0x0]
3cec.332c: supR3HardenedScreenImage/LdrLoadDll: cache hit (VINF_SUCCESS) on \Device\HarddiskVolume3\Windows\System32\rpcrt4.dll [lacks WinVerifyTrust]
3cec.332c: supR3HardenedDllNotificationCallback: load   00007ff80bf60000 LB 0x00082000 C:\WINDOWS\System32\Wintrust.dll [fFlags=0x0]
3cec.332c: supR3HardenedScreenImage/LdrLoadDll: cache hit (VINF_SUCCESS) on \Device\HarddiskVolume3\Windows\System32\wintrust.dll [lacks WinVerifyTrust]
3cec.332c: supR3HardenedDllNotificationCallback: load   00007ff80b540000 LB 0x0014b000 C:\WINDOWS\System32\ucrtbase.dll [fFlags=0x0]
3cec.332c: supHardenedWinVerifyImageByHandle: -> 0 (\Device\HarddiskVolume3\Windows\System32\ucrtbase.dll)
3cec.332c: supR3HardenedWinVerifyCacheInsert: \Device\HarddiskVolume3\Windows\System32\ucrtbase.dll
3cec.332c: supR3HardenedDllNotificationCallback: load   00007ff80b690000 LB 0x00177000 C:\WINDOWS\System32\CRYPT32.dll [fFlags=0x0]
3cec.332c: supHardenedWinVerifyImageByHandle: -> 0 (\Device\HarddiskVolume3\Windows\System32\crypt32.dll)
3cec.332c: supR3HardenedWinVerifyCacheInsert: \Device\HarddiskVolume3\Windows\System32\crypt32.dll
3cec.332c: supR3HardenedIsApiSetDll: ApiSetQueryApiSetPresence(api-ms-win-core-synch-l1-2-0) -> 0x0, fPresent=1
3cec.332c: supR3HardenedMonitor_LdrLoadDll: pName=api-ms-win-core-synch-l1-2-0 (rcNtResolve=0x0) *pfFlags=0x0 pwszSearchPath=0000000000000801:<flags> [calling]
3cec.332c: supR3HardenedMonitor_LdrLoadDll: returns rcNt=0x0 hMod=00007ff80bb60000 'api-ms-win-core-synch-l1-2-0'
3cec.332c: supR3HardenedIsApiSetDll: ApiSetQueryApiSetPresence(api-ms-win-core-fibers-l1-1-1) -> 0x0, fPresent=1
3cec.332c: supR3HardenedMonitor_LdrLoadDll: pName=api-ms-win-core-fibers-l1-1-1 (rcNtResolve=0x0) *pfFlags=0x0 pwszSearchPath=0000000000000801:<flags> [calling]
3cec.332c: supR3HardenedMonitor_LdrLoadDll: returns rcNt=0x0 hMod=00007ff80bb60000 'api-ms-win-core-fibers-l1-1-1'
3cec.332c: supR3HardenedIsApiSetDll: ApiSetQueryApiSetPresence(api-ms-win-core-fibers-l1-1-2) -> 0x0, fPresent=1
3cec.332c: supR3HardenedMonitor_LdrLoadDll: pName=api-ms-win-core-fibers-l1-1-2 (rcNtResolve=0x0) *pfFlags=0x0 pwszSearchPath=0000000000000801:<flags> [calling]
3cec.332c: supR3HardenedMonitor_LdrLoadDll: returns rcNt=0x0 hMod=00007ff80bb60000 'api-ms-win-core-fibers-l1-1-2'
3cec.332c: supHardenedWinVerifyImageByHandle: -> 0 (\Device\HarddiskVolume3\Windows\System32\msasn1.dll)
3cec.332c: supR3HardenedWinVerifyCacheInsert: \Device\HarddiskVolume3\Windows\System32\msasn1.dll
3cec.332c: supR3HardenedDllNotificationCallback: load   00007ff80aaa0000 LB 0x00013000 C:\WINDOWS\SYSTEM32\MSASN1.dll [fFlags=0x0]
3cec.332c: supR3HardenedScreenImage/LdrLoadDll: cache hit (VINF_SUCCESS) on \Device\HarddiskVolume3\Windows\System32\msasn1.dll [lacks WinVerifyTrust]
3cec.332c: supR3HardenedMonitor_LdrLoadDll: returns rcNt=0x0 hMod=00007ff80bf60000 'C:\WINDOWS\system32\Wintrust.dll'
3cec.332c: supHardenedWinVerifyImageByHandle: -> 0 (\Device\HarddiskVolume3\Windows\System32\bcrypt.dll)
3cec.332c: supR3HardenedWinVerifyCacheInsert: \Device\HarddiskVolume3\Windows\System32\bcrypt.dll
3cec.332c: supR3HardenedMonitor_LdrLoadDll: pName=C:\WINDOWS\system32\bcrypt.dll (rcNtResolve=0xc0150008) *pfFlags=0x0 pwszSearchPath=0000000000000801:<flags> [calling]
3cec.332c: supR3HardenedScreenImage/NtCreateSection: cache hit (VINF_SUCCESS) on \Device\HarddiskVolume3\Windows\System32\bcrypt.dll [lacks WinVerifyTrust]
3cec.332c: supR3HardenedDllNotificationCallback: load   00007ff80d830000 LB 0x000a7000 C:\WINDOWS\System32\sechost.dll [fFlags=0x0]
3cec.332c: supHardenedWinVerifyImageByHandle: -> 0 (\Device\HarddiskVolume3\Windows\System32\sechost.dll)
3cec.332c: supR3HardenedWinVerifyCacheInsert: \Device\HarddiskVolume3\Windows\System32\sechost.dll
3cec.332c: supR3HardenedDllNotificationCallback: load   00007ff80b340000 LB 0x0002a000 C:\WINDOWS\system32\bcrypt.dll [fFlags=0x0]
3cec.332c: supR3HardenedScreenImage/LdrLoadDll: cache hit (VINF_SUCCESS) on \Device\HarddiskVolume3\Windows\System32\bcrypt.dll [lacks WinVerifyTrust]
3cec.332c: supR3HardenedMonitor_LdrLoadDll: returns rcNt=0x0 hMod=00007ff80b340000 'C:\WINDOWS\system32\bcrypt.dll'
3cec.332c: bcrypt.dll loaded at 00007ff80b340000, BCryptOpenAlgorithmProvider at 00007ff80b349410, preloading providers:
3cec.332c: supHardenedWinVerifyImageByHandle: -> 0 (\Device\HarddiskVolume3\Windows\System32\bcryptprimitives.dll)
3cec.332c: supR3HardenedWinVerifyCacheInsert: \Device\HarddiskVolume3\Windows\System32\bcryptprimitives.dll
3cec.332c: supR3HardenedMonitor_LdrLoadDll: pName=C:\WINDOWS\system32\bcryptprimitives.dll (rcNtResolve=0xc0150008) *pfFlags=0x0 pwszSearchPath=0000000000000001:<flags> [calling]
3cec.332c: supR3HardenedDllNotificationCallback: load   00007ff80bab0000 LB 0x000a5000 C:\WINDOWS\System32\bcryptprimitives.dll [fFlags=0x0]
3cec.332c: supR3HardenedScreenImage/LdrLoadDll: cache hit (VINF_SUCCESS) on \Device\HarddiskVolume3\Windows\System32\bcryptprimitives.dll [lacks WinVerifyTrust]
3cec.332c: supR3HardenedMonitor_LdrLoadDll: returns rcNt=0x0 hMod=00007ff80bab0000 'C:\WINDOWS\system32\bcryptprimitives.dll'
3cec.332c:     BCryptOpenAlgorithmProvider(,'MD2',0,0) -> 0x0 (hAlgo=000002873010ddd0)
3cec.332c:     BCryptOpenAlgorithmProvider(,'MD4',0,0) -> 0x0 (hAlgo=000002873010e720)
3cec.332c:     BCryptOpenAlgorithmProvider(,'MD5',0,0) -> 0x0 (hAlgo=000002873010ede0)
3cec.332c:     BCryptOpenAlgorithmProvider(,'SHA1',0,0) -> 0x0 (hAlgo=000002873010f4a0)
3cec.332c:     BCryptOpenAlgorithmProvider(,'SHA256',0,0) -> 0x0 (hAlgo=000002873010fb60)
3cec.332c:     BCryptOpenAlgorithmProvider(,'SHA512',0,0) -> 0x0 (hAlgo=0000028730110220)
3cec.332c:     BCryptOpenAlgorithmProvider(,'RSA',0,0) -> 0x0 (hAlgo=00000287301108e0)
3cec.332c:     BCryptOpenAlgorithmProvider(,'DSA',0,0) -> 0x0 (hAlgo=0000028730110fa0)
3cec.332c: supHardenedWinVerifyImageByHandle: -> 0 (\Device\HarddiskVolume3\Windows\System32\cryptsp.dll)
3cec.332c: supR3HardenedWinVerifyCacheInsert: \Device\HarddiskVolume3\Windows\System32\cryptsp.dll
3cec.332c: supR3HardenedDllNotificationCallback: load   00007ff80aa30000 LB 0x0001b000 C:\WINDOWS\SYSTEM32\CRYPTSP.dll [fFlags=0x0]
3cec.332c: supR3HardenedScreenImage/LdrLoadDll: cache hit (VINF_SUCCESS) on \Device\HarddiskVolume3\Windows\System32\cryptsp.dll [lacks WinVerifyTrust]
3cec.332c: supHardenedWinVerifyImageByHandle: -> 0 (\Device\HarddiskVolume3\Windows\System32\rsaenh.dll)
3cec.332c: supR3HardenedWinVerifyCacheInsert: \Device\HarddiskVolume3\Windows\System32\rsaenh.dll
3cec.332c: supR3HardenedMonitor_LdrLoadDll: pName=C:\WINDOWS\system32\rsaenh.dll (rcNtResolve=0xc0150008) *pfFlags=0x0 pwszSearchPath=0000000000000001:<flags> [calling]
3cec.332c: supR3HardenedScreenImage/NtCreateSection: cache hit (VINF_SUCCESS) on \Device\HarddiskVolume3\Windows\System32\rsaenh.dll [lacks WinVerifyTrust]
3cec.332c: supR3HardenedDllNotificationCallback: load   00007ff80a140000 LB 0x00039000 C:\WINDOWS\system32\rsaenh.dll [fFlags=0x0]
3cec.332c: supR3HardenedScreenImage/LdrLoadDll: cache hit (VINF_SUCCESS) on \Device\HarddiskVolume3\Windows\System32\rsaenh.dll [lacks WinVerifyTrust]
3cec.332c: supR3HardenedMonitor_LdrLoadDll: returns rcNt=0x0 hMod=00007ff80a140000 'C:\WINDOWS\system32\rsaenh.dll'
3cec.332c: supHardenedWinVerifyImageByHandle: -> 0 (\Device\HarddiskVolume3\Windows\System32\cryptbase.dll)
3cec.332c: supR3HardenedWinVerifyCacheInsert: \Device\HarddiskVolume3\Windows\System32\cryptbase.dll
3cec.332c: supR3HardenedDllNotificationCallback: load   00007ff80aa50000 LB 0x0000c000 C:\WINDOWS\SYSTEM32\CRYPTBASE.dll [fFlags=0x0]
3cec.332c: supR3HardenedScreenImage/LdrLoadDll: cache hit (VINF_SUCCESS) on \Device\HarddiskVolume3\Windows\System32\cryptbase.dll [lacks WinVerifyTrust]
3cec.332c: supR3HardenedScreenImage/LdrLoadDll: cache hit (VINF_SUCCESS) on \Device\HarddiskVolume3\Windows\System32\kernel32.dll [lacks WinVerifyTrust]
3cec.332c: supR3HardenedMonitor_LdrLoadDll: pName=C:\WINDOWS\System32\kernel32.dll (Input=kernel32.dll, rcNtResolve=0xc0150008) *pfFlags=0x0 pwszSearchPath=0000000000000001:<flags> [calling]
3cec.332c: supR3HardenedMonitor_LdrLoadDll: returns rcNt=0x0 hMod=00007ff80cbd0000 'C:\WINDOWS\System32\kernel32.dll'
3cec.332c: supR3HardenedScreenImage/LdrLoadDll: cache hit (VINF_SUCCESS) on \Device\HarddiskVolume3\Windows\System32\wintrust.dll [lacks WinVerifyTrust]
3cec.332c: supR3HardenedMonitor_LdrLoadDll: pName=C:\WINDOWS\System32\WINTRUST.DLL (Input=WINTRUST.DLL, rcNtResolve=0xc0150008) *pfFlags=0x0 pwszSearchPath=0000000000000001:<flags> [calling]
3cec.332c: supR3HardenedMonitor_LdrLoadDll: returns rcNt=0x0 hMod=00007ff80bf60000 'C:\WINDOWS\System32\WINTRUST.DLL'
3cec.332c: supR3HardenedScreenImage/LdrLoadDll: cache hit (VINF_SUCCESS) on \Device\HarddiskVolume3\Windows\System32\crypt32.dll [lacks WinVerifyTrust]
3cec.332c: supR3HardenedMonitor_LdrLoadDll: pName=C:\WINDOWS\System32\CRYPT32.dll (rcNtResolve=0xc0150008) *pfFlags=0x2 pwszSearchPath=0000000000000001:<flags> [calling]
3cec.332c: supR3HardenedMonitor_LdrLoadDll: returns rcNt=0x0 hMod=00007ff80b690000 'C:\WINDOWS\System32\CRYPT32.dll'
3cec.332c: supR3HardenedDllNotificationCallback: load   00007ff80d3d0000 LB 0x00020000 C:\WINDOWS\System32\imagehlp.dll [fFlags=0x0]
3cec.332c: supHardenedWinVerifyImageByHandle: -> 0 (\Device\HarddiskVolume3\Windows\System32\imagehlp.dll)
3cec.332c: supR3HardenedWinVerifyCacheInsert: \Device\HarddiskVolume3\Windows\System32\imagehlp.dll
3cec.332c: supR3HardenedScreenImage/LdrLoadDll: cache hit (VINF_SUCCESS) on \Device\HarddiskVolume3\Windows\System32\rsaenh.dll [lacks WinVerifyTrust]
3cec.332c: supR3HardenedMonitor_LdrLoadDll: pName=C:\WINDOWS\system32\rsaenh.dll (rcNtResolve=0xc0150008) *pfFlags=0x0 pwszSearchPath=0000000000000001:<flags> [calling]
3cec.332c: supR3HardenedMonitor_LdrLoadDll: returns rcNt=0x0 hMod=00007ff80a140000 'C:\WINDOWS\system32\rsaenh.dll'
3cec.332c: supR3HardenedScreenImage/LdrLoadDll: cache hit (VINF_SUCCESS) on \Device\HarddiskVolume3\Windows\System32\crypt32.dll [lacks WinVerifyTrust]
3cec.332c: supR3HardenedMonitor_LdrLoadDll: pName=C:\WINDOWS\System32\crypt32.dll (Input=crypt32.dll, rcNtResolve=0xc0150008) *pfFlags=0x0 pwszSearchPath=0000000000000001:<flags> [calling]
3cec.332c: supR3HardenedMonitor_LdrLoadDll: returns rcNt=0x0 hMod=00007ff80b690000 'C:\WINDOWS\System32\crypt32.dll'
3cec.332c: supR3HardenedWinVerifyCacheScheduleImports: Import todo: #0 'msvcp_win.dll'.
3cec.332c: supR3HardenedWinVerifyCacheScheduleImports: Import todo: #19 'rpcrt4.dll'.
3cec.332c: supHardenedWinVerifyImageByHandle: -> 0 (\Device\HarddiskVolume3\Windows\System32\gpapi.dll)
3cec.332c: supR3HardenedWinVerifyCacheInsert: \Device\HarddiskVolume3\Windows\System32\gpapi.dll
3cec.332c: supR3HardenedDllNotificationCallback: load   00007ff80bff0000 LB 0x000a3000 C:\WINDOWS\System32\msvcp_win.dll [fFlags=0x0]
3cec.332c: supHardenedWinVerifyImageByHandle: -> 0 (\Device\HarddiskVolume3\Windows\System32\msvcp_win.dll)
3cec.332c: supR3HardenedWinVerifyCacheInsert: \Device\HarddiskVolume3\Windows\System32\msvcp_win.dll
3cec.332c: supR3HardenedDllNotificationCallback: load   00007ff80cea0000 LB 0x000f8000 C:\WINDOWS\System32\shcore.dll [fFlags=0x0]
3cec.332c: supHardenedWinVerifyImageByHandle: -> 0 (\Device\HarddiskVolume3\Windows\System32\SHCore.dll)
3cec.332c: supR3HardenedWinVerifyCacheInsert: \Device\HarddiskVolume3\Windows\System32\SHCore.dll
3cec.332c: supR3HardenedDllNotificationCallback: load   00007ff80a7c0000 LB 0x00030000 C:\WINDOWS\SYSTEM32\gpapi.dll [fFlags=0x0]
3cec.332c: supR3HardenedScreenImage/LdrLoadDll: cache hit (VINF_SUCCESS) on \Device\HarddiskVolume3\Windows\System32\gpapi.dll [lacks WinVerifyTrust]
3cec.332c: supR3HardenedScreenImage/LdrLoadDll: cache hit (VINF_SUCCESS) on \Device\HarddiskVolume3\Windows\System32\kernel32.dll [lacks WinVerifyTrust]
3cec.332c: supR3HardenedWinVerifyCacheProcessImportTodos: Processing 'rpcrt4.dll'...
3cec.332c: supR3HardenedWinVerifyCacheProcessImportTodos: 'rpcrt4.dll' -> '\Device\HarddiskVolume3\Windows\System32\rpcrt4.dll' [rcNtRedir=0xc0150008]
3cec.332c: supR3HardenedScreenImage/Imports: cache hit (VINF_SUCCESS) on \Device\HarddiskVolume3\Windows\System32\rpcrt4.dll [lacks WinVerifyTrust]
3cec.332c: supR3HardenedWinVerifyCacheProcessImportTodos: Processing 'msvcp_win.dll'...
3cec.332c: supR3HardenedWinVerifyCacheProcessImportTodos: 'msvcp_win.dll' -> '\Device\HarddiskVolume3\Windows\System32\msvcp_win.dll' [rcNtRedir=0xc0150008]
3cec.332c: supR3HardenedScreenImage/Imports: cache hit (VINF_SUCCESS) on \Device\HarddiskVolume3\Windows\System32\msvcp_win.dll [lacks WinVerifyTrust]
3cec.332c: supR3HardenedMonitor_LdrLoadDll: pName=C:\WINDOWS\System32\kernel32.dll (Input=kernel32, rcNtResolve=0xc0150008) *pfFlags=0x0 pwszSearchPath=0000000000000801:<flags> [calling]
3cec.332c: supR3HardenedMonitor_LdrLoadDll: returns rcNt=0x0 hMod=00007ff80cbd0000 'C:\WINDOWS\System32\kernel32.dll'
3cec.332c: supR3HardenedIsApiSetDll: ApiSetQueryApiSetPresence(api-ms-win-core-string-l1-1-0) -> 0x0, fPresent=1
3cec.332c: supR3HardenedMonitor_LdrLoadDll: pName=api-ms-win-core-string-l1-1-0 (rcNtResolve=0x0) *pfFlags=0x0 pwszSearchPath=0000000000000801:<flags> [calling]
3cec.332c: supR3HardenedMonitor_LdrLoadDll: returns rcNt=0x0 hMod=00007ff80bb60000 'api-ms-win-core-string-l1-1-0'
3cec.332c: supR3HardenedIsApiSetDll: ApiSetQueryApiSetPresence(api-ms-win-core-localization-l1-2-1) -> 0x0, fPresent=1
3cec.332c: supR3HardenedMonitor_LdrLoadDll: pName=api-ms-win-core-localization-l1-2-1 (rcNtResolve=0x0) *pfFlags=0x0 pwszSearchPath=0000000000000801:<flags> [calling]
3cec.332c: supR3HardenedMonitor_LdrLoadDll: returns rcNt=0x0 hMod=00007ff80bb60000 'api-ms-win-core-localization-l1-2-1'
3cec.332c: supR3HardenedIsApiSetDll: ApiSetQueryApiSetPresence(api-ms-win-core-datetime-l1-1-1) -> 0x0, fPresent=1
3cec.332c: supR3HardenedMonitor_LdrLoadDll: pName=api-ms-win-core-datetime-l1-1-1 (rcNtResolve=0x0) *pfFlags=0x0 pwszSearchPath=0000000000000801:<flags> [calling]
3cec.332c: supR3HardenedMonitor_LdrLoadDll: returns rcNt=0x0 hMod=00007ff80bb60000 'api-ms-win-core-datetime-l1-1-1'
3cec.332c: supR3HardenedIsApiSetDll: ApiSetQueryApiSetPresence(api-ms-win-core-localization-obsolete-l1-2-0) -> 0x0, fPresent=1
3cec.332c: supR3HardenedMonitor_LdrLoadDll: pName=api-ms-win-core-localization-obsolete-l1-2-0 (rcNtResolve=0x0) *pfFlags=0x0 pwszSearchPath=0000000000000801:<flags> [calling]
3cec.332c: supR3HardenedMonitor_LdrLoadDll: returns rcNt=0x0 hMod=00007ff80bb60000 'api-ms-win-core-localization-obsolete-l1-2-0'
3cec.332c: supR3HardenedScreenImage/LdrLoadDll: cache hit (VINF_SUCCESS) on \Device\HarddiskVolume3\Windows\System32\rpcrt4.dll [lacks WinVerifyTrust]
3cec.332c: supR3HardenedMonitor_LdrLoadDll: pName=C:\WINDOWS\System32\rpcrt4.dll (Input=rpcrt4.dll, rcNtResolve=0xc0150008) *pfFlags=0x0 pwszSearchPath=0000000000000001:<flags> [calling]
3cec.332c: supR3HardenedMonitor_LdrLoadDll: returns rcNt=0x0 hMod=00007ff80d010000 'C:\WINDOWS\System32\rpcrt4.dll'
3cec.332c: supR3HardenedWinVerifyCacheScheduleImports: Import todo: #0 'msvcrt.dll'.
3cec.332c: supR3HardenedWinVerifyCacheScheduleImports: Import todo: #8 'crypt32.dll'.
3cec.332c: supHardenedWinVerifyImageByHandle: -> 0 (\Device\HarddiskVolume3\Windows\System32\cryptnet.dll)
3cec.332c: supR3HardenedWinVerifyCacheInsert: \Device\HarddiskVolume3\Windows\System32\cryptnet.dll
3cec.332c: supR3HardenedWinVerifyCacheProcessImportTodos: Processing 'crypt32.dll'...
3cec.332c: supR3HardenedWinVerifyCacheProcessImportTodos: 'crypt32.dll' -> '\Device\HarddiskVolume3\Windows\System32\crypt32.dll' [rcNtRedir=0xc0150008]
3cec.332c: supR3HardenedScreenImage/Imports: cache hit (VINF_SUCCESS) on \Device\HarddiskVolume3\Windows\System32\crypt32.dll [lacks WinVerifyTrust]
3cec.332c: supR3HardenedWinVerifyCacheProcessImportTodos: Processing 'msvcrt.dll'...
3cec.332c: supR3HardenedWinVerifyCacheProcessImportTodos: 'msvcrt.dll' -> '\Device\HarddiskVolume3\Windows\System32\msvcrt.dll' [rcNtRedir=0xc0150008]
3cec.332c: supR3HardenedScreenImage/Imports: cache hit (VINF_SUCCESS) on \Device\HarddiskVolume3\Windows\System32\msvcrt.dll [lacks WinVerifyTrust]
3cec.332c: supR3HardenedMonitor_LdrLoadDll: pName=C:\Windows\System32\cryptnet.dll (rcNtResolve=0xc0150008) *pfFlags=0x0 pwszSearchPath=0000000000000001:<flags> [calling]
3cec.332c: supR3HardenedScreenImage/NtCreateSection: cache hit (VINF_SUCCESS) on \Device\HarddiskVolume3\Windows\System32\cryptnet.dll [lacks WinVerifyTrust]
3cec.332c: supR3HardenedDllNotificationCallback: load   00007ffffccb0000 LB 0x0003b000 C:\Windows\System32\cryptnet.dll [fFlags=0x0]
3cec.332c: supR3HardenedScreenImage/LdrLoadDll: cache hit (VINF_SUCCESS) on \Device\HarddiskVolume3\Windows\System32\cryptnet.dll [lacks WinVerifyTrust]
3cec.332c: supR3HardenedScreenImage/LdrLoadDll: cache hit (VINF_SUCCESS) on \Device\HarddiskVolume3\Windows\System32\cryptnet.dll [lacks WinVerifyTrust]
3cec.332c: supR3HardenedMonitor_LdrLoadDll: pName=C:\Windows\System32\cryptnet.dll (rcNtResolve=0xc0150008) *pfFlags=0x2 pwszSearchPath=0000000000000001:<flags> [calling]
3cec.332c: supR3HardenedMonitor_LdrLoadDll: returns rcNt=0x0 hMod=00007ffffccb0000 'C:\Windows\System32\cryptnet.dll'
3cec.332c: supR3HardenedScreenImage/LdrLoadDll: cache hit (VINF_SUCCESS) on \Device\HarddiskVolume3\Windows\System32\cryptnet.dll [lacks WinVerifyTrust]
3cec.332c: supR3HardenedMonitor_LdrLoadDll: pName=C:\Windows\System32\cryptnet.dll (rcNtResolve=0xc0150008) *pfFlags=0x2 pwszSearchPath=0000000000000001:<flags> [calling]
3cec.332c: supR3HardenedMonitor_LdrLoadDll: returns rcNt=0x0 hMod=00007ffffccb0000 'C:\Windows\System32\cryptnet.dll'
3cec.332c: supR3HardenedScreenImage/LdrLoadDll: cache hit (VINF_SUCCESS) on \Device\HarddiskVolume3\Windows\System32\cryptnet.dll [lacks WinVerifyTrust]
3cec.332c: supR3HardenedMonitor_LdrLoadDll: pName=C:\Windows\System32\cryptnet.dll (rcNtResolve=0xc0150008) *pfFlags=0x2 pwszSearchPath=0000000000000001:<flags> [calling]
3cec.332c: supR3HardenedMonitor_LdrLoadDll: returns rcNt=0x0 hMod=00007ffffccb0000 'C:\Windows\System32\cryptnet.dll'
3cec.332c: supR3HardenedScreenImage/LdrLoadDll: cache hit (VINF_SUCCESS) on \Device\HarddiskVolume3\Windows\System32\cryptnet.dll [lacks WinVerifyTrust]
3cec.332c: supR3HardenedMonitor_LdrLoadDll: pName=C:\Windows\System32\cryptnet.dll (rcNtResolve=0xc0150008) *pfFlags=0x2 pwszSearchPath=0000000000000001:<flags> [calling]
3cec.332c: supR3HardenedMonitor_LdrLoadDll: returns rcNt=0x0 hMod=00007ffffccb0000 'C:\Windows\System32\cryptnet.dll'
3cec.332c: supR3HardenedScreenImage/LdrLoadDll: cache hit (VINF_SUCCESS) on \Device\HarddiskVolume3\Windows\System32\cryptnet.dll [lacks WinVerifyTrust]
3cec.332c: supR3HardenedMonitor_LdrLoadDll: pName=C:\Windows\System32\cryptnet.dll (rcNtResolve=0xc0150008) *pfFlags=0x2 pwszSearchPath=0000000000000001:<flags> [calling]
3cec.332c: supR3HardenedMonitor_LdrLoadDll: returns rcNt=0x0 hMod=00007ffffccb0000 'C:\Windows\System32\cryptnet.dll'
3cec.332c: supR3HardenedScreenImage/LdrLoadDll: cache hit (VINF_SUCCESS) on \Device\HarddiskVolume3\Windows\System32\cryptnet.dll [lacks WinVerifyTrust]
3cec.332c: supR3HardenedMonitor_LdrLoadDll: pName=C:\Windows\System32\cryptnet.dll (rcNtResolve=0xc0150008) *pfFlags=0x2 pwszSearchPath=0000000000000001:<flags> [calling]
3cec.332c: supR3HardenedMonitor_LdrLoadDll: returns rcNt=0x0 hMod=00007ffffccb0000 'C:\Windows\System32\cryptnet.dll'
3cec.332c: supR3HardenedScreenImage/LdrLoadDll: cache hit (VINF_SUCCESS) on \Device\HarddiskVolume3\Windows\System32\cryptnet.dll [lacks WinVerifyTrust]
3cec.332c: supR3HardenedMonitor_LdrLoadDll: returns rcNt=0x0 hMod=00007ffffccb0000 'C:\Windows\System32\cryptnet.dll'
3cec.332c: supR3HardenedScreenImage/LdrLoadDll: cache hit (VINF_SUCCESS) on \Device\HarddiskVolume3\Windows\System32\cryptnet.dll [lacks WinVerifyTrust]
3cec.332c: supR3HardenedMonitor_LdrLoadDll: returns rcNt=0x0 hMod=00007ffffccb0000 'C:\Windows\System32\cryptnet.dll'
3cec.332c: supR3HardenedScreenImage/LdrLoadDll: cache hit (VINF_SUCCESS) on \Device\HarddiskVolume3\Windows\System32\cryptnet.dll [lacks WinVerifyTrust]
3cec.332c: supR3HardenedMonitor_LdrLoadDll: returns rcNt=0x0 hMod=00007ffffccb0000 'C:\Windows\System32\cryptnet.dll'
3cec.332c: supR3HardenedScreenImage/LdrLoadDll: cache hit (VINF_SUCCESS) on \Device\HarddiskVolume3\Windows\System32\cryptnet.dll [lacks WinVerifyTrust]
3cec.332c: supR3HardenedMonitor_LdrLoadDll: returns rcNt=0x0 hMod=00007ffffccb0000 'C:\Windows\System32\cryptnet.dll'
3cec.332c: supR3HardenedScreenImage/LdrLoadDll: cache hit (VINF_SUCCESS) on \Device\HarddiskVolume3\Windows\System32\cryptnet.dll [lacks WinVerifyTrust]
3cec.332c: supR3HardenedMonitor_LdrLoadDll: returns rcNt=0x0 hMod=00007ffffccb0000 'C:\Windows\System32\cryptnet.dll'
3cec.332c: supR3HardenedMonitor_LdrLoadDll: returns rcNt=0x0 hMod=00007ffffccb0000 'C:\Windows\System32\cryptnet.dll'
3cec.332c: supHardenedWinVerifyImageByHandle: -> 0 (\Device\HarddiskVolume3\Windows\System32\profapi.dll)
3cec.332c: supR3HardenedWinVerifyCacheInsert: \Device\HarddiskVolume3\Windows\System32\profapi.dll
3cec.332c: supR3HardenedDllNotificationCallback: load   00007ff80b370000 LB 0x00029000 C:\WINDOWS\SYSTEM32\profapi.dll [fFlags=0x0]
3cec.332c: supR3HardenedScreenImage/LdrLoadDll: cache hit (VINF_SUCCESS) on \Device\HarddiskVolume3\Windows\System32\profapi.dll [lacks WinVerifyTrust]
3cec.332c: supR3HardenedDllNotificationCallback: load   00007ff80ea80000 LB 0x000b6000 C:\WINDOWS\System32\advapi32.dll [fFlags=0x0]
3cec.332c: supR3HardenedWinVerifyCacheScheduleImports: Import todo: #0 'msvcrt.dll'.
3cec.332c: supR3HardenedWinVerifyCacheScheduleImports: Import todo: #6 'sechost.dll'.
3cec.332c: supR3HardenedWinVerifyCacheScheduleImports: Import todo: #28 'rpcrt4.dll'.
3cec.332c: supHardenedWinVerifyImageByHandle: -> 0 (\Device\HarddiskVolume3\Windows\System32\advapi32.dll)
3cec.332c: supR3HardenedWinVerifyCacheInsert: \Device\HarddiskVolume3\Windows\System32\advapi32.dll
3cec.332c: supR3HardenedScreenImage/LdrLoadDll: cache hit (VINF_SUCCESS) on \Device\HarddiskVolume3\Windows\System32\rsaenh.dll [lacks WinVerifyTrust]
3cec.332c: supR3HardenedWinVerifyCacheProcessImportTodos: Processing 'rpcrt4.dll'...
3cec.332c: supR3HardenedWinVerifyCacheProcessImportTodos: 'rpcrt4.dll' -> '\Device\HarddiskVolume3\Windows\System32\rpcrt4.dll' [rcNtRedir=0xc0150008]
3cec.332c: supR3HardenedScreenImage/Imports: cache hit (VINF_SUCCESS) on \Device\HarddiskVolume3\Windows\System32\rpcrt4.dll [lacks WinVerifyTrust]
3cec.332c: supR3HardenedWinVerifyCacheProcessImportTodos: Processing 'sechost.dll'...
3cec.332c: supR3HardenedWinVerifyCacheProcessImportTodos: 'sechost.dll' -> '\Device\HarddiskVolume3\Windows\System32\sechost.dll' [rcNtRedir=0xc0150008]
3cec.332c: supR3HardenedScreenImage/Imports: cache hit (VINF_SUCCESS) on \Device\HarddiskVolume3\Windows\System32\sechost.dll [lacks WinVerifyTrust]
3cec.332c: supR3HardenedWinVerifyCacheProcessImportTodos: Processing 'msvcrt.dll'...
3cec.332c: supR3HardenedWinVerifyCacheProcessImportTodos: 'msvcrt.dll' -> '\Device\HarddiskVolume3\Windows\System32\msvcrt.dll' [rcNtRedir=0xc0150008]
3cec.332c: supR3HardenedScreenImage/Imports: cache hit (VINF_SUCCESS) on \Device\HarddiskVolume3\Windows\System32\msvcrt.dll [lacks WinVerifyTrust]
3cec.332c: supR3HardenedMonitor_LdrLoadDll: pName=C:\WINDOWS\system32\rsaenh.dll (rcNtResolve=0xc0150008) *pfFlags=0x0 pwszSearchPath=0000000000000001:<flags> [calling]
3cec.332c: supR3HardenedMonitor_LdrLoadDll: returns rcNt=0x0 hMod=00007ff80a140000 'C:\WINDOWS\system32\rsaenh.dll'
3cec.332c: supR3HardenedScreenImage/LdrLoadDll: cache hit (VINF_SUCCESS) on \Device\HarddiskVolume3\Windows\System32\crypt32.dll [lacks WinVerifyTrust]
3cec.332c: supR3HardenedMonitor_LdrLoadDll: pName=C:\WINDOWS\System32\crypt32.dll (Input=crypt32.dll, rcNtResolve=0xc0150008) *pfFlags=0x0 pwszSearchPath=0000000000000001:<flags> [calling]
3cec.332c: supR3HardenedMonitor_LdrLoadDll: returns rcNt=0x0 hMod=00007ff80b690000 'C:\WINDOWS\System32\crypt32.dll'
3cec.332c: supR3HardNtViCallWinVerifyTrustCatFile: hFile=0000000000000000 pwszName=\SystemRoot\System32\ntdll.dll
3cec.332c: supR3HardNtViCallWinVerifyTrustCatFile: New context 00000287301a8c60
3cec.332c: supR3HardNtViCallWinVerifyTrustCatFile: hCatAdmin=00000287301a8c60
3cec.332c: supR3HardNtViCallWinVerifyTrustCatFile: cbHash=20 wszDigest=849B1B75BC3BF186853B7D8CFC9B36644933BC47
3cec.332c: supR3HardenedScreenImage/LdrLoadDll: cache hit (VINF_SUCCESS) on \Device\HarddiskVolume3\Windows\System32\rsaenh.dll [lacks WinVerifyTrust]
3cec.332c: supR3HardenedMonitor_LdrLoadDll: pName=C:\WINDOWS\system32\rsaenh.dll (rcNtResolve=0xc0150008) *pfFlags=0x0 pwszSearchPath=0000000000000001:<flags> [calling]
3cec.332c: supR3HardenedMonitor_LdrLoadDll: returns rcNt=0x0 hMod=00007ff80a140000 'C:\WINDOWS\system32\rsaenh.dll'
3cec.332c: supR3HardenedScreenImage/LdrLoadDll: cache hit (VINF_SUCCESS) on \Device\HarddiskVolume3\Windows\System32\crypt32.dll [lacks WinVerifyTrust]
3cec.332c: supR3HardenedMonitor_LdrLoadDll: pName=C:\WINDOWS\System32\crypt32.dll (Input=crypt32.dll, rcNtResolve=0xc0150008) *pfFlags=0x0 pwszSearchPath=0000000000000001:<flags> [calling]
3cec.332c: supR3HardenedMonitor_LdrLoadDll: returns rcNt=0x0 hMod=00007ff80b690000 'C:\WINDOWS\System32\crypt32.dll'
3cec.332c: supR3HardNtViCallWinVerifyTrustCatFile: WinVerifyTrust => 0x0; cat='C:\WINDOWS\system32\CatRoot\{F750E6C3-38EE-11D1-85E5-00C04FC295EE}\Microsoft-Windows-Kernel-Package-Ntdll-Package~31bf3856ad364e35~amd64~~10.0.26100.8246.cat'; file='\SystemRoot\System32\ntdll.dll'
3cec.332c: g_pfnWinVerifyTrust=00007ff80bf6b380
3cec.332c: supR3HardenedScreenImage/preload: cache hit (VINF_SUCCESS) on \Device\HarddiskVolume3\Windows\System32\crypt32.dll [redoing WinVerifyTrust]
3cec.332c: supR3HardenedScreenImage/LdrLoadDll: cache hit (VINF_SUCCESS) on \Device\HarddiskVolume3\Windows\System32\rsaenh.dll [lacks WinVerifyTrust]
3cec.332c: supR3HardenedMonitor_LdrLoadDll: pName=C:\WINDOWS\system32\rsaenh.dll (rcNtResolve=0xc0150008) *pfFlags=0x0 pwszSearchPath=0000000000000001:<flags> [calling]
3cec.332c: supR3HardenedMonitor_LdrLoadDll: returns rcNt=0x0 hMod=00007ff80a140000 'C:\WINDOWS\system32\rsaenh.dll'
3cec.332c: supR3HardenedScreenImage/LdrLoadDll: cache hit (VINF_SUCCESS) on \Device\HarddiskVolume3\Windows\System32\crypt32.dll [lacks WinVerifyTrust]
3cec.332c: supR3HardenedMonitor_LdrLoadDll: pName=C:\WINDOWS\System32\crypt32.dll (Input=crypt32.dll, rcNtResolve=0xc0150008) *pfFlags=0x0 pwszSearchPath=0000000000000001:<flags> [calling]
3cec.332c: supR3HardenedMonitor_LdrLoadDll: returns rcNt=0x0 hMod=00007ff80b690000 'C:\WINDOWS\System32\crypt32.dll'
3cec.332c: supR3HardenedScreenImage/preload: 0 (was 0) fWinVerifyTrust=1 for '\Device\HarddiskVolume3\Windows\System32\crypt32.dll'
3cec.332c: supR3HardenedScreenImage/preload: cache hit (VINF_SUCCESS) on \Device\HarddiskVolume3\Windows\System32\wintrust.dll [redoing WinVerifyTrust]
3cec.332c: supR3HardenedScreenImage/LdrLoadDll: cache hit (VINF_SUCCESS) on \Device\HarddiskVolume3\Windows\System32\rsaenh.dll [lacks WinVerifyTrust]
3cec.332c: supR3HardenedMonitor_LdrLoadDll: pName=C:\WINDOWS\system32\rsaenh.dll (rcNtResolve=0xc0150008) *pfFlags=0x0 pwszSearchPath=0000000000000001:<flags> [calling]
3cec.332c: supR3HardenedMonitor_LdrLoadDll: returns rcNt=0x0 hMod=00007ff80a140000 'C:\WINDOWS\system32\rsaenh.dll'
3cec.332c: supR3HardenedScreenImage/LdrLoadDll: cache hit (VINF_SUCCESS) on \Device\HarddiskVolume3\Windows\System32\crypt32.dll
3cec.332c: supR3HardenedMonitor_LdrLoadDll: pName=C:\WINDOWS\System32\crypt32.dll (Input=crypt32.dll, rcNtResolve=0xc0150008) *pfFlags=0x0 pwszSearchPath=0000000000000001:<flags> [calling]
3cec.332c: supR3HardenedMonitor_LdrLoadDll: returns rcNt=0x0 hMod=00007ff80b690000 'C:\WINDOWS\System32\crypt32.dll'
3cec.332c: supR3HardenedScreenImage/preload: 0 (was 0) fWinVerifyTrust=1 for '\Device\HarddiskVolume3\Windows\System32\wintrust.dll'
3cec.332c: supR3HardenedScreenImage/LdrLoadDll: cache hit (VINF_SUCCESS) on \Device\HarddiskVolume3\Windows\System32\rsaenh.dll [lacks WinVerifyTrust]
3cec.332c: supR3HardenedMonitor_LdrLoadDll: pName=C:\WINDOWS\system32\rsaenh.dll (rcNtResolve=0xc0150008) *pfFlags=0x0 pwszSearchPath=0000000000000001:<flags> [calling]
3cec.332c: supR3HardenedMonitor_LdrLoadDll: returns rcNt=0x0 hMod=00007ff80a140000 'C:\WINDOWS\system32\rsaenh.dll'
3cec.332c: supR3HardenedMonitor_LdrLoadDll: returns rcNt=0x0 hMod=00007ff80b690000 'C:\WINDOWS\System32\crypt32.dll'
3cec.332c: supR3HardenedWinVerifyCacheProcessWvtTodos: 0 (was 0) fWinVerifyTrust=1 for '\Device\HarddiskVolume3\Windows\System32\advapi32.dll'
3cec.332c: supR3HardenedScreenImage/LdrLoadDll: cache hit (VINF_SUCCESS) on \Device\HarddiskVolume3\Windows\System32\rsaenh.dll [lacks WinVerifyTrust]
3cec.332c: supR3HardenedMonitor_LdrLoadDll: returns rcNt=0x0 hMod=00007ff80a140000 'C:\WINDOWS\system32\rsaenh.dll'
3cec.332c: supR3HardenedMonitor_LdrLoadDll: returns rcNt=0x0 hMod=00007ff80b690000 'C:\WINDOWS\System32\crypt32.dll'
3cec.332c: supR3HardenedWinVerifyCacheProcessWvtTodos: 0 (was 0) fWinVerifyTrust=1 for '\Device\HarddiskVolume3\Windows\System32\profapi.dll'
3cec.332c: supR3HardenedScreenImage/LdrLoadDll: cache hit (VINF_SUCCESS) on \Device\HarddiskVolume3\Windows\System32\rsaenh.dll [lacks WinVerifyTrust]
3cec.332c: supR3HardenedMonitor_LdrLoadDll: returns rcNt=0x0 hMod=00007ff80a140000 'C:\WINDOWS\system32\rsaenh.dll'
3cec.332c: supR3HardenedMonitor_LdrLoadDll: returns rcNt=0x0 hMod=00007ff80b690000 'C:\WINDOWS\System32\crypt32.dll'
3cec.332c: supR3HardenedWinVerifyCacheProcessWvtTodos: 0 (was 0) fWinVerifyTrust=1 for '\Device\HarddiskVolume3\Windows\System32\cryptnet.dll'
3cec.332c: supR3HardenedScreenImage/LdrLoadDll: cache hit (VINF_SUCCESS) on \Device\HarddiskVolume3\Windows\System32\rsaenh.dll [lacks WinVerifyTrust]
3cec.332c: supR3HardenedMonitor_LdrLoadDll: returns rcNt=0x0 hMod=00007ff80a140000 'C:\WINDOWS\system32\rsaenh.dll'
3cec.332c: supR3HardenedMonitor_LdrLoadDll: returns rcNt=0x0 hMod=00007ff80b690000 'C:\WINDOWS\System32\crypt32.dll'
3cec.332c: supR3HardenedWinVerifyCacheProcessWvtTodos: 0 (was 0) fWinVerifyTrust=1 for '\Device\HarddiskVolume3\Windows\System32\SHCore.dll'
3cec.332c: supR3HardenedScreenImage/LdrLoadDll: cache hit (VINF_SUCCESS) on \Device\HarddiskVolume3\Windows\System32\rsaenh.dll [lacks WinVerifyTrust]
3cec.332c: supR3HardenedMonitor_LdrLoadDll: returns rcNt=0x0 hMod=00007ff80a140000 'C:\WINDOWS\system32\rsaenh.dll'
3cec.332c: supR3HardenedMonitor_LdrLoadDll: returns rcNt=0x0 hMod=00007ff80b690000 'C:\WINDOWS\System32\crypt32.dll'
3cec.332c: supR3HardenedWinVerifyCacheProcessWvtTodos: 0 (was 0) fWinVerifyTrust=1 for '\Device\HarddiskVolume3\Windows\System32\msvcp_win.dll'
3cec.332c: supR3HardenedScreenImage/LdrLoadDll: cache hit (VINF_SUCCESS) on \Device\HarddiskVolume3\Windows\System32\rsaenh.dll [lacks WinVerifyTrust]
3cec.332c: supR3HardenedMonitor_LdrLoadDll: returns rcNt=0x0 hMod=00007ff80a140000 'C:\WINDOWS\system32\rsaenh.dll'
3cec.332c: supR3HardenedMonitor_LdrLoadDll: returns rcNt=0x0 hMod=00007ff80b690000 'C:\WINDOWS\System32\crypt32.dll'
3cec.332c: supR3HardenedWinVerifyCacheProcessWvtTodos: 0 (was 0) fWinVerifyTrust=1 for '\Device\HarddiskVolume3\Windows\System32\gpapi.dll'
3cec.332c: supR3HardenedScreenImage/LdrLoadDll: cache hit (VINF_SUCCESS) on \Device\HarddiskVolume3\Windows\System32\rsaenh.dll [lacks WinVerifyTrust]
3cec.332c: supR3HardenedMonitor_LdrLoadDll: returns rcNt=0x0 hMod=00007ff80a140000 'C:\WINDOWS\system32\rsaenh.dll'
3cec.332c: supR3HardenedMonitor_LdrLoadDll: returns rcNt=0x0 hMod=00007ff80b690000 'C:\WINDOWS\System32\crypt32.dll'
3cec.332c: supR3HardenedWinVerifyCacheProcessWvtTodos: 0 (was 0) fWinVerifyTrust=1 for '\Device\HarddiskVolume3\Windows\System32\imagehlp.dll'
3cec.332c: supR3HardenedScreenImage/LdrLoadDll: cache hit (VINF_SUCCESS) on \Device\HarddiskVolume3\Windows\System32\rsaenh.dll [lacks WinVerifyTrust]
3cec.332c: supR3HardenedMonitor_LdrLoadDll: returns rcNt=0x0 hMod=00007ff80a140000 'C:\WINDOWS\system32\rsaenh.dll'
3cec.332c: supR3HardenedScreenImage/LdrLoadDll: cache hit (VINF_SUCCESS) on \Device\HarddiskVolume3\Windows\System32\crypt32.dll
3cec.332c: supR3HardenedMonitor_LdrLoadDll: pName=C:\WINDOWS\System32\crypt32.dll (Input=crypt32.dll, rcNtResolve=0xc0150008) *pfFlags=0x0 pwszSearchPath=0000000000000001:<flags> [calling]
3cec.332c: supR3HardenedMonitor_LdrLoadDll: returns rcNt=0x0 hMod=00007ff80b690000 'C:\WINDOWS\System32\crypt32.dll'
3cec.332c: supR3HardenedWinVerifyCacheProcessWvtTodos: 0 (was 0) fWinVerifyTrust=1 for '\Device\HarddiskVolume3\Windows\System32\cryptbase.dll'
3cec.332c: supR3HardenedScreenImage/LdrLoadDll: cache hit (VINF_SUCCESS) on \Device\HarddiskVolume3\Windows\System32\rsaenh.dll [lacks WinVerifyTrust]
3cec.332c: supR3HardenedMonitor_LdrLoadDll: pName=C:\WINDOWS\system32\rsaenh.dll (rcNtResolve=0xc0150008) *pfFlags=0x0 pwszSearchPath=0000000000000001:<flags> [calling]
3cec.332c: supR3HardenedMonitor_LdrLoadDll: returns rcNt=0x0 hMod=00007ff80a140000 'C:\WINDOWS\system32\rsaenh.dll'
3cec.332c: supR3HardenedMonitor_LdrLoadDll: returns rcNt=0x0 hMod=00007ff80b690000 'C:\WINDOWS\System32\crypt32.dll'
3cec.332c: supR3HardenedWinVerifyCacheProcessWvtTodos: 0 (was 0) fWinVerifyTrust=1 for '\Device\HarddiskVolume3\Windows\System32\rsaenh.dll'
3cec.332c: supR3HardenedMonitor_LdrLoadDll: returns rcNt=0x0 hMod=00007ff80a140000 'C:\WINDOWS\system32\rsaenh.dll'
3cec.332c: supR3HardenedMonitor_LdrLoadDll: returns rcNt=0x0 hMod=00007ff80b690000 'C:\WINDOWS\System32\crypt32.dll'
3cec.332c: supR3HardenedWinVerifyCacheProcessWvtTodos: 0 (was 0) fWinVerifyTrust=1 for '\Device\HarddiskVolume3\Windows\System32\cryptsp.dll'
3cec.332c: supR3HardenedMonitor_LdrLoadDll: returns rcNt=0x0 hMod=00007ff80a140000 'C:\WINDOWS\system32\rsaenh.dll'
3cec.332c: supR3HardenedMonitor_LdrLoadDll: returns rcNt=0x0 hMod=00007ff80b690000 'C:\WINDOWS\System32\crypt32.dll'
3cec.332c: supR3HardenedWinVerifyCacheProcessWvtTodos: 0 (was 0) fWinVerifyTrust=1 for '\Device\HarddiskVolume3\Windows\System32\bcryptprimitives.dll'
3cec.332c: supR3HardenedMonitor_LdrLoadDll: returns rcNt=0x0 hMod=00007ff80a140000 'C:\WINDOWS\system32\rsaenh.dll'
3cec.332c: supR3HardenedMonitor_LdrLoadDll: returns rcNt=0x0 hMod=00007ff80b690000 'C:\WINDOWS\System32\crypt32.dll'
3cec.332c: supR3HardenedWinVerifyCacheProcessWvtTodos: 0 (was 0) fWinVerifyTrust=1 for '\Device\HarddiskVolume3\Windows\System32\sechost.dll'
3cec.332c: supR3HardenedMonitor_LdrLoadDll: returns rcNt=0x0 hMod=00007ff80a140000 'C:\WINDOWS\system32\rsaenh.dll'
3cec.332c: supR3HardenedMonitor_LdrLoadDll: returns rcNt=0x0 hMod=00007ff80b690000 'C:\WINDOWS\System32\crypt32.dll'
3cec.332c: supR3HardenedWinVerifyCacheProcessWvtTodos: 0 (was 0) fWinVerifyTrust=1 for '\Device\HarddiskVolume3\Windows\System32\bcrypt.dll'
3cec.332c: supR3HardenedMonitor_LdrLoadDll: returns rcNt=0x0 hMod=00007ff80a140000 'C:\WINDOWS\system32\rsaenh.dll'
3cec.332c: supR3HardenedMonitor_LdrLoadDll: returns rcNt=0x0 hMod=00007ff80b690000 'C:\WINDOWS\System32\crypt32.dll'
3cec.332c: supR3HardenedWinVerifyCacheProcessWvtTodos: 0 (was 0) fWinVerifyTrust=1 for '\Device\HarddiskVolume3\Windows\System32\msasn1.dll'
3cec.332c: supR3HardenedMonitor_LdrLoadDll: returns rcNt=0x0 hMod=00007ff80a140000 'C:\WINDOWS\system32\rsaenh.dll'
3cec.332c: supR3HardenedMonitor_LdrLoadDll: returns rcNt=0x0 hMod=00007ff80b690000 'C:\WINDOWS\System32\crypt32.dll'
3cec.332c: supR3HardenedWinVerifyCacheProcessWvtTodos: 0 (was 0) fWinVerifyTrust=1 for '\Device\HarddiskVolume3\Windows\System32\ucrtbase.dll'
3cec.332c: supR3HardenedMonitor_LdrLoadDll: returns rcNt=0x0 hMod=00007ff80a140000 'C:\WINDOWS\system32\rsaenh.dll'
3cec.332c: supR3HardenedMonitor_LdrLoadDll: returns rcNt=0x0 hMod=00007ff80b690000 'C:\WINDOWS\System32\crypt32.dll'
3cec.332c: supR3HardenedWinVerifyCacheProcessWvtTodos: 0 (was 0) fWinVerifyTrust=1 for '\Device\HarddiskVolume3\Windows\System32\msvcrt.dll'
3cec.332c: supR3HardenedMonitor_LdrLoadDll: returns rcNt=0x0 hMod=00007ff80a140000 'C:\WINDOWS\system32\rsaenh.dll'
3cec.332c: supR3HardenedMonitor_LdrLoadDll: returns rcNt=0x0 hMod=00007ff80b690000 'C:\WINDOWS\System32\crypt32.dll'
3cec.332c: supR3HardenedWinVerifyCacheProcessWvtTodos: 0 (was 0) fWinVerifyTrust=1 for '\Device\HarddiskVolume3\Windows\System32\rpcrt4.dll'
3cec.332c: supR3HardenedMonitor_LdrLoadDll: returns rcNt=0x0 hMod=00007ff80a140000 'C:\WINDOWS\system32\rsaenh.dll'
3cec.332c: supR3HardenedMonitor_LdrLoadDll: returns rcNt=0x0 hMod=00007ff80b690000 'C:\WINDOWS\System32\crypt32.dll'
3cec.332c: supR3HardenedWinVerifyCacheProcessWvtTodos: 0 (was 0) fWinVerifyTrust=1 for '\Device\HarddiskVolume3\Program Files\Oracle\VirtualBox\VBoxSupLib.dll'
3cec.332c: supR3HardenedMonitor_LdrLoadDll: returns rcNt=0x0 hMod=00007ff80a140000 'C:\WINDOWS\system32\rsaenh.dll'
3cec.332c: supR3HardenedMonitor_LdrLoadDll: returns rcNt=0x0 hMod=00007ff80b690000 'C:\WINDOWS\System32\crypt32.dll'
3cec.332c: supR3HardenedWinVerifyCacheProcessWvtTodos: 0 (was 0) fWinVerifyTrust=1 for '\Device\HarddiskVolume3\Program Files\Oracle\VirtualBox\VirtualBoxVM.exe'
3cec.332c: supR3HardenedMonitor_LdrLoadDll: returns rcNt=0x0 hMod=00007ff80a140000 'C:\WINDOWS\system32\rsaenh.dll'
3cec.332c: supR3HardenedMonitor_LdrLoadDll: returns rcNt=0x0 hMod=00007ff80b690000 'C:\WINDOWS\System32\crypt32.dll'
3cec.332c: supR3HardenedWinVerifyCacheProcessWvtTodos: 0 (was 0) fWinVerifyTrust=1 for '\Device\HarddiskVolume3\Windows\System32\KernelBase.dll'
3cec.332c: supR3HardenedMonitor_LdrLoadDll: returns rcNt=0x0 hMod=00007ff80a140000 'C:\WINDOWS\system32\rsaenh.dll'
3cec.332c: supR3HardenedMonitor_LdrLoadDll: returns rcNt=0x0 hMod=00007ff80b690000 'C:\WINDOWS\System32\crypt32.dll'
3cec.332c: supR3HardenedWinVerifyCacheProcessWvtTodos: 0 (was 0) fWinVerifyTrust=1 for '\Device\HarddiskVolume3\Windows\System32\kernel32.dll'
3cec.332c: supR3HardenedMonitor_LdrLoadDll: returns rcNt=0x0 hMod=00007ff80b690000 'C:\WINDOWS\system32\crypt32.dll'
3cec.332c: supR3HardenedWinIsDesiredRootCA: Adding 0x53b12c4bceedcc00 CN=USB\VID_05AC&PID_12A8 (libwdi autogenerated)
3cec.332c: supR3HardenedWinIsDesiredRootCA: Adding 0x5ad46780fa5df300 DC=com, DC=microsoft, CN=Microsoft Root Certificate Authority
3cec.332c: supR3HardenedWinIsDesiredRootCA: Adding 0xea5386456178582b C=ZA, ST=Western Cape, L=Durbanville, O=Thawte, OU=Thawte Certification, CN=Thawte Timestamping CA
3cec.332c: supR3HardenedWinIsDesiredRootCA: Adding 0x3be670c1bd02a900 OU=Copyright (c) 1997 Microsoft Corp., OU=Microsoft Corporation, CN=Microsoft Root Authority
3cec.332c: supR3HardenedWinIsDesiredRootCA: Adding 0xe991ee72b03db500 C=US, O=Symantec Corporation, CN=Symantec Enterprise Mobile Root for Microsoft
3cec.332c: supR3HardenedWinIsDesiredRootCA: Adding 0x4d3835aa4180b200 C=US, ST=Washington, L=Redmond, O=Microsoft Corporation, CN=Microsoft Root Certificate Authority 2011
3cec.332c: supR3HardenedWinIsDesiredRootCA: Adding 0x646e3fe3ba08df00 C=US, O=MSFT, CN=Microsoft Authenticode(tm) Root Authority
3cec.332c: supR3HardenedWinIsDesiredRootCA: Adding 0xece4e4289e08b900 C=US, ST=Washington, L=Redmond, O=Microsoft Corporation, CN=Microsoft Root Certificate Authority 2010
3cec.332c: supR3HardenedWinIsDesiredRootCA: Adding 0xf3bb4d7e894b420 C=US, ST=Washington, L=Redmond, O=Microsoft Corporation, CN=Microsoft ECC TS Root Certificate Authority 2018
3cec.332c: supR3HardenedWinIsDesiredRootCA: Adding 0x43a9cc371ff5385a O=Microsoft Trust Network, OU=Microsoft Corporation, OU=Microsoft Time Stamping Service Root, OU=Copyright (c) 1997 Microsoft Corp.
3cec.332c: supR3HardenedWinIsDesiredRootCA: Adding 0x2e2d2c7c68f0202e O=VeriSign Trust Network, OU=VeriSign, Inc., OU=VeriSign Time Stamping Service Root, OU=NO LIABILITY ACCEPTED, (c)97 VeriSign, Inc.
3cec.332c: supR3HardenedWinIsDesiredRootCA: Adding 0xcec3d46562b9be8e C=US, ST=Washington, L=Redmond, O=Microsoft Corporation, CN=Microsoft ECC Product Root Certificate Authority 2018
3cec.332c: supR3HardenedWinIsDesiredRootCA: Adding 0xca58a05dd401ae00 C=US, ST=Washington, L=Redmond, O=Microsoft Corporation, CN=Microsoft Time Stamp Root Certificate Authority 2014
3cec.332c: supR3HardenedWinIsDesiredRootCA: Adding 0x670683072a91b300 C=US, O=Microsoft Corporation, CN=Microsoft Identity Verification Root Certificate Authority 2020
3cec.332c: supR3HardenedWinIsDesiredRootCA: Adding 0xa1e31e8b0211b600 C=US, O=Google Trust Services LLC, CN=GTS Root R1
3cec.332c: supR3HardenedWinIsDesiredRootCA: Adding 0x61a3a33f81aace00 C=US, ST=UT, L=Salt Lake City, O=The USERTRUST Network, OU=http://www.usertrust.com, CN=UTN-USERFirst-Object
3cec.332c: supR3HardenedWinIsDesiredRootCA: Adding 0x3d993fde1950a700 C=US, O=IdenTrust, CN=IdenTrust Commercial Root CA 1
3cec.332c: supR3HardenedWinIsDesiredRootCA: Adding 0x50bb81640c01cb00 C=TW, O=TAIWAN-CA, OU=Root CA, CN=TWCA Root Certification Authority
3cec.332c: supR3HardenedWinIsDesiredRootCA: Adding 0x6b7bdc34cd37bb00 C=US, O=DigiCert Inc, OU=www.digicert.com, CN=DigiCert Global Root G2
3cec.332c: supR3HardenedWinIsDesiredRootCA: Adding 0xbbde687390e6bf00 C=US, O=DigiCert Inc, OU=www.digicert.com, CN=DigiCert Trusted Root G4
3cec.332c: supR3HardenedWinIsDesiredRootCA: Adding 0x83085097e9afdf00 O=Digital Signature Trust Co., CN=DST Root CA X3
3cec.332c: supR3HardenedWinIsDesiredRootCA: Adding 0x780679907625cc00 OU=GlobalSign Root CA - R3, O=GlobalSign, CN=GlobalSign
3cec.332c: supR3HardenedWinIsDesiredRootCA: Adding 0x3d98ab22bb04a300 C=IE, O=Baltimore, OU=CyberTrust, CN=Baltimore CyberTrust Root
3cec.332c: supR3HardenedWinIsDesiredRootCA: Adding 0xa0ee62086758b15d C=US, O=Equifax, OU=Equifax Secure Certificate Authority
3cec.332c: supR3HardenedWinIsDesiredRootCA: Adding 0xeae16ef49d40be00 C=GB, ST=Greater Manchester, L=Salford, O=Comodo CA Limited, CN=AAA Certificate Services
3cec.332c: supR3HardenedWinIsDesiredRootCA: Adding 0xc6536f24d57ae723 C=US, ST=New Jersey, L=Jersey City, O=The USERTRUST Network, CN=USERTrust ECC Certification Authority
3cec.332c: supR3HardenedWinIsDesiredRootCA: Adding 0x9403a4b8727eb000 C=TW, O=TAIWAN-CA, OU=Root CA, CN=TWCA Root Certification Authority
3cec.332c: supR3HardenedWinIsDesiredRootCA: Adding 0x3714f47324e8ad00 C=US, O=Internet Security Research Group, CN=ISRG Root X1
3cec.332c: supR3HardenedWinIsDesiredRootCA: Adding 0xcb7d2ba3dd0ff900 C=US, ST=Texas, L=Houston, O=SSL Corporation, CN=SSL.com Root Certification Authority RSA
3cec.332c: supR3HardenedWinIsDesiredRootCA: Adding 0x8ff6fc03c1edbd00 C=US, ST=Arizona, L=Scottsdale, O=Starfield Technologies, Inc., CN=Starfield Root Certificate Authority - G2
3cec.332c: supR3HardenedWinIsDesiredRootCA: Adding 0xa3ce8d99e60eda00 C=BE, O=GlobalSign nv-sa, OU=Root CA, CN=GlobalSign Root CA
3cec.332c: supR3HardenedWinIsDesiredRootCA: Adding 0x560ad29254e89100 C=GB, ST=Greater Manchester, L=Salford, O=COMODO CA Limited, CN=COMODO RSA Certification Authority
3cec.332c: supR3HardenedWinIsDesiredRootCA: Adding 0xd8755236d5be9300 C=GB, O=Sectigo Limited, CN=Sectigo Public Server Authentication Root R46
3cec.332c: supR3HardenedWinIsDesiredRootCA: Adding 0xa671e9fec832b700 C=US, O=Starfield Technologies, Inc., OU=Starfield Class 2 Certification Authority
3cec.332c: supR3HardenedWinIsDesiredRootCA: Adding 0xa8de7211e13be200 C=US, O=DigiCert Inc, OU=www.digicert.com, CN=DigiCert Global Root CA
3cec.332c: supR3HardenedWinIsDesiredRootCA: Adding 0x4ef92ac43a0cd500 C=US, ST=Arizona, L=Scottsdale, O=Starfield Technologies, Inc., CN=Starfield Services Root Certificate Authority - G2
3cec.332c: supR3HardenedWinIsDesiredRootCA: Adding 0xf5cd95e581a4ab00 C=US, O=SecureTrust Corporation, CN=SecureTrust CA
3cec.332c: supR3HardenedWinIsDesiredRootCA: Adding 0xf966ca73e8079500 OU=GlobalSign Root CA - R6, O=GlobalSign, CN=GlobalSign
3cec.332c: supR3HardenedWinIsDesiredRootCA: Adding 0xbebef0d2217f0bfb C=US, O=DigiCert Inc, OU=www.digicert.com, CN=DigiCert Global Root G3
3cec.332c: supR3HardenedWinIsDesiredRootCA: Adding 0x4dd6e14065368f00 C=US, ST=Texas, L=Houston, O=SSL Corporation, CN=SSL.com EV Root Certification Authority RSA R2
3cec.332c: supR3HardenedWinIsDesiredRootCA: Adding 0x14018a1bf29e595c C=US, O=VeriSign, Inc., OU=Class 3 Public Primary Certification Authority
3cec.332c: supR3HardenedWinIsDesiredRootCA: Adding 0x298c3394be5bca00 C=US, O=Microsoft Corporation, CN=Microsoft RSA Root Certificate Authority 2017
3cec.332c: supR3HardenedWinIsDesiredRootCA: Adding 0xa4031c19392e9f0e OU=GlobalSign ECC Root CA - R4, O=GlobalSign, CN=GlobalSign
3cec.332c: supR3HardenedWinIsDesiredRootCA: Adding 0x7c4fd32ec1b1ce00 C=PL, O=Unizeto Sp. z o.o., CN=Certum CA
3cec.332c: supR3HardenedWinIsDesiredRootCA: Adding 0xd4fbe673e5ccc600 C=US, O=DigiCert Inc, OU=www.digicert.com, CN=DigiCert High Assurance EV Root CA
3cec.332c: supR3HardenedWinIsDesiredRootCA: Adding 0xb352b1523915d000 C=JP, O=SECOM Trust Systems CO.,LTD., OU=Security Communication RootCA2
3cec.332c: supR3HardenedWinIsDesiredRootCA: Adding 0x362d8807333b600 C=US, O=DigiCert, Inc., CN=DigiCert CS RSA4096 Root G5
3cec.332c: supR3HardenedWinIsDesiredRootCA: Adding 0xb28612a94b4dad00 O=Entrust.net, OU=www.entrust.net/CPS_2048 incorp. by ref. (limits liab.), OU=(c) 1999 Entrust.net Limited, CN=Entrust.net Certification Authority (2048)
3cec.332c: supR3HardenedWinIsDesiredRootCA: Adding 0xe87add30c52db600 C=BE, O=GlobalSign nv-sa, CN=GlobalSign Code Signing Root R45
3cec.332c: supR3HardenedWinIsDesiredRootCA: Adding 0x357a29080824af00 C=US, O=VeriSign, Inc., OU=VeriSign Trust Network, OU=(c) 2006 VeriSign, Inc. - For authorized use only, CN=VeriSign Class 3 Public Primary Certification Authority - G5
3cec.332c: supR3HardenedWinIsDesiredRootCA: Adding 0xd407c1f75ec7d700 C=NO, O=Buypass AS-983163327, CN=Buypass Class 2 Root CA
3cec.332c: supR3HardenedWinIsDesiredRootCA: Adding 0x59faf1086271bf00 C=US, ST=Arizona, L=Scottsdale, O=GoDaddy.com, Inc., CN=Go Daddy Root Certificate Authority - G2
3cec.332c: supR3HardenedWinIsDesiredRootCA: Adding 0x30669a4e82fa800 C=US, O=America Online Inc., CN=America Online Root Certification Authority 1
3cec.332c: supR3HardenedWinIsDesiredRootCA: Adding 0x3401b15e3761c700 C=US, O=VeriSign, Inc., OU=VeriSign Trust Network, OU=(c) 2008 VeriSign, Inc. - For authorized use only, CN=VeriSign Universal Root Certification Authority
3cec.332c: supR3HardenedWinIsDesiredRootCA: Adding 0x373c4b28515db900 C=US, ST=Illinois, L=Chicago, O=Trustwave Holdings, Inc., CN=Trustwave Global Certification Authority
3cec.332c: supR3HardenedWinIsDesiredRootCA: Adding 0xc30e361765128000 C=US, ST=New Jersey, L=Jersey City, O=The USERTRUST Network, CN=USERTrust RSA Certification Authority
3cec.332c: supR3HardenedWinIsDesiredRootCA: Adding 0x491857ead79dde00 C=US, O=The Go Daddy Group, Inc., OU=Go Daddy Class 2 Certification Authority
3cec.332c: supR3HardenedWinIsDesiredRootCA: Adding 0xb9ff821d139e9bf OU=GlobalSign ECC Root CA - R5, O=GlobalSign, CN=GlobalSign
3cec.332c: supR3HardenedWinIsDesiredRootCA: Adding 0xc2ba72a37dfbe300 C=PL, O=Unizeto Technologies S.A., OU=Certum Certification Authority, CN=Certum Trusted Network CA
3cec.332c: supR3HardenedWinIsDesiredRootCA: Adding 0x8043e4ce150ead00 C=US, O=DigiCert Inc, OU=www.digicert.com, CN=DigiCert Assured ID Root CA
3cec.332c: supR3HardenedWinIsDesiredRootCA: Adding 0xf2e6331af7b700 C=SE, O=AddTrust AB, OU=AddTrust External TTP Network, CN=AddTrust External CA Root
3cec.332c: supR3HardenedWinRetrieveTrustedRootCAs: cAdded=61
3cec.332c: SUPR3HardenedMain: Load Runtime...
3cec.332c: supR3HardenedMonitor_LdrLoadDll: returns rcNt=0x0 hMod=00007ff80a140000 'C:\WINDOWS\system32\rsaenh.dll'
3cec.332c: supR3HardenedMonitor_LdrLoadDll: returns rcNt=0x0 hMod=00007ff80b690000 'C:\WINDOWS\System32\crypt32.dll'
3cec.332c: supR3HardenedWinVerifyCacheScheduleImports: Import todo: #1 'rpcrt4.dll'.
3cec.332c: supR3HardenedWinVerifyCacheScheduleImports: Import todo: #13 'vcruntime140.dll'.
3cec.332c: supR3HardenedWinVerifyCacheScheduleImports: Import todo: #14 'vcruntime140_1.dll'.
3cec.332c: supR3HardenedWinVerifyCacheScheduleImports: Import todo: #15 'msvcp140.dll'.
3cec.332c: supR3HardenedWinVerifyCacheScheduleImports: Import todo: #16 'ws2_32.dll'.
3cec.332c: supHardenedWinVerifyImageByHandle: -> 0 (\Device\HarddiskVolume3\Program Files\Oracle\VirtualBox\VBoxRT.dll) WinVerifyTrust
3cec.332c: supR3HardenedWinVerifyCacheInsert: \Device\HarddiskVolume3\Program Files\Oracle\VirtualBox\VBoxRT.dll
3cec.332c: supR3HardenedWinVerifyCacheProcessImportTodos: Processing 'ws2_32.dll'...
3cec.332c: supR3HardenedWinVerifyCacheProcessImportTodos: 'ws2_32.dll' -> '\Device\HarddiskVolume3\Windows\System32\ws2_32.dll' [rcNtRedir=0xc0150008]
3cec.332c: supR3HardenedMonitor_LdrLoadDll: returns rcNt=0x0 hMod=00007ff80a140000 'C:\WINDOWS\system32\rsaenh.dll'
3cec.332c: supR3HardenedScreenImage/LdrLoadDll: cache hit (VINF_SUCCESS) on \Device\HarddiskVolume3\Windows\System32\crypt32.dll
3cec.332c: supR3HardenedMonitor_LdrLoadDll: pName=C:\WINDOWS\System32\crypt32.dll (Input=crypt32.dll, rcNtResolve=0xc0150008) *pfFlags=0x0 pwszSearchPath=0000000000000001:<flags> [calling]
3cec.332c: supR3HardenedMonitor_LdrLoadDll: returns rcNt=0x0 hMod=00007ff80b690000 'C:\WINDOWS\System32\crypt32.dll'
3cec.332c: supR3HardenedWinVerifyCacheScheduleImports: Import todo: #29 'rpcrt4.dll'.
3cec.332c: supHardenedWinVerifyImageByHandle: -> 0 (\Device\HarddiskVolume3\Windows\System32\ws2_32.dll) WinVerifyTrust
3cec.332c: supR3HardenedWinVerifyCacheInsert: \Device\HarddiskVolume3\Windows\System32\ws2_32.dll
3cec.332c: supR3HardenedWinVerifyCacheProcessImportTodos: Processing 'msvcp140.dll'...
3cec.332c: supR3HardenedWinVerifyCacheProcessImportTodos: 'msvcp140.dll' -> '\Device\HarddiskVolume3\Windows\System32\msvcp140.dll' [rcNtRedir=0xc0150008]
3cec.332c: supR3HardenedWinVerifyCacheProcessImportTodos: Processing 'rpcrt4.dll'...
3cec.332c: supR3HardenedWinVerifyCacheProcessImportTodos: 'rpcrt4.dll' -> '\Device\HarddiskVolume3\Windows\System32\rpcrt4.dll' [rcNtRedir=0xc0150008]
3cec.332c: supR3HardenedScreenImage/Imports: cache hit (VINF_SUCCESS) on \Device\HarddiskVolume3\Windows\System32\rpcrt4.dll
3cec.332c: supR3HardenedMonitor_LdrLoadDll: returns rcNt=0x0 hMod=00007ff80a140000 'C:\WINDOWS\system32\rsaenh.dll'
3cec.332c: supR3HardenedMonitor_LdrLoadDll: returns rcNt=0x0 hMod=00007ff80b690000 'C:\WINDOWS\System32\crypt32.dll'
3cec.332c: supR3HardenedWinVerifyCacheScheduleImports: Import todo: #0 'vcruntime140.dll'.
3cec.332c: supR3HardenedWinVerifyCacheScheduleImports: Import todo: #1 'vcruntime140_1.dll'.
3cec.332c: supHardenedWinVerifyImageByHandle: -> 0 (\Device\HarddiskVolume3\Windows\System32\msvcp140.dll) WinVerifyTrust
3cec.332c: supR3HardenedWinVerifyCacheInsert: \Device\HarddiskVolume3\Windows\System32\msvcp140.dll
3cec.332c: supR3HardenedWinVerifyCacheProcessImportTodos: Processing 'vcruntime140_1.dll'...
3cec.332c: supR3HardenedWinVerifyCacheProcessImportTodos: 'vcruntime140_1.dll' -> '\Device\HarddiskVolume3\Windows\System32\vcruntime140_1.dll' [rcNtRedir=0xc0150008]
3cec.332c: supR3HardenedScreenImage/LdrLoadDll: cache hit (VINF_SUCCESS) on \Device\HarddiskVolume3\Windows\System32\rsaenh.dll
3cec.332c: supR3HardenedWinVerifyCacheProcessImportTodos: Processing 'vcruntime140_1.dll'...
3cec.332c: supR3HardenedWinVerifyCacheProcessImportTodos: 'vcruntime140_1.dll' -> '\Device\HarddiskVolume3\Windows\System32\vcruntime140_1.dll' [rcNtRedir=0xc0150008]
3cec.332c: Detected WinVerifyTrust recursion: rc=VINF_SUCCESS '\Device\HarddiskVolume3\Windows\System32\vcruntime140_1.dll'.
3cec.332c: supR3HardenedWinVerifyCacheScheduleImports: Import todo: #3 'vcruntime140.dll'.
3cec.332c: supHardenedWinVerifyImageByHandle: -> 0 (\Device\HarddiskVolume3\Windows\System32\vcruntime140_1.dll)
3cec.332c: supR3HardenedWinVerifyCacheInsert: \Device\HarddiskVolume3\Windows\System32\vcruntime140_1.dll
3cec.332c: supR3HardenedWinVerifyCacheProcessImportTodos: Processing 'vcruntime140.dll'...
3cec.332c: supR3HardenedWinVerifyCacheProcessImportTodos: 'vcruntime140.dll' -> '\Device\HarddiskVolume3\Windows\System32\vcruntime140.dll' [rcNtRedir=0xc0150008]
3cec.332c: Detected WinVerifyTrust recursion: rc=VINF_SUCCESS '\Device\HarddiskVolume3\Windows\System32\vcruntime140.dll'.
3cec.332c: supHardenedWinVerifyImageByHandle: -> 0 (\Device\HarddiskVolume3\Windows\System32\vcruntime140.dll)
3cec.332c: supR3HardenedWinVerifyCacheInsert: \Device\HarddiskVolume3\Windows\System32\vcruntime140.dll
3cec.332c: supR3HardenedWinVerifyCacheProcessImportTodos: Processing 'vcruntime140.dll'...
3cec.332c: supR3HardenedWinVerifyCacheProcessImportTodos: 'vcruntime140.dll' -> '\Device\HarddiskVolume3\Windows\System32\vcruntime140.dll' [rcNtRedir=0xc0150008]
3cec.332c: supR3HardenedScreenImage/Imports: cache hit (VINF_SUCCESS) on \Device\HarddiskVolume3\Windows\System32\vcruntime140.dll [lacks WinVerifyTrust]
3cec.332c: supR3HardenedMonitor_LdrLoadDll: pName=C:\WINDOWS\system32\rsaenh.dll (rcNtResolve=0xc0150008) *pfFlags=0x0 pwszSearchPath=0000000000000001:<flags> [calling]
3cec.332c: supR3HardenedMonitor_LdrLoadDll: returns rcNt=0x0 hMod=00007ff80a140000 'C:\WINDOWS\system32\rsaenh.dll'
3cec.332c: supR3HardenedMonitor_LdrLoadDll: returns rcNt=0x0 hMod=00007ff80b690000 'C:\WINDOWS\System32\crypt32.dll'
3cec.332c: supR3HardenedWinVerifyCacheScheduleImports: Import todo: #3 'vcruntime140.dll'.
3cec.332c: supHardenedWinVerifyImageByHandle: -> 0 (\Device\HarddiskVolume3\Windows\System32\vcruntime140_1.dll) WinVerifyTrust
3cec.332c: supR3HardenedWinVerifyCacheProcessImportTodos: Processing 'vcruntime140.dll'...
3cec.332c: supR3HardenedWinVerifyCacheProcessImportTodos: 'vcruntime140.dll' -> '\Device\HarddiskVolume3\Windows\System32\vcruntime140.dll' [rcNtRedir=0xc0150008]
3cec.332c: supR3HardenedScreenImage/Imports: cache hit (VINF_SUCCESS) on \Device\HarddiskVolume3\Windows\System32\vcruntime140.dll [redoing WinVerifyTrust]
3cec.332c: supR3HardenedWinVerifyCacheProcessImportTodos: Processing 'vcruntime140.dll'...
3cec.332c: supR3HardenedWinVerifyCacheProcessImportTodos: 'vcruntime140.dll' -> '\Device\HarddiskVolume3\Windows\System32\vcruntime140.dll' [rcNtRedir=0xc0150008]
3cec.332c: supR3HardenedScreenImage/Imports: cache hit (VINF_SUCCESS) on \Device\HarddiskVolume3\Windows\System32\vcruntime140.dll [lacks WinVerifyTrust]
3cec.332c: supR3HardenedMonitor_LdrLoadDll: returns rcNt=0x0 hMod=00007ff80a140000 'C:\WINDOWS\system32\rsaenh.dll'
3cec.332c: supR3HardenedMonitor_LdrLoadDll: returns rcNt=0x0 hMod=00007ff80b690000 'C:\WINDOWS\System32\crypt32.dll'
3cec.332c: supR3HardenedScreenImage/Imports: 0 (was 0) fWinVerifyTrust=1 for '\Device\HarddiskVolume3\Windows\System32\vcruntime140.dll'
3cec.332c: supR3HardenedWinVerifyCacheProcessImportTodos: Processing 'rpcrt4.dll'...
3cec.332c: supR3HardenedWinVerifyCacheProcessImportTodos: 'rpcrt4.dll' -> '\Device\HarddiskVolume3\Windows\System32\rpcrt4.dll' [rcNtRedir=0xc0150008]
3cec.332c: supR3HardenedScreenImage/Imports: cache hit (VINF_SUCCESS) on \Device\HarddiskVolume3\Windows\System32\rpcrt4.dll
3cec.332c: supR3HardenedMonitor_LdrLoadDll: pName=C:\Program Files\Oracle\VirtualBox\VBoxRT.dll (rcNtResolve=0xc0150008) *pfFlags=0x0 pwszSearchPath=0000000000000a01:<flags> [calling]
3cec.332c: supR3HardenedScreenImage/NtCreateSection: cache hit (VINF_SUCCESS) on \Device\HarddiskVolume3\Program Files\Oracle\VirtualBox\VBoxRT.dll
3cec.332c: supR3HardenedScreenImage/NtCreateSection: cache hit (VINF_SUCCESS) on \Device\HarddiskVolume3\Windows\System32\vcruntime140.dll
3cec.332c: supR3HardenedScreenImage/NtCreateSection: cache hit (VINF_SUCCESS) on \Device\HarddiskVolume3\Windows\System32\vcruntime140_1.dll [avoiding WinVerifyTrust]
3cec.332c: supR3HardenedScreenImage/NtCreateSection: cache hit (VINF_SUCCESS) on \Device\HarddiskVolume3\Windows\System32\msvcp140.dll
3cec.332c: supR3HardenedDllNotificationCallback: load   00007ffff6a00000 LB 0x0001e000 C:\WINDOWS\SYSTEM32\VCRUNTIME140.dll [fFlags=0x0]
3cec.332c: supR3HardenedScreenImage/LdrLoadDll: cache hit (VINF_SUCCESS) on \Device\HarddiskVolume3\Windows\System32\vcruntime140.dll
3cec.332c: supR3HardenedDllNotificationCallback: load   00007ffff6be0000 LB 0x0000c000 C:\WINDOWS\SYSTEM32\VCRUNTIME140_1.dll [fFlags=0x0]
3cec.332c: supR3HardenedScreenImage/LdrLoadDll: cache hit (VINF_SUCCESS) on \Device\HarddiskVolume3\Windows\System32\vcruntime140_1.dll [avoiding WinVerifyTrust]
3cec.332c: supR3HardenedDllNotificationCallback: load   00007ffff6a20000 LB 0x00089000 C:\WINDOWS\SYSTEM32\MSVCP140.dll [fFlags=0x0]
3cec.332c: supR3HardenedScreenImage/LdrLoadDll: cache hit (VINF_SUCCESS) on \Device\HarddiskVolume3\Windows\System32\msvcp140.dll
3cec.332c: supR3HardenedDllNotificationCallback: load   00007ff80dd80000 LB 0x00080000 C:\WINDOWS\System32\WS2_32.dll [fFlags=0x0]
3cec.332c: supR3HardenedScreenImage/LdrLoadDll: cache hit (VINF_SUCCESS) on \Device\HarddiskVolume3\Windows\System32\ws2_32.dll
3cec.332c: supR3HardenedDllNotificationCallback: load   00007fff6f170000 LB 0x00786000 C:\Program Files\Oracle\VirtualBox\VBoxRT.dll [fFlags=0x0]
3cec.332c: supR3HardenedScreenImage/LdrLoadDll: cache hit (VINF_SUCCESS) on \Device\HarddiskVolume3\Program Files\Oracle\VirtualBox\VBoxRT.dll
3cec.332c: Detected loader lock ownership: rc=VINF_SUCCESS '\Device\HarddiskVolume3\Windows\System32\vcruntime140_1.dll'.
3cec.332c: supR3HardenedWinVerifyCacheProcessWvtTodos: 0 (was 0) fWinVerifyTrust=0 for '\Device\HarddiskVolume3\Windows\System32\vcruntime140_1.dll' [rescheduled]
3cec.332c: supR3HardenedIsApiSetDll: ApiSetQueryApiSetPresence(api-ms-win-core-synch-l1-2-0) -> 0x0, fPresent=1
3cec.332c: supR3HardenedMonitor_LdrLoadDll: pName=api-ms-win-core-synch-l1-2-0 (rcNtResolve=0x0) *pfFlags=0x0 pwszSearchPath=0000000000000801:<flags> [calling]
3cec.332c: supR3HardenedMonitor_LdrLoadDll: returns rcNt=0x0 hMod=00007ff80bb60000 'api-ms-win-core-synch-l1-2-0'
3cec.332c: Detected loader lock ownership: rc=VINF_SUCCESS '\Device\HarddiskVolume3\Windows\System32\vcruntime140_1.dll'.
3cec.332c: supR3HardenedWinVerifyCacheProcessWvtTodos: 0 (was 0) fWinVerifyTrust=0 for '\Device\HarddiskVolume3\Windows\System32\vcruntime140_1.dll' [rescheduled]
3cec.332c: Detected loader lock ownership: rc=VINF_SUCCESS '\Device\HarddiskVolume3\Windows\System32\vcruntime140_1.dll'.
3cec.332c: supR3HardenedWinVerifyCacheProcessWvtTodos: 0 (was 0) fWinVerifyTrust=0 for '\Device\HarddiskVolume3\Windows\System32\vcruntime140_1.dll' [rescheduled]
3cec.332c: supR3HardenedIsApiSetDll: ApiSetQueryApiSetPresence(api-ms-win-core-fibers-l1-1-1) -> 0x0, fPresent=1
3cec.332c: supR3HardenedMonitor_LdrLoadDll: pName=api-ms-win-core-fibers-l1-1-1 (rcNtResolve=0x0) *pfFlags=0x0 pwszSearchPath=0000000000000801:<flags> [calling]
3cec.332c: supR3HardenedMonitor_LdrLoadDll: returns rcNt=0x0 hMod=00007ff80bb60000 'api-ms-win-core-fibers-l1-1-1'
3cec.332c: Detected loader lock ownership: rc=VINF_SUCCESS '\Device\HarddiskVolume3\Windows\System32\vcruntime140_1.dll'.
3cec.332c: supR3HardenedWinVerifyCacheProcessWvtTodos: 0 (was 0) fWinVerifyTrust=0 for '\Device\HarddiskVolume3\Windows\System32\vcruntime140_1.dll' [rescheduled]
3cec.332c: Detected loader lock ownership: rc=VINF_SUCCESS '\Device\HarddiskVolume3\Windows\System32\vcruntime140_1.dll'.
3cec.332c: supR3HardenedWinVerifyCacheProcessWvtTodos: 0 (was 0) fWinVerifyTrust=0 for '\Device\HarddiskVolume3\Windows\System32\vcruntime140_1.dll' [rescheduled]
3cec.332c: supR3HardenedIsApiSetDll: ApiSetQueryApiSetPresence(api-ms-win-core-synch-l1-2-0) -> 0x0, fPresent=1
3cec.332c: supR3HardenedMonitor_LdrLoadDll: pName=api-ms-win-core-synch-l1-2-0 (rcNtResolve=0x0) *pfFlags=0x0 pwszSearchPath=0000000000000801:<flags> [calling]
3cec.332c: supR3HardenedMonitor_LdrLoadDll: returns rcNt=0x0 hMod=00007ff80bb60000 'api-ms-win-core-synch-l1-2-0'
3cec.332c: Detected loader lock ownership: rc=VINF_SUCCESS '\Device\HarddiskVolume3\Windows\System32\vcruntime140_1.dll'.
3cec.332c: supR3HardenedWinVerifyCacheProcessWvtTodos: 0 (was 0) fWinVerifyTrust=0 for '\Device\HarddiskVolume3\Windows\System32\vcruntime140_1.dll' [rescheduled]
3cec.332c: Detected loader lock ownership: rc=VINF_SUCCESS '\Device\HarddiskVolume3\Windows\System32\vcruntime140_1.dll'.
3cec.332c: supR3HardenedWinVerifyCacheProcessWvtTodos: 0 (was 0) fWinVerifyTrust=0 for '\Device\HarddiskVolume3\Windows\System32\vcruntime140_1.dll' [rescheduled]
3cec.332c: supR3HardenedIsApiSetDll: ApiSetQueryApiSetPresence(api-ms-win-core-fibers-l1-1-1) -> 0x0, fPresent=1
3cec.332c: supR3HardenedMonitor_LdrLoadDll: pName=api-ms-win-core-fibers-l1-1-1 (rcNtResolve=0x0) *pfFlags=0x0 pwszSearchPath=0000000000000801:<flags> [calling]
3cec.332c: supR3HardenedMonitor_LdrLoadDll: returns rcNt=0x0 hMod=00007ff80bb60000 'api-ms-win-core-fibers-l1-1-1'
3cec.332c: Detected loader lock ownership: rc=VINF_SUCCESS '\Device\HarddiskVolume3\Windows\System32\vcruntime140_1.dll'.
3cec.332c: supR3HardenedWinVerifyCacheProcessWvtTodos: 0 (was 0) fWinVerifyTrust=0 for '\Device\HarddiskVolume3\Windows\System32\vcruntime140_1.dll' [rescheduled]
3cec.332c: Detected loader lock ownership: rc=VINF_SUCCESS '\Device\HarddiskVolume3\Windows\System32\vcruntime140_1.dll'.
3cec.332c: supR3HardenedWinVerifyCacheProcessWvtTodos: 0 (was 0) fWinVerifyTrust=0 for '\Device\HarddiskVolume3\Windows\System32\vcruntime140_1.dll' [rescheduled]
3cec.332c: supR3HardenedScreenImage/LdrLoadDll: cache hit (VINF_SUCCESS) on \Device\HarddiskVolume3\Program Files\Oracle\VirtualBox\VBoxRT.dll
3cec.332c: supR3HardenedMonitor_LdrLoadDll: pName=C:\Program Files\Oracle\VirtualBox\VBoxRT.dll (rcNtResolve=0xc0150008) *pfFlags=0x0 pwszSearchPath=0000000000000001:<flags> [calling]
3cec.332c: supR3HardenedMonitor_LdrLoadDll: returns rcNt=0x0 hMod=00007fff6f170000 'C:\Program Files\Oracle\VirtualBox\VBoxRT.dll'
3cec.332c: Detected loader lock ownership: rc=VINF_SUCCESS '\Device\HarddiskVolume3\Windows\System32\vcruntime140_1.dll'.
3cec.332c: supR3HardenedWinVerifyCacheProcessWvtTodos: 0 (was 0) fWinVerifyTrust=0 for '\Device\HarddiskVolume3\Windows\System32\vcruntime140_1.dll' [rescheduled]
3cec.332c: Detected loader lock ownership: rc=VINF_SUCCESS '\Device\HarddiskVolume3\Windows\System32\vcruntime140_1.dll'.
3cec.332c: supR3HardenedWinVerifyCacheProcessWvtTodos: 0 (was 0) fWinVerifyTrust=0 for '\Device\HarddiskVolume3\Windows\System32\vcruntime140_1.dll' [rescheduled]
3cec.332c: supR3HardenedScreenImage/LdrLoadDll: cache hit (VINF_SUCCESS) on \Device\HarddiskVolume3\Program Files\Oracle\VirtualBox\VBoxRT.dll
3cec.332c: supR3HardenedMonitor_LdrLoadDll: pName=C:\Program Files\Oracle\VirtualBox\VBoxRT.dll (rcNtResolve=0xc0150008) *pfFlags=0x0 pwszSearchPath=0000000000000001:<flags> [calling]
3cec.332c: supR3HardenedMonitor_LdrLoadDll: returns rcNt=0x0 hMod=00007fff6f170000 'C:\Program Files\Oracle\VirtualBox\VBoxRT.dll'
3cec.332c: Detected loader lock ownership: rc=VINF_SUCCESS '\Device\HarddiskVolume3\Windows\System32\vcruntime140_1.dll'.
3cec.332c: supR3HardenedWinVerifyCacheProcessWvtTodos: 0 (was 0) fWinVerifyTrust=0 for '\Device\HarddiskVolume3\Windows\System32\vcruntime140_1.dll' [rescheduled]
3cec.332c: Detected loader lock ownership: rc=VINF_SUCCESS '\Device\HarddiskVolume3\Windows\System32\vcruntime140_1.dll'.
3cec.332c: supR3HardenedWinVerifyCacheProcessWvtTodos: 0 (was 0) fWinVerifyTrust=0 for '\Device\HarddiskVolume3\Windows\System32\vcruntime140_1.dll' [rescheduled]
3cec.332c: supR3HardenedScreenImage/LdrLoadDll: cache hit (VINF_SUCCESS) on \Device\HarddiskVolume3\Program Files\Oracle\VirtualBox\VBoxRT.dll
3cec.332c: supR3HardenedMonitor_LdrLoadDll: pName=C:\Program Files\Oracle\VirtualBox\VBoxRT.dll (rcNtResolve=0xc0150008) *pfFlags=0x0 pwszSearchPath=0000000000000001:<flags> [calling]
3cec.332c: supR3HardenedMonitor_LdrLoadDll: returns rcNt=0x0 hMod=00007fff6f170000 'C:\Program Files\Oracle\VirtualBox\VBoxRT.dll'
3cec.332c: Detected loader lock ownership: rc=VINF_SUCCESS '\Device\HarddiskVolume3\Windows\System32\vcruntime140_1.dll'.
3cec.332c: supR3HardenedWinVerifyCacheProcessWvtTodos: 0 (was 0) fWinVerifyTrust=0 for '\Device\HarddiskVolume3\Windows\System32\vcruntime140_1.dll' [rescheduled]
3cec.332c: Detected loader lock ownership: rc=VINF_SUCCESS '\Device\HarddiskVolume3\Windows\System32\vcruntime140_1.dll'.
3cec.332c: supR3HardenedWinVerifyCacheProcessWvtTodos: 0 (was 0) fWinVerifyTrust=0 for '\Device\HarddiskVolume3\Windows\System32\vcruntime140_1.dll' [rescheduled]
3cec.332c: supR3HardenedScreenImage/LdrLoadDll: cache hit (VINF_SUCCESS) on \Device\HarddiskVolume3\Program Files\Oracle\VirtualBox\VBoxRT.dll
3cec.332c: supR3HardenedMonitor_LdrLoadDll: pName=C:\Program Files\Oracle\VirtualBox\VBoxRT.dll (rcNtResolve=0xc0150008) *pfFlags=0x0 pwszSearchPath=0000000000000001:<flags> [calling]
3cec.332c: supR3HardenedMonitor_LdrLoadDll: returns rcNt=0x0 hMod=00007fff6f170000 'C:\Program Files\Oracle\VirtualBox\VBoxRT.dll'
3cec.332c: Detected loader lock ownership: rc=VINF_SUCCESS '\Device\HarddiskVolume3\Windows\System32\vcruntime140_1.dll'.
3cec.332c: supR3HardenedWinVerifyCacheProcessWvtTodos: 0 (was 0) fWinVerifyTrust=0 for '\Device\HarddiskVolume3\Windows\System32\vcruntime140_1.dll' [rescheduled]
3cec.332c: Detected loader lock ownership: rc=VINF_SUCCESS '\Device\HarddiskVolume3\Windows\System32\vcruntime140_1.dll'.
3cec.332c: supR3HardenedWinVerifyCacheProcessWvtTodos: 0 (was 0) fWinVerifyTrust=0 for '\Device\HarddiskVolume3\Windows\System32\vcruntime140_1.dll' [rescheduled]
3cec.332c: supR3HardenedScreenImage/LdrLoadDll: cache hit (VINF_SUCCESS) on \Device\HarddiskVolume3\Program Files\Oracle\VirtualBox\VBoxRT.dll
3cec.332c: supR3HardenedMonitor_LdrLoadDll: pName=C:\Program Files\Oracle\VirtualBox\VBoxRT.dll (rcNtResolve=0xc0150008) *pfFlags=0x0 pwszSearchPath=0000000000000001:<flags> [calling]
3cec.332c: supR3HardenedMonitor_LdrLoadDll: returns rcNt=0x0 hMod=00007fff6f170000 'C:\Program Files\Oracle\VirtualBox\VBoxRT.dll'
3cec.332c: Detected loader lock ownership: rc=VINF_SUCCESS '\Device\HarddiskVolume3\Windows\System32\vcruntime140_1.dll'.
3cec.332c: supR3HardenedWinVerifyCacheProcessWvtTodos: 0 (was 0) fWinVerifyTrust=0 for '\Device\HarddiskVolume3\Windows\System32\vcruntime140_1.dll' [rescheduled]
3cec.332c: Detected loader lock ownership: rc=VINF_SUCCESS '\Device\HarddiskVolume3\Windows\System32\vcruntime140_1.dll'.
3cec.332c: supR3HardenedWinVerifyCacheProcessWvtTodos: 0 (was 0) fWinVerifyTrust=0 for '\Device\HarddiskVolume3\Windows\System32\vcruntime140_1.dll' [rescheduled]
3cec.332c: supR3HardenedScreenImage/LdrLoadDll: cache hit (VINF_SUCCESS) on \Device\HarddiskVolume3\Program Files\Oracle\VirtualBox\VBoxRT.dll
3cec.332c: supR3HardenedMonitor_LdrLoadDll: pName=C:\Program Files\Oracle\VirtualBox\VBoxRT.dll (rcNtResolve=0xc0150008) *pfFlags=0x0 pwszSearchPath=0000000000000001:<flags> [calling]
3cec.332c: supR3HardenedMonitor_LdrLoadDll: returns rcNt=0x0 hMod=00007fff6f170000 'C:\Program Files\Oracle\VirtualBox\VBoxRT.dll'
3cec.332c: Detected loader lock ownership: rc=VINF_SUCCESS '\Device\HarddiskVolume3\Windows\System32\vcruntime140_1.dll'.
3cec.332c: supR3HardenedWinVerifyCacheProcessWvtTodos: 0 (was 0) fWinVerifyTrust=0 for '\Device\HarddiskVolume3\Windows\System32\vcruntime140_1.dll' [rescheduled]
3cec.332c: Detected loader lock ownership: rc=VINF_SUCCESS '\Device\HarddiskVolume3\Windows\System32\vcruntime140_1.dll'.
3cec.332c: supR3HardenedWinVerifyCacheProcessWvtTodos: 0 (was 0) fWinVerifyTrust=0 for '\Device\HarddiskVolume3\Windows\System32\vcruntime140_1.dll' [rescheduled]
3cec.332c: supR3HardenedMonitor_LdrLoadDll: returns rcNt=0x0 hMod=00007fff6f170000 'C:\Program Files\Oracle\VirtualBox\VBoxRT.dll'
3cec.332c: Detected loader lock ownership: rc=VINF_SUCCESS '\Device\HarddiskVolume3\Windows\System32\vcruntime140_1.dll'.
3cec.332c: supR3HardenedWinVerifyCacheProcessWvtTodos: 0 (was 0) fWinVerifyTrust=0 for '\Device\HarddiskVolume3\Windows\System32\vcruntime140_1.dll' [rescheduled]
3cec.332c: Detected loader lock ownership: rc=VINF_SUCCESS '\Device\HarddiskVolume3\Windows\System32\vcruntime140_1.dll'.
3cec.332c: supR3HardenedWinVerifyCacheProcessWvtTodos: 0 (was 0) fWinVerifyTrust=0 for '\Device\HarddiskVolume3\Windows\System32\vcruntime140_1.dll' [rescheduled]
3cec.332c: supR3HardenedMonitor_LdrLoadDll: returns rcNt=0x0 hMod=00007fff6f170000 'C:\Program Files\Oracle\VirtualBox\VBoxRT.dll'
3cec.332c: Detected loader lock ownership: rc=VINF_SUCCESS '\Device\HarddiskVolume3\Windows\System32\vcruntime140_1.dll'.
3cec.332c: supR3HardenedWinVerifyCacheProcessWvtTodos: 0 (was 0) fWinVerifyTrust=0 for '\Device\HarddiskVolume3\Windows\System32\vcruntime140_1.dll' [rescheduled]
3cec.332c: Detected loader lock ownership: rc=VINF_SUCCESS '\Device\HarddiskVolume3\Windows\System32\vcruntime140_1.dll'.
3cec.332c: supR3HardenedWinVerifyCacheProcessWvtTodos: 0 (was 0) fWinVerifyTrust=0 for '\Device\HarddiskVolume3\Windows\System32\vcruntime140_1.dll' [rescheduled]
3cec.332c: supR3HardenedMonitor_LdrLoadDll: returns rcNt=0x0 hMod=00007fff6f170000 'C:\Program Files\Oracle\VirtualBox\VBoxRT.dll'
3cec.332c: Detected loader lock ownership: rc=VINF_SUCCESS '\Device\HarddiskVolume3\Windows\System32\vcruntime140_1.dll'.
3cec.332c: supR3HardenedWinVerifyCacheProcessWvtTodos: 0 (was 0) fWinVerifyTrust=0 for '\Device\HarddiskVolume3\Windows\System32\vcruntime140_1.dll' [rescheduled]
3cec.332c: Detected loader lock ownership: rc=VINF_SUCCESS '\Device\HarddiskVolume3\Windows\System32\vcruntime140_1.dll'.
3cec.332c: supR3HardenedWinVerifyCacheProcessWvtTodos: 0 (was 0) fWinVerifyTrust=0 for '\Device\HarddiskVolume3\Windows\System32\vcruntime140_1.dll' [rescheduled]
3cec.332c: supR3HardenedMonitor_LdrLoadDll: returns rcNt=0x0 hMod=00007fff6f170000 'C:\Program Files\Oracle\VirtualBox\VBoxRT.dll'
3cec.332c: Detected loader lock ownership: rc=VINF_SUCCESS '\Device\HarddiskVolume3\Windows\System32\vcruntime140_1.dll'.
3cec.332c: supR3HardenedWinVerifyCacheProcessWvtTodos: 0 (was 0) fWinVerifyTrust=0 for '\Device\HarddiskVolume3\Windows\System32\vcruntime140_1.dll' [rescheduled]
3cec.332c: Detected loader lock ownership: rc=VINF_SUCCESS '\Device\HarddiskVolume3\Windows\System32\vcruntime140_1.dll'.
3cec.332c: supR3HardenedWinVerifyCacheProcessWvtTodos: 0 (was 0) fWinVerifyTrust=0 for '\Device\HarddiskVolume3\Windows\System32\vcruntime140_1.dll' [rescheduled]
3cec.332c: supR3HardenedMonitor_LdrLoadDll: returns rcNt=0x0 hMod=00007fff6f170000 'C:\Program Files\Oracle\VirtualBox\VBoxRT.dll'
3cec.332c: Detected loader lock ownership: rc=VINF_SUCCESS '\Device\HarddiskVolume3\Windows\System32\vcruntime140_1.dll'.
3cec.332c: supR3HardenedWinVerifyCacheProcessWvtTodos: 0 (was 0) fWinVerifyTrust=0 for '\Device\HarddiskVolume3\Windows\System32\vcruntime140_1.dll' [rescheduled]
3cec.332c: Detected loader lock ownership: rc=VINF_SUCCESS '\Device\HarddiskVolume3\Windows\System32\vcruntime140_1.dll'.
3cec.332c: supR3HardenedWinVerifyCacheProcessWvtTodos: 0 (was 0) fWinVerifyTrust=0 for '\Device\HarddiskVolume3\Windows\System32\vcruntime140_1.dll' [rescheduled]
3cec.332c: supR3HardenedMonitor_LdrLoadDll: returns rcNt=0x0 hMod=00007fff6f170000 'C:\Program Files\Oracle\VirtualBox\VBoxRT.dll'
3cec.332c: Detected loader lock ownership: rc=VINF_SUCCESS '\Device\HarddiskVolume3\Windows\System32\vcruntime140_1.dll'.
3cec.332c: supR3HardenedWinVerifyCacheProcessWvtTodos: 0 (was 0) fWinVerifyTrust=0 for '\Device\HarddiskVolume3\Windows\System32\vcruntime140_1.dll' [rescheduled]
3cec.332c: Detected loader lock ownership: rc=VINF_SUCCESS '\Device\HarddiskVolume3\Windows\System32\vcruntime140_1.dll'.
3cec.332c: supR3HardenedWinVerifyCacheProcessWvtTodos: 0 (was 0) fWinVerifyTrust=0 for '\Device\HarddiskVolume3\Windows\System32\vcruntime140_1.dll' [rescheduled]
3cec.332c: supR3HardenedMonitor_LdrLoadDll: returns rcNt=0x0 hMod=00007fff6f170000 'C:\Program Files\Oracle\VirtualBox\VBoxRT.dll'
3cec.332c: Detected loader lock ownership: rc=VINF_SUCCESS '\Device\HarddiskVolume3\Windows\System32\vcruntime140_1.dll'.
3cec.332c: supR3HardenedWinVerifyCacheProcessWvtTodos: 0 (was 0) fWinVerifyTrust=0 for '\Device\HarddiskVolume3\Windows\System32\vcruntime140_1.dll' [rescheduled]
3cec.332c: Detected loader lock ownership: rc=VINF_SUCCESS '\Device\HarddiskVolume3\Windows\System32\vcruntime140_1.dll'.
3cec.332c: supR3HardenedWinVerifyCacheProcessWvtTodos: 0 (was 0) fWinVerifyTrust=0 for '\Device\HarddiskVolume3\Windows\System32\vcruntime140_1.dll' [rescheduled]
3cec.332c: supR3HardenedScreenImage/LdrLoadDll: cache hit (VINF_SUCCESS) on \Device\HarddiskVolume3\Program Files\Oracle\VirtualBox\VBoxRT.dll
3cec.332c: supR3HardenedMonitor_LdrLoadDll: pName=C:\Program Files\Oracle\VirtualBox\VBoxRT.dll (rcNtResolve=0xc0150008) *pfFlags=0x0 pwszSearchPath=0000000000000001:<flags> [calling]
3cec.332c: supR3HardenedMonitor_LdrLoadDll: returns rcNt=0x0 hMod=00007fff6f170000 'C:\Program Files\Oracle\VirtualBox\VBoxRT.dll'
3cec.332c: Detected loader lock ownership: rc=VINF_SUCCESS '\Device\HarddiskVolume3\Windows\System32\vcruntime140_1.dll'.
3cec.332c: supR3HardenedWinVerifyCacheProcessWvtTodos: 0 (was 0) fWinVerifyTrust=0 for '\Device\HarddiskVolume3\Windows\System32\vcruntime140_1.dll' [rescheduled]
3cec.332c: Detected loader lock ownership: rc=VINF_SUCCESS '\Device\HarddiskVolume3\Windows\System32\vcruntime140_1.dll'.
3cec.332c: supR3HardenedWinVerifyCacheProcessWvtTodos: 0 (was 0) fWinVerifyTrust=0 for '\Device\HarddiskVolume3\Windows\System32\vcruntime140_1.dll' [rescheduled]
3cec.332c: supR3HardenedMonitor_LdrLoadDll: returns rcNt=0x0 hMod=00007fff6f170000 'C:\Program Files\Oracle\VirtualBox\VBoxRT.dll'
3cec.332c: Detected loader lock ownership: rc=VINF_SUCCESS '\Device\HarddiskVolume3\Windows\System32\vcruntime140_1.dll'.
3cec.332c: supR3HardenedWinVerifyCacheProcessWvtTodos: 0 (was 0) fWinVerifyTrust=0 for '\Device\HarddiskVolume3\Windows\System32\vcruntime140_1.dll' [rescheduled]
3cec.332c: Detected loader lock ownership: rc=VINF_SUCCESS '\Device\HarddiskVolume3\Windows\System32\vcruntime140_1.dll'.
3cec.332c: supR3HardenedWinVerifyCacheProcessWvtTodos: 0 (was 0) fWinVerifyTrust=0 for '\Device\HarddiskVolume3\Windows\System32\vcruntime140_1.dll' [rescheduled]
3cec.332c: supR3HardenedMonitor_LdrLoadDll: returns rcNt=0x0 hMod=00007fff6f170000 'C:\Program Files\Oracle\VirtualBox\VBoxRT.dll'
3cec.332c: Detected loader lock ownership: rc=VINF_SUCCESS '\Device\HarddiskVolume3\Windows\System32\vcruntime140_1.dll'.
3cec.332c: supR3HardenedWinVerifyCacheProcessWvtTodos: 0 (was 0) fWinVerifyTrust=0 for '\Device\HarddiskVolume3\Windows\System32\vcruntime140_1.dll' [rescheduled]
3cec.332c: Detected loader lock ownership: rc=VINF_SUCCESS '\Device\HarddiskVolume3\Windows\System32\vcruntime140_1.dll'.
3cec.332c: supR3HardenedWinVerifyCacheProcessWvtTodos: 0 (was 0) fWinVerifyTrust=0 for '\Device\HarddiskVolume3\Windows\System32\vcruntime140_1.dll' [rescheduled]
3cec.332c: supR3HardenedMonitor_LdrLoadDll: returns rcNt=0x0 hMod=00007fff6f170000 'C:\Program Files\Oracle\VirtualBox\VBoxRT.dll'
3cec.332c: Detected loader lock ownership: rc=VINF_SUCCESS '\Device\HarddiskVolume3\Windows\System32\vcruntime140_1.dll'.
3cec.332c: supR3HardenedWinVerifyCacheProcessWvtTodos: 0 (was 0) fWinVerifyTrust=0 for '\Device\HarddiskVolume3\Windows\System32\vcruntime140_1.dll' [rescheduled]
3cec.332c: Detected loader lock ownership: rc=VINF_SUCCESS '\Device\HarddiskVolume3\Windows\System32\vcruntime140_1.dll'.
3cec.332c: supR3HardenedWinVerifyCacheProcessWvtTodos: 0 (was 0) fWinVerifyTrust=0 for '\Device\HarddiskVolume3\Windows\System32\vcruntime140_1.dll' [rescheduled]
3cec.332c: supR3HardenedMonitor_LdrLoadDll: returns rcNt=0x0 hMod=00007fff6f170000 'C:\Program Files\Oracle\VirtualBox\VBoxRT.dll'
3cec.332c: Detected loader lock ownership: rc=VINF_SUCCESS '\Device\HarddiskVolume3\Windows\System32\vcruntime140_1.dll'.
3cec.332c: supR3HardenedWinVerifyCacheProcessWvtTodos: 0 (was 0) fWinVerifyTrust=0 for '\Device\HarddiskVolume3\Windows\System32\vcruntime140_1.dll' [rescheduled]
3cec.332c: Detected loader lock ownership: rc=VINF_SUCCESS '\Device\HarddiskVolume3\Windows\System32\vcruntime140_1.dll'.
3cec.332c: supR3HardenedWinVerifyCacheProcessWvtTodos: 0 (was 0) fWinVerifyTrust=0 for '\Device\HarddiskVolume3\Windows\System32\vcruntime140_1.dll' [rescheduled]
3cec.332c: supR3HardenedMonitor_LdrLoadDll: returns rcNt=0x0 hMod=00007fff6f170000 'C:\Program Files\Oracle\VirtualBox\VBoxRT.dll'
3cec.332c: Detected loader lock ownership: rc=VINF_SUCCESS '\Device\HarddiskVolume3\Windows\System32\vcruntime140_1.dll'.
3cec.332c: supR3HardenedWinVerifyCacheProcessWvtTodos: 0 (was 0) fWinVerifyTrust=0 for '\Device\HarddiskVolume3\Windows\System32\vcruntime140_1.dll' [rescheduled]
3cec.332c: Detected loader lock ownership: rc=VINF_SUCCESS '\Device\HarddiskVolume3\Windows\System32\vcruntime140_1.dll'.
3cec.332c: supR3HardenedWinVerifyCacheProcessWvtTodos: 0 (was 0) fWinVerifyTrust=0 for '\Device\HarddiskVolume3\Windows\System32\vcruntime140_1.dll' [rescheduled]
3cec.332c: supR3HardenedMonitor_LdrLoadDll: returns rcNt=0x0 hMod=00007fff6f170000 'C:\Program Files\Oracle\VirtualBox\VBoxRT.dll'
3cec.332c: Detected loader lock ownership: rc=VINF_SUCCESS '\Device\HarddiskVolume3\Windows\System32\vcruntime140_1.dll'.
3cec.332c: supR3HardenedWinVerifyCacheProcessWvtTodos: 0 (was 0) fWinVerifyTrust=0 for '\Device\HarddiskVolume3\Windows\System32\vcruntime140_1.dll' [rescheduled]
3cec.332c: Detected loader lock ownership: rc=VINF_SUCCESS '\Device\HarddiskVolume3\Windows\System32\vcruntime140_1.dll'.
3cec.332c: supR3HardenedWinVerifyCacheProcessWvtTodos: 0 (was 0) fWinVerifyTrust=0 for '\Device\HarddiskVolume3\Windows\System32\vcruntime140_1.dll' [rescheduled]
3cec.332c: supR3HardenedMonitor_LdrLoadDll: returns rcNt=0x0 hMod=00007fff6f170000 'C:\Program Files\Oracle\VirtualBox\VBoxRT.dll'
3cec.332c: Detected loader lock ownership: rc=VINF_SUCCESS '\Device\HarddiskVolume3\Windows\System32\vcruntime140_1.dll'.
3cec.332c: supR3HardenedWinVerifyCacheProcessWvtTodos: 0 (was 0) fWinVerifyTrust=0 for '\Device\HarddiskVolume3\Windows\System32\vcruntime140_1.dll' [rescheduled]
3cec.332c: Detected loader lock ownership: rc=VINF_SUCCESS '\Device\HarddiskVolume3\Windows\System32\vcruntime140_1.dll'.
3cec.332c: supR3HardenedWinVerifyCacheProcessWvtTodos: 0 (was 0) fWinVerifyTrust=0 for '\Device\HarddiskVolume3\Windows\System32\vcruntime140_1.dll' [rescheduled]
3cec.332c: supR3HardenedMonitor_LdrLoadDll: returns rcNt=0x0 hMod=00007fff6f170000 'C:\Program Files\Oracle\VirtualBox\VBoxRT.dll'
3cec.332c: Detected loader lock ownership: rc=VINF_SUCCESS '\Device\HarddiskVolume3\Windows\System32\vcruntime140_1.dll'.
3cec.332c: supR3HardenedWinVerifyCacheProcessWvtTodos: 0 (was 0) fWinVerifyTrust=0 for '\Device\HarddiskVolume3\Windows\System32\vcruntime140_1.dll' [rescheduled]
3cec.332c: Detected loader lock ownership: rc=VINF_SUCCESS '\Device\HarddiskVolume3\Windows\System32\vcruntime140_1.dll'.
3cec.332c: supR3HardenedWinVerifyCacheProcessWvtTodos: 0 (was 0) fWinVerifyTrust=0 for '\Device\HarddiskVolume3\Windows\System32\vcruntime140_1.dll' [rescheduled]
3cec.332c: supR3HardenedMonitor_LdrLoadDll: returns rcNt=0x0 hMod=00007fff6f170000 'C:\Program Files\Oracle\VirtualBox\VBoxRT.dll'
3cec.332c: Detected loader lock ownership: rc=VINF_SUCCESS '\Device\HarddiskVolume3\Windows\System32\vcruntime140_1.dll'.
3cec.332c: supR3HardenedWinVerifyCacheProcessWvtTodos: 0 (was 0) fWinVerifyTrust=0 for '\Device\HarddiskVolume3\Windows\System32\vcruntime140_1.dll' [rescheduled]
3cec.332c: Detected loader lock ownership: rc=VINF_SUCCESS '\Device\HarddiskVolume3\Windows\System32\vcruntime140_1.dll'.
3cec.332c: supR3HardenedWinVerifyCacheProcessWvtTodos: 0 (was 0) fWinVerifyTrust=0 for '\Device\HarddiskVolume3\Windows\System32\vcruntime140_1.dll' [rescheduled]
3cec.332c: supR3HardenedMonitor_LdrLoadDll: returns rcNt=0x0 hMod=00007fff6f170000 'C:\Program Files\Oracle\VirtualBox\VBoxRT.dll'
3cec.332c: Detected loader lock ownership: rc=VINF_SUCCESS '\Device\HarddiskVolume3\Windows\System32\vcruntime140_1.dll'.
3cec.332c: supR3HardenedWinVerifyCacheProcessWvtTodos: 0 (was 0) fWinVerifyTrust=0 for '\Device\HarddiskVolume3\Windows\System32\vcruntime140_1.dll' [rescheduled]
3cec.332c: Detected loader lock ownership: rc=VINF_SUCCESS '\Device\HarddiskVolume3\Windows\System32\vcruntime140_1.dll'.
3cec.332c: supR3HardenedWinVerifyCacheProcessWvtTodos: 0 (was 0) fWinVerifyTrust=0 for '\Device\HarddiskVolume3\Windows\System32\vcruntime140_1.dll' [rescheduled]
3cec.332c: supR3HardenedMonitor_LdrLoadDll: returns rcNt=0x0 hMod=00007fff6f170000 'C:\Program Files\Oracle\VirtualBox\VBoxRT.dll'
3cec.332c: Detected loader lock ownership: rc=VINF_SUCCESS '\Device\HarddiskVolume3\Windows\System32\vcruntime140_1.dll'.
3cec.332c: supR3HardenedWinVerifyCacheProcessWvtTodos: 0 (was 0) fWinVerifyTrust=0 for '\Device\HarddiskVolume3\Windows\System32\vcruntime140_1.dll' [rescheduled]
3cec.332c: Detected loader lock ownership: rc=VINF_SUCCESS '\Device\HarddiskVolume3\Windows\System32\vcruntime140_1.dll'.
3cec.332c: supR3HardenedWinVerifyCacheProcessWvtTodos: 0 (was 0) fWinVerifyTrust=0 for '\Device\HarddiskVolume3\Windows\System32\vcruntime140_1.dll' [rescheduled]
3cec.332c: supR3HardenedMonitor_LdrLoadDll: returns rcNt=0x0 hMod=00007fff6f170000 'C:\Program Files\Oracle\VirtualBox\VBoxRT.dll'
3cec.332c: Detected loader lock ownership: rc=VINF_SUCCESS '\Device\HarddiskVolume3\Windows\System32\vcruntime140_1.dll'.
3cec.332c: supR3HardenedWinVerifyCacheProcessWvtTodos: 0 (was 0) fWinVerifyTrust=0 for '\Device\HarddiskVolume3\Windows\System32\vcruntime140_1.dll' [rescheduled]
3cec.332c: Detected loader lock ownership: rc=VINF_SUCCESS '\Device\HarddiskVolume3\Windows\System32\vcruntime140_1.dll'.
3cec.332c: supR3HardenedWinVerifyCacheProcessWvtTodos: 0 (was 0) fWinVerifyTrust=0 for '\Device\HarddiskVolume3\Windows\System32\vcruntime140_1.dll' [rescheduled]
3cec.332c: supR3HardenedMonitor_LdrLoadDll: returns rcNt=0x0 hMod=00007fff6f170000 'C:\Program Files\Oracle\VirtualBox\VBoxRT.dll'
3cec.332c: Detected loader lock ownership: rc=VINF_SUCCESS '\Device\HarddiskVolume3\Windows\System32\vcruntime140_1.dll'.
3cec.332c: supR3HardenedWinVerifyCacheProcessWvtTodos: 0 (was 0) fWinVerifyTrust=0 for '\Device\HarddiskVolume3\Windows\System32\vcruntime140_1.dll' [rescheduled]
3cec.332c: Detected loader lock ownership: rc=VINF_SUCCESS '\Device\HarddiskVolume3\Windows\System32\vcruntime140_1.dll'.
3cec.332c: supR3HardenedWinVerifyCacheProcessWvtTodos: 0 (was 0) fWinVerifyTrust=0 for '\Device\HarddiskVolume3\Windows\System32\vcruntime140_1.dll' [rescheduled]
3cec.332c: supR3HardenedMonitor_LdrLoadDll: returns rcNt=0x0 hMod=00007fff6f170000 'C:\Program Files\Oracle\VirtualBox\VBoxRT.dll'
3cec.332c: Detected loader lock ownership: rc=VINF_SUCCESS '\Device\HarddiskVolume3\Windows\System32\vcruntime140_1.dll'.
3cec.332c: supR3HardenedWinVerifyCacheProcessWvtTodos: 0 (was 0) fWinVerifyTrust=0 for '\Device\HarddiskVolume3\Windows\System32\vcruntime140_1.dll' [rescheduled]
3cec.332c: Detected loader lock ownership: rc=VINF_SUCCESS '\Device\HarddiskVolume3\Windows\System32\vcruntime140_1.dll'.
3cec.332c: supR3HardenedWinVerifyCacheProcessWvtTodos: 0 (was 0) fWinVerifyTrust=0 for '\Device\HarddiskVolume3\Windows\System32\vcruntime140_1.dll' [rescheduled]
3cec.332c: supR3HardenedMonitor_LdrLoadDll: returns rcNt=0x0 hMod=00007fff6f170000 'C:\Program Files\Oracle\VirtualBox\VBoxRT.dll'
3cec.332c: Detected loader lock ownership: rc=VINF_SUCCESS '\Device\HarddiskVolume3\Windows\System32\vcruntime140_1.dll'.
3cec.332c: supR3HardenedWinVerifyCacheProcessWvtTodos: 0 (was 0) fWinVerifyTrust=0 for '\Device\HarddiskVolume3\Windows\System32\vcruntime140_1.dll' [rescheduled]
3cec.332c: Detected loader lock ownership: rc=VINF_SUCCESS '\Device\HarddiskVolume3\Windows\System32\vcruntime140_1.dll'.
3cec.332c: supR3HardenedWinVerifyCacheProcessWvtTodos: 0 (was 0) fWinVerifyTrust=0 for '\Device\HarddiskVolume3\Windows\System32\vcruntime140_1.dll' [rescheduled]
3cec.332c: supR3HardenedScreenImage/LdrLoadDll: cache hit (VINF_SUCCESS) on \Device\HarddiskVolume3\Program Files\Oracle\VirtualBox\VBoxRT.dll
3cec.332c: supR3HardenedMonitor_LdrLoadDll: pName=C:\Program Files\Oracle\VirtualBox\VBoxRT.dll (rcNtResolve=0xc0150008) *pfFlags=0x0 pwszSearchPath=0000000000000001:<flags> [calling]
3cec.332c: supR3HardenedMonitor_LdrLoadDll: returns rcNt=0x0 hMod=00007fff6f170000 'C:\Program Files\Oracle\VirtualBox\VBoxRT.dll'
3cec.332c: Detected loader lock ownership: rc=VINF_SUCCESS '\Device\HarddiskVolume3\Windows\System32\vcruntime140_1.dll'.
3cec.332c: supR3HardenedWinVerifyCacheProcessWvtTodos: 0 (was 0) fWinVerifyTrust=0 for '\Device\HarddiskVolume3\Windows\System32\vcruntime140_1.dll' [rescheduled]
3cec.332c: Detected loader lock ownership: rc=VINF_SUCCESS '\Device\HarddiskVolume3\Windows\System32\vcruntime140_1.dll'.
3cec.332c: supR3HardenedWinVerifyCacheProcessWvtTodos: 0 (was 0) fWinVerifyTrust=0 for '\Device\HarddiskVolume3\Windows\System32\vcruntime140_1.dll' [rescheduled]
3cec.332c: supR3HardenedMonitor_LdrLoadDll: returns rcNt=0x0 hMod=00007fff6f170000 'C:\Program Files\Oracle\VirtualBox\VBoxRT.dll'
3cec.332c: Detected loader lock ownership: rc=VINF_SUCCESS '\Device\HarddiskVolume3\Windows\System32\vcruntime140_1.dll'.
3cec.332c: supR3HardenedWinVerifyCacheProcessWvtTodos: 0 (was 0) fWinVerifyTrust=0 for '\Device\HarddiskVolume3\Windows\System32\vcruntime140_1.dll' [rescheduled]
3cec.332c: Detected loader lock ownership: rc=VINF_SUCCESS '\Device\HarddiskVolume3\Windows\System32\vcruntime140_1.dll'.
3cec.332c: supR3HardenedWinVerifyCacheProcessWvtTodos: 0 (was 0) fWinVerifyTrust=0 for '\Device\HarddiskVolume3\Windows\System32\vcruntime140_1.dll' [rescheduled]
3cec.332c: supR3HardenedMonitor_LdrLoadDll: returns rcNt=0x0 hMod=00007fff6f170000 'C:\Program Files\Oracle\VirtualBox\VBoxRT.dll'
3cec.332c: Detected loader lock ownership: rc=VINF_SUCCESS '\Device\HarddiskVolume3\Windows\System32\vcruntime140_1.dll'.
3cec.332c: supR3HardenedWinVerifyCacheProcessWvtTodos: 0 (was 0) fWinVerifyTrust=0 for '\Device\HarddiskVolume3\Windows\System32\vcruntime140_1.dll' [rescheduled]
3cec.332c: supR3HardenedMonitor_LdrLoadDll: returns rcNt=0x0 hMod=00007fff6f170000 'C:\Program Files\Oracle\VirtualBox\VBoxRT.dll'
3cec.332c: supR3HardenedMonitor_LdrLoadDll: returns rcNt=0x0 hMod=00007ff80a140000 'C:\WINDOWS\system32\rsaenh.dll'
3cec.332c: supR3HardenedMonitor_LdrLoadDll: returns rcNt=0x0 hMod=00007ff80b690000 'C:\WINDOWS\System32\crypt32.dll'
3cec.332c: supR3HardenedWinVerifyCacheProcessWvtTodos: 0 (was 0) fWinVerifyTrust=1 for '\Device\HarddiskVolume3\Windows\System32\vcruntime140_1.dll'
3cec.332c: supR3HardenedScreenImage/LdrLoadDll: cache hit (VINF_SUCCESS) on \Device\HarddiskVolume3\Windows\System32\wintrust.dll
3cec.332c: supR3HardenedMonitor_LdrLoadDll: pName=C:\WINDOWS\system32\Wintrust.dll (rcNtResolve=0xc0150008) *pfFlags=0x0 pwszSearchPath=0000000000000801:<flags> [calling]
3cec.332c: supR3HardenedMonitor_LdrLoadDll: returns rcNt=0x0 hMod=00007ff80bf60000 'C:\WINDOWS\system32\Wintrust.dll'
3cec.332c: supR3HardenedMonitor_LdrLoadDll: returns rcNt=0x0 hMod=00007ff80a140000 'C:\WINDOWS\system32\rsaenh.dll'
3cec.332c: supR3HardenedMonitor_LdrLoadDll: returns rcNt=0x0 hMod=00007ff80b690000 'C:\WINDOWS\System32\crypt32.dll'
3cec.332c: supR3HardenedMonitor_LdrLoadDll: returns rcNt=0x0 hMod=00007ff80a140000 'C:\WINDOWS\system32\rsaenh.dll'
3cec.332c: supR3HardenedMonitor_LdrLoadDll: returns rcNt=0x0 hMod=00007ff80b690000 'C:\WINDOWS\System32\crypt32.dll'
3cec.332c: supR3HardenedMonitor_LdrLoadDll: returns rcNt=0x0 hMod=00007ff80b690000 'C:\WINDOWS\system32\crypt32.dll'
3cec.332c: SUPR3HardenedMain: Load TrustedMain...
3cec.2a88: supR3HardenedIsApiSetDll: ApiSetQueryApiSetPresence(api-ms-win-appmodel-runtime-l1-1-2) -> 0x0, fPresent=1
3cec.2a88: supR3HardenedMonitor_LdrLoadDll: pName=api-ms-win-appmodel-runtime-l1-1-2 (rcNtResolve=0x0) *pfFlags=0x0 pwszSearchPath=0000000000000801:<flags> [calling]
3cec.2a88: supR3HardenedWinVerifyCacheScheduleImports: Import todo: #8 'msvcrt.dll'.
3cec.2a88: supHardenedWinVerifyImageByHandle: -> 0 (\Device\HarddiskVolume3\Windows\System32\kernel.appcore.dll)
3cec.2a88: supR3HardenedWinVerifyCacheInsert: \Device\HarddiskVolume3\Windows\System32\kernel.appcore.dll
3cec.2a88: supR3HardenedDllNotificationCallback: load   00007ff80a1e0000 LB 0x0001b000 C:\WINDOWS\SYSTEM32\kernel.appcore.dll [fFlags=0x0]
3cec.2a88: supR3HardenedScreenImage/LdrLoadDll: cache hit (VINF_SUCCESS) on \Device\HarddiskVolume3\Windows\System32\kernel.appcore.dll [avoiding WinVerifyTrust]
3cec.2a88: supR3HardenedMonitor_LdrLoadDll: returns rcNt=0x0 hMod=00007ff80a1e0000 'api-ms-win-appmodel-runtime-l1-1-2'
3cec.2a88: supR3HardenedWinVerifyCacheProcessImportTodos: Processing 'msvcrt.dll'...
3cec.2a88: supR3HardenedWinVerifyCacheProcessImportTodos: 'msvcrt.dll' -> '\Device\HarddiskVolume3\Windows\System32\msvcrt.dll' [rcNtRedir=0xc0150008]
3cec.2a88: supR3HardenedScreenImage/Imports: cache hit (VINF_SUCCESS) on \Device\HarddiskVolume3\Windows\System32\msvcrt.dll
3cec.2a88: supR3HardenedMonitor_LdrLoadDll: returns rcNt=0x0 hMod=00007ff80a140000 'C:\WINDOWS\system32\rsaenh.dll'
3cec.2a88: supR3HardenedMonitor_LdrLoadDll: returns rcNt=0x0 hMod=00007ff80b690000 'C:\WINDOWS\System32\crypt32.dll'
3cec.332c: supR3HardenedMonitor_LdrLoadDll: returns rcNt=0x0 hMod=00007ff80a140000 'C:\WINDOWS\system32\rsaenh.dll'
3cec.332c: supR3HardenedMonitor_LdrLoadDll: returns rcNt=0x0 hMod=00007ff80b690000 'C:\WINDOWS\System32\crypt32.dll'
3cec.2a88: supR3HardenedWinVerifyCacheProcessWvtTodos: 0 (was 0) fWinVerifyTrust=1 for '\Device\HarddiskVolume3\Windows\System32\kernel.appcore.dll'
3cec.332c: supR3HardenedWinVerifyCacheScheduleImports: Import todo: #0 'uicommon.dll'.
3cec.332c: supR3HardenedWinVerifyCacheScheduleImports: Import todo: #1 'qt6corevbox.dll'.
3cec.332c: supR3HardenedWinVerifyCacheScheduleImports: Import todo: #2 'qt6guivbox.dll'.
3cec.332c: supR3HardenedWinVerifyCacheScheduleImports: Import todo: #3 'qt6widgetsvbox.dll'.
3cec.332c: supR3HardenedWinVerifyCacheScheduleImports: Import todo: #5 'user32.dll'.
3cec.332c: supR3HardenedWinVerifyCacheScheduleImports: Import todo: #6 'advapi32.dll'.
3cec.332c: supR3HardenedWinVerifyCacheScheduleImports: Import todo: #7 'ole32.dll'.
3cec.332c: supR3HardenedWinVerifyCacheScheduleImports: Import todo: #8 'oleaut32.dll'.
3cec.332c: supR3HardenedWinVerifyCacheScheduleImports: Import todo: #9 'winmm.dll'.
3cec.332c: supR3HardenedWinVerifyCacheScheduleImports: Import todo: #14 'vboxrt.dll'.
3cec.332c: supR3HardenedWinVerifyCacheScheduleImports: Import todo: #15 'vcruntime140.dll'.
3cec.332c: supR3HardenedWinVerifyCacheScheduleImports: Import todo: #16 'vcruntime140_1.dll'.
3cec.332c: supR3HardenedWinVerifyCacheScheduleImports: Import todo: #17 'msvcp140.dll'.
3cec.332c: supHardenedWinVerifyImageByHandle: -> 0 (\Device\HarddiskVolume3\Program Files\Oracle\VirtualBox\VirtualBoxVM.dll) WinVerifyTrust
3cec.332c: supR3HardenedWinVerifyCacheInsert: \Device\HarddiskVolume3\Program Files\Oracle\VirtualBox\VirtualBoxVM.dll
3cec.332c: supR3HardenedWinVerifyCacheProcessImportTodos: Processing 'msvcp140.dll'...
3cec.332c: supR3HardenedWinVerifyCacheProcessImportTodos: 'msvcp140.dll' -> '\Device\HarddiskVolume3\Windows\System32\msvcp140.dll' [rcNtRedir=0xc0150008]
3cec.332c: supR3HardenedScreenImage/Imports: cache hit (VINF_SUCCESS) on \Device\HarddiskVolume3\Windows\System32\msvcp140.dll
3cec.332c: supR3HardenedWinVerifyCacheProcessImportTodos: Processing 'vcruntime140_1.dll'...
3cec.332c: supR3HardenedWinVerifyCacheProcessImportTodos: 'vcruntime140_1.dll' -> '\Device\HarddiskVolume3\Windows\System32\vcruntime140_1.dll' [rcNtRedir=0xc0150008]
3cec.332c: supR3HardenedScreenImage/Imports: cache hit (VINF_SUCCESS) on \Device\HarddiskVolume3\Windows\System32\vcruntime140_1.dll
3cec.332c: supR3HardenedWinVerifyCacheProcessImportTodos: Processing 'vcruntime140.dll'...
3cec.332c: supR3HardenedWinVerifyCacheProcessImportTodos: 'vcruntime140.dll' -> '\Device\HarddiskVolume3\Windows\System32\vcruntime140.dll' [rcNtRedir=0xc0150008]
3cec.332c: supR3HardenedScreenImage/Imports: cache hit (VINF_SUCCESS) on \Device\HarddiskVolume3\Windows\System32\vcruntime140.dll
3cec.332c: supR3HardenedWinVerifyCacheProcessImportTodos: Processing 'vboxrt.dll'...
3cec.332c: supR3HardenedWinVerifyCacheProcessImportTodos: 'vboxrt.dll' -> '\Device\HarddiskVolume3\Program Files\Oracle\VirtualBox\vboxrt.dll' [rcNtRedir=0xc0150008]
3cec.332c: supR3HardenedWinVerifyCacheProcessImportTodos: Processing 'winmm.dll'...
3cec.332c: supR3HardenedWinVerifyCacheProcessImportTodos: 'winmm.dll' -> '\Device\HarddiskVolume3\Windows\System32\winmm.dll' [rcNtRedir=0xc0150008]
3cec.332c: supR3HardenedMonitor_LdrLoadDll: returns rcNt=0x0 hMod=00007ff80a140000 'C:\WINDOWS\system32\rsaenh.dll'
3cec.332c: supR3HardenedMonitor_LdrLoadDll: returns rcNt=0x0 hMod=00007ff80b690000 'C:\WINDOWS\System32\crypt32.dll'
3cec.332c: supHardenedWinVerifyImageByHandle: -> 0 (\Device\HarddiskVolume3\Windows\System32\winmm.dll) WinVerifyTrust
3cec.332c: supR3HardenedWinVerifyCacheInsert: \Device\HarddiskVolume3\Windows\System32\winmm.dll
3cec.332c: supR3HardenedWinVerifyCacheProcessImportTodos: Processing 'oleaut32.dll'...
3cec.332c: supR3HardenedWinVerifyCacheProcessImportTodos: 'oleaut32.dll' -> '\Device\HarddiskVolume3\Windows\System32\oleaut32.dll' [rcNtRedir=0xc0150008]
3cec.332c: supR3HardenedMonitor_LdrLoadDll: returns rcNt=0x0 hMod=00007ff80a140000 'C:\WINDOWS\system32\rsaenh.dll'
3cec.332c: supR3HardenedMonitor_LdrLoadDll: returns rcNt=0x0 hMod=00007ff80b690000 'C:\WINDOWS\System32\crypt32.dll'
3cec.332c: supR3HardenedWinVerifyCacheScheduleImports: Import todo: #0 'msvcp_win.dll'.
3cec.332c: supR3HardenedWinVerifyCacheScheduleImports: Import todo: #5 'combase.dll'.
3cec.332c: supR3HardenedWinVerifyCacheScheduleImports: Import todo: #26 'rpcrt4.dll'.
3cec.332c: supHardenedWinVerifyImageByHandle: -> 0 (\Device\HarddiskVolume3\Windows\System32\oleaut32.dll) WinVerifyTrust
3cec.332c: supR3HardenedWinVerifyCacheInsert: \Device\HarddiskVolume3\Windows\System32\oleaut32.dll
3cec.332c: supR3HardenedWinVerifyCacheProcessImportTodos: Processing 'ole32.dll'...
3cec.332c: supR3HardenedWinVerifyCacheProcessImportTodos: 'ole32.dll' -> '\Device\HarddiskVolume3\Windows\System32\ole32.dll' [rcNtRedir=0xc0150008]
3cec.332c: supR3HardenedWinVerifyCacheProcessImportTodos: Processing 'rpcrt4.dll'...
3cec.332c: supR3HardenedWinVerifyCacheProcessImportTodos: 'rpcrt4.dll' -> '\Device\HarddiskVolume3\Windows\System32\rpcrt4.dll' [rcNtRedir=0xc0150008]
3cec.332c: supR3HardenedScreenImage/Imports: cache hit (VINF_SUCCESS) on \Device\HarddiskVolume3\Windows\System32\rpcrt4.dll
3cec.332c: supR3HardenedWinVerifyCacheProcessImportTodos: Processing 'combase.dll'...
3cec.332c: supR3HardenedWinVerifyCacheProcessImportTodos: 'combase.dll' -> '\Device\HarddiskVolume3\Windows\System32\combase.dll' [rcNtRedir=0xc0150008]
3cec.332c: Detected WinVerifyTrust recursion: rc=VINF_SUCCESS '\Device\HarddiskVolume3\Windows\System32\combase.dll'.
3cec.332c: supR3HardenedWinVerifyCacheScheduleImports: Import todo: #3 'rpcrt4.dll'.
3cec.332c: supHardenedWinVerifyImageByHandle: -> 0 (\Device\HarddiskVolume3\Windows\System32\combase.dll)
3cec.332c: supR3HardenedWinVerifyCacheInsert: \Device\HarddiskVolume3\Windows\System32\combase.dll
3cec.332c: supR3HardenedWinVerifyCacheProcessImportTodos: Processing 'msvcp_win.dll'...
3cec.332c: supR3HardenedWinVerifyCacheProcessImportTodos: 'msvcp_win.dll' -> '\Device\HarddiskVolume3\Windows\System32\msvcp_win.dll' [rcNtRedir=0xc0150008]
3cec.332c: supR3HardenedScreenImage/Imports: cache hit (VINF_SUCCESS) on \Device\HarddiskVolume3\Windows\System32\msvcp_win.dll
3cec.332c: supR3HardenedWinVerifyCacheProcessImportTodos: Processing 'rpcrt4.dll'...
3cec.332c: supR3HardenedWinVerifyCacheProcessImportTodos: 'rpcrt4.dll' -> '\Device\HarddiskVolume3\Windows\System32\rpcrt4.dll' [rcNtRedir=0xc0150008]
3cec.332c: supR3HardenedScreenImage/Imports: cache hit (VINF_SUCCESS) on \Device\HarddiskVolume3\Windows\System32\rpcrt4.dll
3cec.332c: supR3HardenedMonitor_LdrLoadDll: returns rcNt=0x0 hMod=00007ff80a140000 'C:\WINDOWS\system32\rsaenh.dll'
3cec.332c: supR3HardenedMonitor_LdrLoadDll: returns rcNt=0x0 hMod=00007ff80b690000 'C:\WINDOWS\System32\crypt32.dll'
3cec.332c: supR3HardenedWinVerifyCacheScheduleImports: Import todo: #0 'msvcp_win.dll'.
3cec.332c: supR3HardenedWinVerifyCacheScheduleImports: Import todo: #44 'gdi32.dll'.
3cec.332c: supR3HardenedWinVerifyCacheScheduleImports: Import todo: #45 'user32.dll'.
3cec.332c: supR3HardenedWinVerifyCacheScheduleImports: Import todo: #46 'combase.dll'.
3cec.332c: supHardenedWinVerifyImageByHandle: -> 0 (\Device\HarddiskVolume3\Windows\System32\ole32.dll) WinVerifyTrust
3cec.332c: supR3HardenedWinVerifyCacheInsert: \Device\HarddiskVolume3\Windows\System32\ole32.dll
3cec.332c: supR3HardenedWinVerifyCacheProcessImportTodos: Processing 'advapi32.dll'...
3cec.332c: supR3HardenedWinVerifyCacheProcessImportTodos: 'advapi32.dll' -> '\Device\HarddiskVolume3\Windows\System32\advapi32.dll' [rcNtRedir=0xc0150008]
3cec.332c: supR3HardenedScreenImage/Imports: cache hit (VINF_SUCCESS) on \Device\HarddiskVolume3\Windows\System32\advapi32.dll
3cec.332c: supR3HardenedWinVerifyCacheProcessImportTodos: Processing 'user32.dll'...
3cec.332c: supR3HardenedWinVerifyCacheProcessImportTodos: 'user32.dll' -> '\Device\HarddiskVolume3\Windows\System32\user32.dll' [rcNtRedir=0xc0150008]
3cec.332c: supR3HardenedWinVerifyCacheProcessImportTodos: Processing 'combase.dll'...
3cec.332c: supR3HardenedWinVerifyCacheProcessImportTodos: 'combase.dll' -> '\Device\HarddiskVolume3\Windows\System32\combase.dll' [rcNtRedir=0xc0150008]
3cec.332c: supR3HardenedScreenImage/Imports: cache hit (VINF_SUCCESS) on \Device\HarddiskVolume3\Windows\System32\combase.dll [lacks WinVerifyTrust]
3cec.332c: supR3HardenedWinVerifyCacheProcessImportTodos: Processing 'user32.dll'...
3cec.332c: supR3HardenedWinVerifyCacheProcessImportTodos: 'user32.dll' -> '\Device\HarddiskVolume3\Windows\System32\user32.dll' [rcNtRedir=0xc0150008]
3cec.332c: Detected WinVerifyTrust recursion: rc=VINF_SUCCESS '\Device\HarddiskVolume3\Windows\System32\user32.dll'.
3cec.332c: supR3HardenedWinVerifyCacheScheduleImports: Import todo: #0 'win32u.dll'.
3cec.332c: supR3HardenedWinVerifyCacheScheduleImports: Import todo: #39 'gdi32.dll'.
3cec.332c: supHardenedWinVerifyImageByHandle: -> 0 (\Device\HarddiskVolume3\Windows\System32\user32.dll)
3cec.332c: supR3HardenedWinVerifyCacheInsert: \Device\HarddiskVolume3\Windows\System32\user32.dll
3cec.332c: supR3HardenedWinVerifyCacheProcessImportTodos: Processing 'gdi32.dll'...
3cec.332c: supR3HardenedWinVerifyCacheProcessImportTodos: 'gdi32.dll' -> '\Device\HarddiskVolume3\Windows\System32\gdi32.dll' [rcNtRedir=0xc0150008]
3cec.332c: Detected WinVerifyTrust recursion: rc=VINF_SUCCESS '\Device\HarddiskVolume3\Windows\System32\gdi32.dll'.
3cec.332c: supR3HardenedWinVerifyCacheScheduleImports: Import todo: #9 'win32u.dll'.
3cec.332c: supHardenedWinVerifyImageByHandle: -> 0 (\Device\HarddiskVolume3\Windows\System32\gdi32.dll)
3cec.332c: supR3HardenedWinVerifyCacheInsert: \Device\HarddiskVolume3\Windows\System32\gdi32.dll
3cec.332c: supR3HardenedWinVerifyCacheProcessImportTodos: Processing 'msvcp_win.dll'...
3cec.332c: supR3HardenedWinVerifyCacheProcessImportTodos: 'msvcp_win.dll' -> '\Device\HarddiskVolume3\Windows\System32\msvcp_win.dll' [rcNtRedir=0xc0150008]
3cec.332c: supR3HardenedScreenImage/Imports: cache hit (VINF_SUCCESS) on \Device\HarddiskVolume3\Windows\System32\msvcp_win.dll
3cec.332c: supR3HardenedWinVerifyCacheProcessImportTodos: Processing 'win32u.dll'...
3cec.332c: supR3HardenedWinVerifyCacheProcessImportTodos: 'win32u.dll' -> '\Device\HarddiskVolume3\Windows\System32\win32u.dll' [rcNtRedir=0xc0150008]
3cec.332c: Detected WinVerifyTrust recursion: rc=VINF_SUCCESS '\Device\HarddiskVolume3\Windows\System32\win32u.dll'.
3cec.332c: supHardenedWinVerifyImageByHandle: -> 0 (\Device\HarddiskVolume3\Windows\System32\win32u.dll)
3cec.332c: supR3HardenedWinVerifyCacheInsert: \Device\HarddiskVolume3\Windows\System32\win32u.dll
3cec.332c: supR3HardenedWinVerifyCacheProcessImportTodos: Processing 'gdi32.dll'...
3cec.332c: supR3HardenedWinVerifyCacheProcessImportTodos: 'gdi32.dll' -> '\Device\HarddiskVolume3\Windows\System32\gdi32.dll' [rcNtRedir=0xc0150008]
3cec.332c: supR3HardenedScreenImage/Imports: cache hit (VINF_SUCCESS) on \Device\HarddiskVolume3\Windows\System32\gdi32.dll [lacks WinVerifyTrust]
3cec.332c: supR3HardenedWinVerifyCacheProcessImportTodos: Processing 'win32u.dll'...
3cec.332c: supR3HardenedWinVerifyCacheProcessImportTodos: 'win32u.dll' -> '\Device\HarddiskVolume3\Windows\System32\win32u.dll' [rcNtRedir=0xc0150008]
3cec.332c: supR3HardenedScreenImage/Imports: cache hit (VINF_SUCCESS) on \Device\HarddiskVolume3\Windows\System32\win32u.dll [lacks WinVerifyTrust]
3cec.332c: supR3HardenedMonitor_LdrLoadDll: returns rcNt=0x0 hMod=00007ff80a140000 'C:\WINDOWS\system32\rsaenh.dll'
3cec.332c: supR3HardenedMonitor_LdrLoadDll: returns rcNt=0x0 hMod=00007ff80b690000 'C:\WINDOWS\System32\crypt32.dll'
3cec.332c: supR3HardenedWinVerifyCacheScheduleImports: Import todo: #0 'win32u.dll'.
3cec.332c: supR3HardenedWinVerifyCacheScheduleImports: Import todo: #39 'gdi32.dll'.
3cec.332c: supHardenedWinVerifyImageByHandle: -> 0 (\Device\HarddiskVolume3\Windows\System32\user32.dll) WinVerifyTrust
3cec.332c: supR3HardenedWinVerifyCacheProcessImportTodos: Processing 'qt6widgetsvbox.dll'...
3cec.332c: supR3HardenedWinVerifyCacheProcessImportTodos: 'qt6widgetsvbox.dll' -> '\Device\HarddiskVolume3\Program Files\Oracle\VirtualBox\qt6widgetsvbox.dll' [rcNtRedir=0xc0150008]
3cec.332c: supR3HardenedWinVerifyCacheProcessImportTodos: Processing 'gdi32.dll'...
3cec.332c: supR3HardenedWinVerifyCacheProcessImportTodos: 'gdi32.dll' -> '\Device\HarddiskVolume3\Windows\System32\gdi32.dll' [rcNtRedir=0xc0150008]
3cec.332c: supR3HardenedScreenImage/Imports: cache hit (VINF_SUCCESS) on \Device\HarddiskVolume3\Windows\System32\gdi32.dll [lacks WinVerifyTrust]
3cec.332c: supR3HardenedWinVerifyCacheProcessImportTodos: Processing 'win32u.dll'...
3cec.332c: supR3HardenedWinVerifyCacheProcessImportTodos: 'win32u.dll' -> '\Device\HarddiskVolume3\Windows\System32\win32u.dll' [rcNtRedir=0xc0150008]
3cec.332c: supR3HardenedScreenImage/Imports: cache hit (VINF_SUCCESS) on \Device\HarddiskVolume3\Windows\System32\win32u.dll [lacks WinVerifyTrust]
3cec.332c: supR3HardenedMonitor_LdrLoadDll: returns rcNt=0x0 hMod=00007ff80a140000 'C:\WINDOWS\system32\rsaenh.dll'
3cec.332c: supR3HardenedMonitor_LdrLoadDll: returns rcNt=0x0 hMod=00007ff80b690000 'C:\WINDOWS\System32\crypt32.dll'
3cec.332c: supR3HardenedWinVerifyCacheScheduleImports: Import todo: #0 'dwmapi.dll'.
3cec.332c: supR3HardenedWinVerifyCacheScheduleImports: Import todo: #1 'uxtheme.dll'.
3cec.332c: supR3HardenedWinVerifyCacheScheduleImports: Import todo: #2 'qt6guivbox.dll'.
3cec.332c: supR3HardenedWinVerifyCacheScheduleImports: Import todo: #3 'qt6corevbox.dll'.
3cec.332c: supR3HardenedWinVerifyCacheScheduleImports: Import todo: #5 'user32.dll'.
3cec.332c: supR3HardenedWinVerifyCacheScheduleImports: Import todo: #6 'gdi32.dll'.
3cec.332c: supR3HardenedWinVerifyCacheScheduleImports: Import todo: #7 'msvcp140.dll'.
3cec.332c: supR3HardenedWinVerifyCacheScheduleImports: Import todo: #8 'msvcp140_1.dll'.
3cec.332c: supR3HardenedWinVerifyCacheScheduleImports: Import todo: #9 'vcruntime140.dll'.
3cec.332c: supR3HardenedWinVerifyCacheScheduleImports: Import todo: #10 'vcruntime140_1.dll'.
3cec.332c: supHardenedWinVerifyImageByHandle: -> 0 (\Device\HarddiskVolume3\Program Files\Oracle\VirtualBox\Qt6WidgetsVBox.dll) WinVerifyTrust
3cec.332c: supR3HardenedWinVerifyCacheInsert: \Device\HarddiskVolume3\Program Files\Oracle\VirtualBox\Qt6WidgetsVBox.dll
3cec.332c: supR3HardenedWinVerifyCacheProcessImportTodos: Processing 'qt6guivbox.dll'...
3cec.332c: supR3HardenedWinVerifyCacheProcessImportTodos: 'qt6guivbox.dll' -> '\Device\HarddiskVolume3\Program Files\Oracle\VirtualBox\qt6guivbox.dll' [rcNtRedir=0xc0150008]
3cec.332c: supR3HardenedWinVerifyCacheProcessImportTodos: Processing 'vcruntime140_1.dll'...
3cec.332c: supR3HardenedWinVerifyCacheProcessImportTodos: 'vcruntime140_1.dll' -> '\Device\HarddiskVolume3\Windows\System32\vcruntime140_1.dll' [rcNtRedir=0xc0150008]
3cec.332c: supR3HardenedScreenImage/Imports: cache hit (VINF_SUCCESS) on \Device\HarddiskVolume3\Windows\System32\vcruntime140_1.dll
3cec.332c: supR3HardenedWinVerifyCacheProcessImportTodos: Processing 'vcruntime140.dll'...
3cec.332c: supR3HardenedWinVerifyCacheProcessImportTodos: 'vcruntime140.dll' -> '\Device\HarddiskVolume3\Windows\System32\vcruntime140.dll' [rcNtRedir=0xc0150008]
3cec.332c: supR3HardenedScreenImage/Imports: cache hit (VINF_SUCCESS) on \Device\HarddiskVolume3\Windows\System32\vcruntime140.dll
3cec.332c: supR3HardenedWinVerifyCacheProcessImportTodos: Processing 'msvcp140_1.dll'...
3cec.332c: supR3HardenedWinVerifyCacheProcessImportTodos: 'msvcp140_1.dll' -> '\Device\HarddiskVolume3\Windows\System32\msvcp140_1.dll' [rcNtRedir=0xc0150008]
3cec.332c: Detected WinVerifyTrust recursion: rc=VINF_SUCCESS '\Device\HarddiskVolume3\Windows\System32\msvcp140_1.dll'.
3cec.332c: supR3HardenedWinVerifyCacheScheduleImports: Import todo: #0 'msvcp140.dll'.
3cec.332c: supR3HardenedWinVerifyCacheScheduleImports: Import todo: #1 'vcruntime140.dll'.
3cec.332c: supHardenedWinVerifyImageByHandle: -> 0 (\Device\HarddiskVolume3\Windows\System32\msvcp140_1.dll)
3cec.332c: supR3HardenedWinVerifyCacheInsert: \Device\HarddiskVolume3\Windows\System32\msvcp140_1.dll
3cec.332c: supR3HardenedWinVerifyCacheProcessImportTodos: Processing 'msvcp140.dll'...
3cec.332c: supR3HardenedWinVerifyCacheProcessImportTodos: 'msvcp140.dll' -> '\Device\HarddiskVolume3\Windows\System32\msvcp140.dll' [rcNtRedir=0xc0150008]
3cec.332c: supR3HardenedScreenImage/Imports: cache hit (VINF_SUCCESS) on \Device\HarddiskVolume3\Windows\System32\msvcp140.dll
3cec.332c: supR3HardenedWinVerifyCacheProcessImportTodos: Processing 'gdi32.dll'...
3cec.332c: supR3HardenedWinVerifyCacheProcessImportTodos: 'gdi32.dll' -> '\Device\HarddiskVolume3\Windows\System32\gdi32.dll' [rcNtRedir=0xc0150008]
3cec.332c: supR3HardenedScreenImage/Imports: cache hit (VINF_SUCCESS) on \Device\HarddiskVolume3\Windows\System32\gdi32.dll [lacks WinVerifyTrust]
3cec.332c: supR3HardenedWinVerifyCacheProcessImportTodos: Processing 'user32.dll'...
3cec.332c: supR3HardenedWinVerifyCacheProcessImportTodos: 'user32.dll' -> '\Device\HarddiskVolume3\Windows\System32\user32.dll' [rcNtRedir=0xc0150008]
3cec.332c: supR3HardenedScreenImage/Imports: cache hit (VINF_SUCCESS) on \Device\HarddiskVolume3\Windows\System32\user32.dll [lacks WinVerifyTrust]
3cec.332c: supR3HardenedWinVerifyCacheProcessImportTodos: Processing 'qt6corevbox.dll'...
3cec.332c: supR3HardenedWinVerifyCacheProcessImportTodos: 'qt6corevbox.dll' -> '\Device\HarddiskVolume3\Program Files\Oracle\VirtualBox\qt6corevbox.dll' [rcNtRedir=0xc0150008]
3cec.332c: Detected WinVerifyTrust recursion: rc=VINF_SUCCESS '\Device\HarddiskVolume3\Program Files\Oracle\VirtualBox\Qt6CoreVBox.dll'.
3cec.332c: supR3HardenedWinVerifyCacheScheduleImports: Import todo: #1 'mpr.dll'.
3cec.332c: supR3HardenedWinVerifyCacheScheduleImports: Import todo: #2 'userenv.dll'.
3cec.332c: supR3HardenedWinVerifyCacheScheduleImports: Import todo: #3 'advapi32.dll'.
3cec.332c: supR3HardenedWinVerifyCacheScheduleImports: Import todo: #4 'authz.dll'.
3cec.332c: supR3HardenedWinVerifyCacheScheduleImports: Import todo: #6 'netapi32.dll'.
3cec.332c: supR3HardenedWinVerifyCacheScheduleImports: Import todo: #7 'ole32.dll'.
3cec.332c: supR3HardenedWinVerifyCacheScheduleImports: Import todo: #8 'shell32.dll'.
3cec.332c: supR3HardenedWinVerifyCacheScheduleImports: Import todo: #9 'user32.dll'.
3cec.332c: supR3HardenedWinVerifyCacheScheduleImports: Import todo: #10 'version.dll'.
3cec.332c: supR3HardenedWinVerifyCacheScheduleImports: Import todo: #11 'winmm.dll'.
3cec.332c: supR3HardenedWinVerifyCacheScheduleImports: Import todo: #12 'ws2_32.dll'.
3cec.332c: supR3HardenedWinVerifyCacheScheduleImports: Import todo: #13 'msvcp140.dll'.
3cec.332c: supR3HardenedWinVerifyCacheScheduleImports: Import todo: #14 'msvcp140_1.dll'.
3cec.332c: supR3HardenedWinVerifyCacheScheduleImports: Import todo: #15 'vcruntime140_1.dll'.
3cec.332c: supR3HardenedWinVerifyCacheScheduleImports: Import todo: #16 'vcruntime140.dll'.
3cec.332c: supHardenedWinVerifyImageByHandle: -> 0 (\Device\HarddiskVolume3\Program Files\Oracle\VirtualBox\Qt6CoreVBox.dll)
3cec.332c: supR3HardenedWinVerifyCacheInsert: \Device\HarddiskVolume3\Program Files\Oracle\VirtualBox\Qt6CoreVBox.dll
3cec.332c: supR3HardenedWinVerifyCacheProcessImportTodos: Processing 'qt6guivbox.dll'...
3cec.332c: supR3HardenedWinVerifyCacheProcessImportTodos: 'qt6guivbox.dll' -> '\Device\HarddiskVolume3\Program Files\Oracle\VirtualBox\qt6guivbox.dll' [rcNtRedir=0xc0150008]
3cec.332c: Detected WinVerifyTrust recursion: rc=VINF_SUCCESS '\Device\HarddiskVolume3\Program Files\Oracle\VirtualBox\Qt6GuiVBox.dll'.
3cec.332c: supR3HardenedWinVerifyCacheScheduleImports: Import todo: #0 'd3d11.dll'.
3cec.332c: supR3HardenedWinVerifyCacheScheduleImports: Import todo: #1 'dxgi.dll'.
3cec.332c: supR3HardenedWinVerifyCacheScheduleImports: Import todo: #2 'd3d12.dll'.
3cec.332c: supR3HardenedWinVerifyCacheScheduleImports: Import todo: #3 'gdi32.dll'.
3cec.332c: supR3HardenedWinVerifyCacheScheduleImports: Import todo: #4 'ole32.dll'.
3cec.332c: supR3HardenedWinVerifyCacheScheduleImports: Import todo: #5 'shell32.dll'.
3cec.332c: supR3HardenedWinVerifyCacheScheduleImports: Import todo: #6 'user32.dll'.
3cec.332c: supR3HardenedWinVerifyCacheScheduleImports: Import todo: #7 'uxtheme.dll'.
3cec.332c: supR3HardenedWinVerifyCacheScheduleImports: Import todo: #8 'dwrite.dll'.
3cec.332c: supR3HardenedWinVerifyCacheScheduleImports: Import todo: #9 'qt6corevbox.dll'.
3cec.332c: supR3HardenedWinVerifyCacheScheduleImports: Import todo: #11 'msvcp140.dll'.
3cec.332c: supR3HardenedWinVerifyCacheScheduleImports: Import todo: #12 'msvcp140_1.dll'.
3cec.332c: supR3HardenedWinVerifyCacheScheduleImports: Import todo: #13 'msvcp140_2.dll'.
3cec.332c: supR3HardenedWinVerifyCacheScheduleImports: Import todo: #14 'vcruntime140.dll'.
3cec.332c: supR3HardenedWinVerifyCacheScheduleImports: Import todo: #15 'vcruntime140_1.dll'.
3cec.332c: supHardenedWinVerifyImageByHandle: -> 0 (\Device\HarddiskVolume3\Program Files\Oracle\VirtualBox\Qt6GuiVBox.dll)
3cec.332c: supR3HardenedWinVerifyCacheInsert: \Device\HarddiskVolume3\Program Files\Oracle\VirtualBox\Qt6GuiVBox.dll
3cec.332c: supR3HardenedWinVerifyCacheProcessImportTodos: Processing 'uxtheme.dll'...
3cec.332c: supR3HardenedWinVerifyCacheProcessImportTodos: 'uxtheme.dll' -> '\Device\HarddiskVolume3\Windows\System32\uxtheme.dll' [rcNtRedir=0xc0150008]
3cec.332c: Detected WinVerifyTrust recursion: rc=22900 '\Device\HarddiskVolume3\Windows\System32\uxtheme.dll'.
3cec.332c: supR3HardenedWinVerifyCacheScheduleImports: Import todo: #39 'gdi32.dll'.
3cec.332c: supR3HardenedWinVerifyCacheScheduleImports: Import todo: #40 'user32.dll'.
3cec.332c: supHardenedWinVerifyImageByHandle: -> 22900 (\Device\HarddiskVolume3\Windows\System32\uxtheme.dll)
3cec.332c: supR3HardenedWinVerifyCacheInsert: \Device\HarddiskVolume3\Windows\System32\uxtheme.dll
3cec.332c: supR3HardenedWinVerifyCacheProcessImportTodos: Processing 'dwmapi.dll'...
3cec.332c: supR3HardenedWinVerifyCacheProcessImportTodos: 'dwmapi.dll' -> '\Device\HarddiskVolume3\Windows\System32\dwmapi.dll' [rcNtRedir=0xc0150008]
3cec.332c: Detected WinVerifyTrust recursion: rc=VINF_SUCCESS '\Device\HarddiskVolume3\Windows\System32\dwmapi.dll'.
3cec.332c: supR3HardenedWinVerifyCacheScheduleImports: Import todo: #24 'win32u.dll'.
3cec.332c: supR3HardenedWinVerifyCacheScheduleImports: Import todo: #25 'user32.dll'.
3cec.332c: supR3HardenedWinVerifyCacheScheduleImports: Import todo: #26 'gdi32.dll'.
3cec.332c: supHardenedWinVerifyImageByHandle: -> 0 (\Device\HarddiskVolume3\Windows\System32\dwmapi.dll)
3cec.332c: supR3HardenedWinVerifyCacheInsert: \Device\HarddiskVolume3\Windows\System32\dwmapi.dll
3cec.332c: supR3HardenedWinVerifyCacheProcessImportTodos: Processing 'gdi32.dll'...
3cec.332c: supR3HardenedWinVerifyCacheProcessImportTodos: 'gdi32.dll' -> '\Device\HarddiskVolume3\Windows\System32\gdi32.dll' [rcNtRedir=0xc0150008]
3cec.332c: supR3HardenedScreenImage/Imports: cache hit (VINF_SUCCESS) on \Device\HarddiskVolume3\Windows\System32\gdi32.dll [lacks WinVerifyTrust]
3cec.332c: supR3HardenedWinVerifyCacheProcessImportTodos: Processing 'user32.dll'...
3cec.332c: supR3HardenedWinVerifyCacheProcessImportTodos: 'user32.dll' -> '\Device\HarddiskVolume3\Windows\System32\user32.dll' [rcNtRedir=0xc0150008]
3cec.332c: supR3HardenedScreenImage/Imports: cache hit (VINF_SUCCESS) on \Device\HarddiskVolume3\Windows\System32\user32.dll [lacks WinVerifyTrust]
3cec.332c: supR3HardenedWinVerifyCacheProcessImportTodos: Processing 'win32u.dll'...
3cec.332c: supR3HardenedWinVerifyCacheProcessImportTodos: 'win32u.dll' -> '\Device\HarddiskVolume3\Windows\System32\win32u.dll' [rcNtRedir=0xc0150008]
3cec.332c: supR3HardenedScreenImage/Imports: cache hit (VINF_SUCCESS) on \Device\HarddiskVolume3\Windows\System32\win32u.dll [lacks WinVerifyTrust]
3cec.332c: supR3HardenedWinVerifyCacheProcessImportTodos: Processing 'user32.dll'...
3cec.332c: supR3HardenedWinVerifyCacheProcessImportTodos: 'user32.dll' -> '\Device\HarddiskVolume3\Windows\System32\user32.dll' [rcNtRedir=0xc0150008]
3cec.332c: supR3HardenedScreenImage/Imports: cache hit (VINF_SUCCESS) on \Device\HarddiskVolume3\Windows\System32\user32.dll [lacks WinVerifyTrust]
3cec.332c: supR3HardenedWinVerifyCacheProcessImportTodos: Processing 'gdi32.dll'...
3cec.332c: supR3HardenedWinVerifyCacheProcessImportTodos: 'gdi32.dll' -> '\Device\HarddiskVolume3\Windows\System32\gdi32.dll' [rcNtRedir=0xc0150008]
3cec.332c: supR3HardenedScreenImage/Imports: cache hit (VINF_SUCCESS) on \Device\HarddiskVolume3\Windows\System32\gdi32.dll [lacks WinVerifyTrust]
3cec.332c: supR3HardenedWinVerifyCacheProcessImportTodos: Processing 'vcruntime140_1.dll'...
3cec.332c: supR3HardenedWinVerifyCacheProcessImportTodos: 'vcruntime140_1.dll' -> '\Device\HarddiskVolume3\Windows\System32\vcruntime140_1.dll' [rcNtRedir=0xc0150008]
3cec.332c: supR3HardenedScreenImage/Imports: cache hit (VINF_SUCCESS) on \Device\HarddiskVolume3\Windows\System32\vcruntime140_1.dll
3cec.332c: supR3HardenedWinVerifyCacheProcessImportTodos: Processing 'vcruntime140.dll'...
3cec.332c: supR3HardenedWinVerifyCacheProcessImportTodos: 'vcruntime140.dll' -> '\Device\HarddiskVolume3\Windows\System32\vcruntime140.dll' [rcNtRedir=0xc0150008]
3cec.332c: supR3HardenedScreenImage/Imports: cache hit (VINF_SUCCESS) on \Device\HarddiskVolume3\Windows\System32\vcruntime140.dll
3cec.332c: supR3HardenedWinVerifyCacheProcessImportTodos: Processing 'msvcp140_2.dll'...
3cec.332c: supR3HardenedWinVerifyCacheProcessImportTodos: 'msvcp140_2.dll' -> '\Device\HarddiskVolume3\Windows\System32\msvcp140_2.dll' [rcNtRedir=0xc0150008]
3cec.332c: Detected WinVerifyTrust recursion: rc=VINF_SUCCESS '\Device\HarddiskVolume3\Windows\System32\msvcp140_2.dll'.
3cec.332c: supR3HardenedWinVerifyCacheScheduleImports: Import todo: #0 'msvcp140.dll'.
3cec.332c: supR3HardenedWinVerifyCacheScheduleImports: Import todo: #1 'vcruntime140.dll'.
3cec.332c: supR3HardenedWinVerifyCacheScheduleImports: Import todo: #2 'vcruntime140_1.dll'.
3cec.332c: supHardenedWinVerifyImageByHandle: -> 0 (\Device\HarddiskVolume3\Windows\System32\msvcp140_2.dll)
3cec.332c: supR3HardenedWinVerifyCacheInsert: \Device\HarddiskVolume3\Windows\System32\msvcp140_2.dll
3cec.332c: supR3HardenedWinVerifyCacheProcessImportTodos: Processing 'msvcp140_1.dll'...
3cec.332c: supR3HardenedWinVerifyCacheProcessImportTodos: 'msvcp140_1.dll' -> '\Device\HarddiskVolume3\Windows\System32\msvcp140_1.dll' [rcNtRedir=0xc0150008]
3cec.332c: supR3HardenedScreenImage/Imports: cache hit (VINF_SUCCESS) on \Device\HarddiskVolume3\Windows\System32\msvcp140_1.dll [lacks WinVerifyTrust]
3cec.332c: supR3HardenedWinVerifyCacheProcessImportTodos: Processing 'msvcp140.dll'...
3cec.332c: supR3HardenedWinVerifyCacheProcessImportTodos: 'msvcp140.dll' -> '\Device\HarddiskVolume3\Windows\System32\msvcp140.dll' [rcNtRedir=0xc0150008]
3cec.332c: supR3HardenedScreenImage/Imports: cache hit (VINF_SUCCESS) on \Device\HarddiskVolume3\Windows\System32\msvcp140.dll
3cec.332c: supR3HardenedWinVerifyCacheProcessImportTodos: Processing 'qt6corevbox.dll'...
3cec.332c: supR3HardenedWinVerifyCacheProcessImportTodos: 'qt6corevbox.dll' -> '\Device\HarddiskVolume3\Program Files\Oracle\VirtualBox\qt6corevbox.dll' [rcNtRedir=0xc0150008]
3cec.332c: supR3HardenedScreenImage/Imports: cache hit (VINF_SUCCESS) on \Device\HarddiskVolume3\Program Files\Oracle\VirtualBox\Qt6CoreVBox.dll [lacks WinVerifyTrust]
3cec.332c: supR3HardenedWinVerifyCacheProcessImportTodos: Processing 'dwrite.dll'...
3cec.332c: supR3HardenedWinVerifyCacheProcessImportTodos: 'dwrite.dll' -> '\Device\HarddiskVolume3\Windows\System32\dwrite.dll' [rcNtRedir=0xc0150008]
3cec.332c: Detected WinVerifyTrust recursion: rc=22900 '\Device\HarddiskVolume3\Windows\System32\DWrite.dll'.
3cec.332c: supR3HardenedWinVerifyCacheScheduleImports: Import todo: #22 'rpcrt4.dll'.
3cec.332c: supR3HardenedWinVerifyCacheScheduleImports: Import todo: #28 'msvcp_win.dll'.
3cec.332c: supHardenedWinVerifyImageByHandle: -> 22900 (\Device\HarddiskVolume3\Windows\System32\DWrite.dll)
3cec.332c: supR3HardenedWinVerifyCacheInsert: \Device\HarddiskVolume3\Windows\System32\DWrite.dll
3cec.332c: supR3HardenedWinVerifyCacheProcessImportTodos: Processing 'uxtheme.dll'...
3cec.332c: supR3HardenedWinVerifyCacheProcessImportTodos: 'uxtheme.dll' -> '\Device\HarddiskVolume3\Windows\System32\uxtheme.dll' [rcNtRedir=0xc0150008]
3cec.332c: supR3HardenedScreenImage/Imports: cache hit (22900) on \Device\HarddiskVolume3\Windows\System32\uxtheme.dll [lacks WinVerifyTrust]
3cec.332c: supR3HardenedWinVerifyCacheProcessImportTodos: Processing 'user32.dll'...
3cec.332c: supR3HardenedWinVerifyCacheProcessImportTodos: 'user32.dll' -> '\Device\HarddiskVolume3\Windows\System32\user32.dll' [rcNtRedir=0xc0150008]
3cec.332c: supR3HardenedScreenImage/Imports: cache hit (VINF_SUCCESS) on \Device\HarddiskVolume3\Windows\System32\user32.dll [lacks WinVerifyTrust]
3cec.332c: supR3HardenedWinVerifyCacheProcessImportTodos: Processing 'shell32.dll'...
3cec.332c: supR3HardenedWinVerifyCacheProcessImportTodos: 'shell32.dll' -> '\Device\HarddiskVolume3\Windows\System32\shell32.dll' [rcNtRedir=0xc0150008]
3cec.332c: Detected WinVerifyTrust recursion: rc=VINF_SUCCESS '\Device\HarddiskVolume3\Windows\System32\shell32.dll'.
3cec.332c: supR3HardenedWinVerifyCacheScheduleImports: Import todo: #0 'msvcp_win.dll'.
3cec.332c: supR3HardenedWinVerifyCacheScheduleImports: Import todo: #71 'user32.dll'.
3cec.332c: supR3HardenedWinVerifyCacheScheduleImports: Import todo: #73 'gdi32.dll'.
3cec.332c: supHardenedWinVerifyImageByHandle: -> 0 (\Device\HarddiskVolume3\Windows\System32\shell32.dll)
3cec.332c: supR3HardenedWinVerifyCacheInsert: \Device\HarddiskVolume3\Windows\System32\shell32.dll
3cec.332c: supR3HardenedWinVerifyCacheProcessImportTodos: Processing 'ole32.dll'...
3cec.332c: supR3HardenedWinVerifyCacheProcessImportTodos: 'ole32.dll' -> '\Device\HarddiskVolume3\Windows\System32\ole32.dll' [rcNtRedir=0xc0150008]
3cec.332c: supR3HardenedScreenImage/Imports: cache hit (VINF_SUCCESS) on \Device\HarddiskVolume3\Windows\System32\ole32.dll
3cec.332c: supR3HardenedWinVerifyCacheProcessImportTodos: Processing 'gdi32.dll'...
3cec.332c: supR3HardenedWinVerifyCacheProcessImportTodos: 'gdi32.dll' -> '\Device\HarddiskVolume3\Windows\System32\gdi32.dll' [rcNtRedir=0xc0150008]
3cec.332c: supR3HardenedScreenImage/Imports: cache hit (VINF_SUCCESS) on \Device\HarddiskVolume3\Windows\System32\gdi32.dll [lacks WinVerifyTrust]
3cec.332c: supR3HardenedWinVerifyCacheProcessImportTodos: Processing 'd3d12.dll'...
3cec.332c: supR3HardenedWinVerifyCacheProcessImportTodos: 'd3d12.dll' -> '\Device\HarddiskVolume3\Windows\System32\d3d12.dll' [rcNtRedir=0xc0150008]
3cec.332c: Detected WinVerifyTrust recursion: rc=VINF_SUCCESS '\Device\HarddiskVolume3\Windows\System32\D3D12.dll'.
3cec.332c: supR3HardenedWinVerifyCacheScheduleImports: Import todo: #0 'msvcp_win.dll'.
3cec.332c: supHardenedWinVerifyImageByHandle: -> 0 (\Device\HarddiskVolume3\Windows\System32\D3D12.dll)
3cec.332c: supR3HardenedWinVerifyCacheInsert: \Device\HarddiskVolume3\Windows\System32\D3D12.dll
3cec.332c: supR3HardenedWinVerifyCacheProcessImportTodos: Processing 'dxgi.dll'...
3cec.332c: supR3HardenedWinVerifyCacheProcessImportTodos: 'dxgi.dll' -> '\Device\HarddiskVolume3\Windows\System32\dxgi.dll' [rcNtRedir=0xc0150008]
3cec.332c: Detected WinVerifyTrust recursion: rc=VINF_SUCCESS '\Device\HarddiskVolume3\Windows\System32\dxgi.dll'.
3cec.332c: supR3HardenedWinVerifyCacheScheduleImports: Import todo: #0 'msvcp_win.dll'.
3cec.332c: supR3HardenedWinVerifyCacheScheduleImports: Import todo: #6 'win32u.dll'.
3cec.332c: supHardenedWinVerifyImageByHandle: -> 0 (\Device\HarddiskVolume3\Windows\System32\dxgi.dll)
3cec.332c: supR3HardenedWinVerifyCacheInsert: \Device\HarddiskVolume3\Windows\System32\dxgi.dll
3cec.332c: supR3HardenedWinVerifyCacheProcessImportTodos: Processing 'd3d11.dll'...
3cec.332c: supR3HardenedWinVerifyCacheProcessImportTodos: 'd3d11.dll' -> '\Device\HarddiskVolume3\Windows\System32\d3d11.dll' [rcNtRedir=0xc0150008]
3cec.332c: Detected WinVerifyTrust recursion: rc=VINF_SUCCESS '\Device\HarddiskVolume3\Windows\System32\d3d11.dll'.
3cec.332c: supR3HardenedWinVerifyCacheScheduleImports: Import todo: #0 'msvcp_win.dll'.
3cec.332c: supR3HardenedWinVerifyCacheScheduleImports: Import todo: #29 'dxgi.dll'.
3cec.332c: supR3HardenedWinVerifyCacheScheduleImports: Import todo: #31 'win32u.dll'.
3cec.332c: supHardenedWinVerifyImageByHandle: -> 0 (\Device\HarddiskVolume3\Windows\System32\d3d11.dll)
3cec.332c: supR3HardenedWinVerifyCacheInsert: \Device\HarddiskVolume3\Windows\System32\d3d11.dll
3cec.332c: supR3HardenedWinVerifyCacheProcessImportTodos: Processing 'vcruntime140.dll'...
3cec.332c: supR3HardenedWinVerifyCacheProcessImportTodos: 'vcruntime140.dll' -> '\Device\HarddiskVolume3\Windows\System32\vcruntime140.dll' [rcNtRedir=0xc0150008]
3cec.332c: supR3HardenedWinVerifyCacheProcessImportTodos: Processing 'vcruntime140_1.dll'...
3cec.332c: supR3HardenedWinVerifyCacheProcessImportTodos: 'vcruntime140_1.dll' -> '\Device\HarddiskVolume3\Windows\System32\vcruntime140_1.dll' [rcNtRedir=0xc0150008]
3cec.332c: supR3HardenedScreenImage/Imports: cache hit (VINF_SUCCESS) on \Device\HarddiskVolume3\Windows\System32\vcruntime140_1.dll
3cec.332c: supR3HardenedWinVerifyCacheProcessImportTodos: Processing 'msvcp140_1.dll'...
3cec.332c: supR3HardenedWinVerifyCacheProcessImportTodos: 'msvcp140_1.dll' -> '\Device\HarddiskVolume3\Windows\System32\msvcp140_1.dll' [rcNtRedir=0xc0150008]
3cec.332c: supR3HardenedScreenImage/Imports: cache hit (VINF_SUCCESS) on \Device\HarddiskVolume3\Windows\System32\msvcp140_1.dll [lacks WinVerifyTrust]
3cec.332c: supR3HardenedWinVerifyCacheProcessImportTodos: Processing 'msvcp140.dll'...
3cec.332c: supR3HardenedWinVerifyCacheProcessImportTodos: 'msvcp140.dll' -> '\Device\HarddiskVolume3\Windows\System32\msvcp140.dll' [rcNtRedir=0xc0150008]
3cec.332c: supR3HardenedScreenImage/Imports: cache hit (VINF_SUCCESS) on \Device\HarddiskVolume3\Windows\System32\msvcp140.dll
3cec.332c: supR3HardenedWinVerifyCacheProcessImportTodos: Processing 'ws2_32.dll'...
3cec.332c: supR3HardenedWinVerifyCacheProcessImportTodos: 'ws2_32.dll' -> '\Device\HarddiskVolume3\Windows\System32\ws2_32.dll' [rcNtRedir=0xc0150008]
3cec.332c: supR3HardenedScreenImage/Imports: cache hit (VINF_SUCCESS) on \Device\HarddiskVolume3\Windows\System32\ws2_32.dll
3cec.332c: supR3HardenedWinVerifyCacheProcessImportTodos: Processing 'winmm.dll'...
3cec.332c: supR3HardenedWinVerifyCacheProcessImportTodos: 'winmm.dll' -> '\Device\HarddiskVolume3\Windows\System32\winmm.dll' [rcNtRedir=0xc0150008]
3cec.332c: supR3HardenedScreenImage/Imports: cache hit (VINF_SUCCESS) on \Device\HarddiskVolume3\Windows\System32\winmm.dll
3cec.332c: supR3HardenedWinVerifyCacheProcessImportTodos: Processing 'version.dll'...
3cec.332c: supR3HardenedWinVerifyCacheProcessImportTodos: 'version.dll' -> '\Device\HarddiskVolume3\Windows\System32\version.dll' [rcNtRedir=0xc0150008]
3cec.332c: Detected WinVerifyTrust recursion: rc=VINF_SUCCESS '\Device\HarddiskVolume3\Windows\System32\version.dll'.
3cec.332c: supR3HardenedWinVerifyCacheScheduleImports: Import todo: #0 'msvcrt.dll'.
3cec.332c: supHardenedWinVerifyImageByHandle: -> 0 (\Device\HarddiskVolume3\Windows\System32\version.dll)
3cec.332c: supR3HardenedWinVerifyCacheInsert: \Device\HarddiskVolume3\Windows\System32\version.dll
3cec.332c: supR3HardenedWinVerifyCacheProcessImportTodos: Processing 'user32.dll'...
3cec.332c: supR3HardenedWinVerifyCacheProcessImportTodos: 'user32.dll' -> '\Device\HarddiskVolume3\Windows\System32\user32.dll' [rcNtRedir=0xc0150008]
3cec.332c: supR3HardenedScreenImage/Imports: cache hit (VINF_SUCCESS) on \Device\HarddiskVolume3\Windows\System32\user32.dll [lacks WinVerifyTrust]
3cec.332c: supR3HardenedWinVerifyCacheProcessImportTodos: Processing 'shell32.dll'...
3cec.332c: supR3HardenedWinVerifyCacheProcessImportTodos: 'shell32.dll' -> '\Device\HarddiskVolume3\Windows\System32\shell32.dll' [rcNtRedir=0xc0150008]
3cec.332c: supR3HardenedScreenImage/Imports: cache hit (VINF_SUCCESS) on \Device\HarddiskVolume3\Windows\System32\shell32.dll [lacks WinVerifyTrust]
3cec.332c: supR3HardenedWinVerifyCacheProcessImportTodos: Processing 'ole32.dll'...
3cec.332c: supR3HardenedWinVerifyCacheProcessImportTodos: 'ole32.dll' -> '\Device\HarddiskVolume3\Windows\System32\ole32.dll' [rcNtRedir=0xc0150008]
3cec.332c: supR3HardenedScreenImage/Imports: cache hit (VINF_SUCCESS) on \Device\HarddiskVolume3\Windows\System32\ole32.dll
3cec.332c: supR3HardenedWinVerifyCacheProcessImportTodos: Processing 'netapi32.dll'...
3cec.332c: supR3HardenedWinVerifyCacheProcessImportTodos: 'netapi32.dll' -> '\Device\HarddiskVolume3\Windows\System32\netapi32.dll' [rcNtRedir=0xc0150008]
3cec.332c: Detected WinVerifyTrust recursion: rc=VINF_SUCCESS '\Device\HarddiskVolume3\Windows\System32\netapi32.dll'.
3cec.332c: supR3HardenedWinVerifyCacheScheduleImports: Import todo: #0 'msvcrt.dll'.
3cec.332c: supHardenedWinVerifyImageByHandle: -> 0 (\Device\HarddiskVolume3\Windows\System32\netapi32.dll)
3cec.332c: supR3HardenedWinVerifyCacheInsert: \Device\HarddiskVolume3\Windows\System32\netapi32.dll
3cec.332c: supR3HardenedWinVerifyCacheProcessImportTodos: Processing 'authz.dll'...
3cec.332c: supR3HardenedWinVerifyCacheProcessImportTodos: 'authz.dll' -> '\Device\HarddiskVolume3\Windows\System32\authz.dll' [rcNtRedir=0xc0150008]
3cec.332c: Detected WinVerifyTrust recursion: rc=22900 '\Device\HarddiskVolume3\Windows\System32\authz.dll'.
3cec.332c: supHardenedWinVerifyImageByHandle: -> 22900 (\Device\HarddiskVolume3\Windows\System32\authz.dll)
3cec.332c: supR3HardenedWinVerifyCacheInsert: \Device\HarddiskVolume3\Windows\System32\authz.dll
3cec.332c: supR3HardenedWinVerifyCacheProcessImportTodos: Processing 'advapi32.dll'...
3cec.332c: supR3HardenedWinVerifyCacheProcessImportTodos: 'advapi32.dll' -> '\Device\HarddiskVolume3\Windows\System32\advapi32.dll' [rcNtRedir=0xc0150008]
3cec.332c: supR3HardenedScreenImage/Imports: cache hit (VINF_SUCCESS) on \Device\HarddiskVolume3\Windows\System32\advapi32.dll
3cec.332c: supR3HardenedWinVerifyCacheProcessImportTodos: Processing 'userenv.dll'...
3cec.332c: supR3HardenedWinVerifyCacheProcessImportTodos: 'userenv.dll' -> '\Device\HarddiskVolume3\Windows\System32\userenv.dll' [rcNtRedir=0xc0150008]
3cec.332c: Detected WinVerifyTrust recursion: rc=VINF_SUCCESS '\Device\HarddiskVolume3\Windows\System32\userenv.dll'.
3cec.332c: supR3HardenedWinVerifyCacheScheduleImports: Import todo: #15 'rpcrt4.dll'.
3cec.332c: supHardenedWinVerifyImageByHandle: -> 0 (\Device\HarddiskVolume3\Windows\System32\userenv.dll)
3cec.332c: supR3HardenedWinVerifyCacheInsert: \Device\HarddiskVolume3\Windows\System32\userenv.dll
3cec.332c: supR3HardenedWinVerifyCacheProcessImportTodos: Processing 'mpr.dll'...
3cec.332c: supR3HardenedWinVerifyCacheProcessImportTodos: 'mpr.dll' -> '\Device\HarddiskVolume3\Windows\System32\mpr.dll' [rcNtRedir=0xc0150008]
3cec.332c: Detected WinVerifyTrust recursion: rc=VINF_SUCCESS '\Device\HarddiskVolume3\Windows\System32\mpr.dll'.
3cec.332c: supHardenedWinVerifyImageByHandle: -> 0 (\Device\HarddiskVolume3\Windows\System32\mpr.dll)
3cec.332c: supR3HardenedWinVerifyCacheInsert: \Device\HarddiskVolume3\Windows\System32\mpr.dll
3cec.332c: supR3HardenedWinVerifyCacheProcessImportTodos: Processing 'vcruntime140.dll'...
3cec.332c: supR3HardenedWinVerifyCacheProcessImportTodos: 'vcruntime140.dll' -> '\Device\HarddiskVolume3\Windows\System32\vcruntime140.dll' [rcNtRedir=0xc0150008]
3cec.332c: supR3HardenedWinVerifyCacheProcessImportTodos: Processing 'msvcp140.dll'...
3cec.332c: supR3HardenedWinVerifyCacheProcessImportTodos: 'msvcp140.dll' -> '\Device\HarddiskVolume3\Windows\System32\msvcp140.dll' [rcNtRedir=0xc0150008]
3cec.332c: supR3HardenedScreenImage/Imports: cache hit (VINF_SUCCESS) on \Device\HarddiskVolume3\Windows\System32\msvcp140.dll
3cec.332c: supR3HardenedWinVerifyCacheProcessImportTodos: Processing 'rpcrt4.dll'...
3cec.332c: supR3HardenedWinVerifyCacheProcessImportTodos: 'rpcrt4.dll' -> '\Device\HarddiskVolume3\Windows\System32\rpcrt4.dll' [rcNtRedir=0xc0150008]
3cec.332c: supR3HardenedWinVerifyCacheProcessImportTodos: Processing 'msvcrt.dll'...
3cec.332c: supR3HardenedWinVerifyCacheProcessImportTodos: 'msvcrt.dll' -> '\Device\HarddiskVolume3\Windows\System32\msvcrt.dll' [rcNtRedir=0xc0150008]
3cec.332c: supR3HardenedScreenImage/Imports: cache hit (VINF_SUCCESS) on \Device\HarddiskVolume3\Windows\System32\msvcrt.dll
3cec.332c: supR3HardenedWinVerifyCacheProcessImportTodos: Processing 'msvcrt.dll'...
3cec.332c: supR3HardenedWinVerifyCacheProcessImportTodos: 'msvcrt.dll' -> '\Device\HarddiskVolume3\Windows\System32\msvcrt.dll' [rcNtRedir=0xc0150008]
3cec.332c: supR3HardenedScreenImage/Imports: cache hit (VINF_SUCCESS) on \Device\HarddiskVolume3\Windows\System32\msvcrt.dll
3cec.332c: supR3HardenedWinVerifyCacheProcessImportTodos: Processing 'win32u.dll'...
3cec.332c: supR3HardenedWinVerifyCacheProcessImportTodos: 'win32u.dll' -> '\Device\HarddiskVolume3\Windows\System32\win32u.dll' [rcNtRedir=0xc0150008]
3cec.332c: supR3HardenedScreenImage/Imports: cache hit (VINF_SUCCESS) on \Device\HarddiskVolume3\Windows\System32\win32u.dll [lacks WinVerifyTrust]
3cec.332c: supR3HardenedWinVerifyCacheProcessImportTodos: Processing 'dxgi.dll'...
3cec.332c: supR3HardenedWinVerifyCacheProcessImportTodos: 'dxgi.dll' -> '\Device\HarddiskVolume3\Windows\System32\dxgi.dll' [rcNtRedir=0xc0150008]
3cec.332c: supR3HardenedScreenImage/Imports: cache hit (VINF_SUCCESS) on \Device\HarddiskVolume3\Windows\System32\dxgi.dll [lacks WinVerifyTrust]
3cec.332c: supR3HardenedWinVerifyCacheProcessImportTodos: Processing 'msvcp_win.dll'...
3cec.332c: supR3HardenedWinVerifyCacheProcessImportTodos: 'msvcp_win.dll' -> '\Device\HarddiskVolume3\Windows\System32\msvcp_win.dll' [rcNtRedir=0xc0150008]
3cec.332c: supR3HardenedScreenImage/Imports: cache hit (VINF_SUCCESS) on \Device\HarddiskVolume3\Windows\System32\msvcp_win.dll
3cec.332c: supR3HardenedWinVerifyCacheProcessImportTodos: Processing 'win32u.dll'...
3cec.332c: supR3HardenedWinVerifyCacheProcessImportTodos: 'win32u.dll' -> '\Device\HarddiskVolume3\Windows\System32\win32u.dll' [rcNtRedir=0xc0150008]
3cec.332c: supR3HardenedScreenImage/Imports: cache hit (VINF_SUCCESS) on \Device\HarddiskVolume3\Windows\System32\win32u.dll [lacks WinVerifyTrust]
3cec.332c: supR3HardenedWinVerifyCacheProcessImportTodos: Processing 'msvcp_win.dll'...
3cec.332c: supR3HardenedWinVerifyCacheProcessImportTodos: 'msvcp_win.dll' -> '\Device\HarddiskVolume3\Windows\System32\msvcp_win.dll' [rcNtRedir=0xc0150008]
3cec.332c: supR3HardenedScreenImage/Imports: cache hit (VINF_SUCCESS) on \Device\HarddiskVolume3\Windows\System32\msvcp_win.dll
3cec.332c: supR3HardenedWinVerifyCacheProcessImportTodos: Processing 'msvcp_win.dll'...
3cec.332c: supR3HardenedWinVerifyCacheProcessImportTodos: 'msvcp_win.dll' -> '\Device\HarddiskVolume3\Windows\System32\msvcp_win.dll' [rcNtRedir=0xc0150008]
3cec.332c: supR3HardenedScreenImage/Imports: cache hit (VINF_SUCCESS) on \Device\HarddiskVolume3\Windows\System32\msvcp_win.dll
3cec.332c: supR3HardenedWinVerifyCacheProcessImportTodos: Processing 'gdi32.dll'...
3cec.332c: supR3HardenedWinVerifyCacheProcessImportTodos: 'gdi32.dll' -> '\Device\HarddiskVolume3\Windows\System32\gdi32.dll' [rcNtRedir=0xc0150008]
3cec.332c: supR3HardenedScreenImage/Imports: cache hit (VINF_SUCCESS) on \Device\HarddiskVolume3\Windows\System32\gdi32.dll [lacks WinVerifyTrust]
3cec.332c: supR3HardenedWinVerifyCacheProcessImportTodos: Processing 'user32.dll'...
3cec.332c: supR3HardenedWinVerifyCacheProcessImportTodos: 'user32.dll' -> '\Device\HarddiskVolume3\Windows\System32\user32.dll' [rcNtRedir=0xc0150008]
3cec.332c: supR3HardenedScreenImage/Imports: cache hit (VINF_SUCCESS) on \Device\HarddiskVolume3\Windows\System32\user32.dll [lacks WinVerifyTrust]
3cec.332c: supR3HardenedWinVerifyCacheProcessImportTodos: Processing 'msvcp_win.dll'...
3cec.332c: supR3HardenedWinVerifyCacheProcessImportTodos: 'msvcp_win.dll' -> '\Device\HarddiskVolume3\Windows\System32\msvcp_win.dll' [rcNtRedir=0xc0150008]
3cec.332c: supR3HardenedScreenImage/Imports: cache hit (VINF_SUCCESS) on \Device\HarddiskVolume3\Windows\System32\msvcp_win.dll
3cec.332c: supR3HardenedWinVerifyCacheProcessImportTodos: Processing 'msvcp_win.dll'...
3cec.332c: supR3HardenedWinVerifyCacheProcessImportTodos: 'msvcp_win.dll' -> '\Device\HarddiskVolume3\Windows\System32\msvcp_win.dll' [rcNtRedir=0xc0150008]
3cec.332c: supR3HardenedScreenImage/Imports: cache hit (VINF_SUCCESS) on \Device\HarddiskVolume3\Windows\System32\msvcp_win.dll
3cec.332c: supR3HardenedWinVerifyCacheProcessImportTodos: Processing 'rpcrt4.dll'...
3cec.332c: supR3HardenedWinVerifyCacheProcessImportTodos: 'rpcrt4.dll' -> '\Device\HarddiskVolume3\Windows\System32\rpcrt4.dll' [rcNtRedir=0xc0150008]
3cec.332c: supR3HardenedWinVerifyCacheProcessImportTodos: Processing 'vcruntime140_1.dll'...
3cec.332c: supR3HardenedWinVerifyCacheProcessImportTodos: 'vcruntime140_1.dll' -> '\Device\HarddiskVolume3\Windows\System32\vcruntime140_1.dll' [rcNtRedir=0xc0150008]
3cec.332c: supR3HardenedScreenImage/Imports: cache hit (VINF_SUCCESS) on \Device\HarddiskVolume3\Windows\System32\vcruntime140_1.dll
3cec.332c: supR3HardenedWinVerifyCacheProcessImportTodos: Processing 'vcruntime140.dll'...
3cec.332c: supR3HardenedWinVerifyCacheProcessImportTodos: 'vcruntime140.dll' -> '\Device\HarddiskVolume3\Windows\System32\vcruntime140.dll' [rcNtRedir=0xc0150008]
3cec.332c: supR3HardenedWinVerifyCacheProcessImportTodos: Processing 'msvcp140.dll'...
3cec.332c: supR3HardenedWinVerifyCacheProcessImportTodos: 'msvcp140.dll' -> '\Device\HarddiskVolume3\Windows\System32\msvcp140.dll' [rcNtRedir=0xc0150008]
3cec.332c: supR3HardenedScreenImage/Imports: cache hit (VINF_SUCCESS) on \Device\HarddiskVolume3\Windows\System32\msvcp140.dll
3cec.332c: supR3HardenedMonitor_LdrLoadDll: returns rcNt=0x0 hMod=00007ff80a140000 'C:\WINDOWS\system32\rsaenh.dll'
3cec.332c: supR3HardenedMonitor_LdrLoadDll: returns rcNt=0x0 hMod=00007ff80b690000 'C:\WINDOWS\System32\crypt32.dll'
3cec.332c: supR3HardenedWinVerifyCacheScheduleImports: Import todo: #0 'd3d11.dll'.
3cec.332c: supR3HardenedWinVerifyCacheScheduleImports: Import todo: #1 'dxgi.dll'.
3cec.332c: supR3HardenedWinVerifyCacheScheduleImports: Import todo: #2 'd3d12.dll'.
3cec.332c: supR3HardenedWinVerifyCacheScheduleImports: Import todo: #3 'gdi32.dll'.
3cec.332c: supR3HardenedWinVerifyCacheScheduleImports: Import todo: #4 'ole32.dll'.
3cec.332c: supR3HardenedWinVerifyCacheScheduleImports: Import todo: #5 'shell32.dll'.
3cec.332c: supR3HardenedWinVerifyCacheScheduleImports: Import todo: #6 'user32.dll'.
3cec.332c: supR3HardenedWinVerifyCacheScheduleImports: Import todo: #7 'uxtheme.dll'.
3cec.332c: supR3HardenedWinVerifyCacheScheduleImports: Import todo: #8 'dwrite.dll'.
3cec.332c: supR3HardenedWinVerifyCacheScheduleImports: Import todo: #9 'qt6corevbox.dll'.
3cec.332c: supR3HardenedWinVerifyCacheScheduleImports: Import todo: #11 'msvcp140.dll'.
3cec.332c: supR3HardenedWinVerifyCacheScheduleImports: Import todo: #12 'msvcp140_1.dll'.
3cec.332c: supR3HardenedWinVerifyCacheScheduleImports: Import todo: #13 'msvcp140_2.dll'.
3cec.332c: supR3HardenedWinVerifyCacheScheduleImports: Import todo: #14 'vcruntime140.dll'.
3cec.332c: supR3HardenedWinVerifyCacheScheduleImports: Import todo: #15 'vcruntime140_1.dll'.
3cec.332c: supHardenedWinVerifyImageByHandle: -> 0 (\Device\HarddiskVolume3\Program Files\Oracle\VirtualBox\Qt6GuiVBox.dll) WinVerifyTrust
3cec.332c: supR3HardenedWinVerifyCacheProcessImportTodos: Processing 'qt6corevbox.dll'...
3cec.332c: supR3HardenedWinVerifyCacheProcessImportTodos: 'qt6corevbox.dll' -> '\Device\HarddiskVolume3\Program Files\Oracle\VirtualBox\qt6corevbox.dll' [rcNtRedir=0xc0150008]
3cec.332c: supR3HardenedScreenImage/Imports: cache hit (VINF_SUCCESS) on \Device\HarddiskVolume3\Program Files\Oracle\VirtualBox\Qt6CoreVBox.dll [redoing WinVerifyTrust]
3cec.332c: supR3HardenedWinVerifyCacheProcessImportTodos: Processing 'vcruntime140_1.dll'...
3cec.332c: supR3HardenedWinVerifyCacheProcessImportTodos: 'vcruntime140_1.dll' -> '\Device\HarddiskVolume3\Windows\System32\vcruntime140_1.dll' [rcNtRedir=0xc0150008]
3cec.332c: supR3HardenedScreenImage/Imports: cache hit (VINF_SUCCESS) on \Device\HarddiskVolume3\Windows\System32\vcruntime140_1.dll
3cec.332c: supR3HardenedWinVerifyCacheProcessImportTodos: Processing 'vcruntime140.dll'...
3cec.332c: supR3HardenedWinVerifyCacheProcessImportTodos: 'vcruntime140.dll' -> '\Device\HarddiskVolume3\Windows\System32\vcruntime140.dll' [rcNtRedir=0xc0150008]
3cec.332c: supR3HardenedWinVerifyCacheProcessImportTodos: Processing 'msvcp140_2.dll'...
3cec.332c: supR3HardenedWinVerifyCacheProcessImportTodos: 'msvcp140_2.dll' -> '\Device\HarddiskVolume3\Windows\System32\msvcp140_2.dll' [rcNtRedir=0xc0150008]
3cec.332c: supR3HardenedScreenImage/Imports: cache hit (VINF_SUCCESS) on \Device\HarddiskVolume3\Windows\System32\msvcp140_2.dll [lacks WinVerifyTrust]
3cec.332c: supR3HardenedWinVerifyCacheProcessImportTodos: Processing 'msvcp140_1.dll'...
3cec.332c: supR3HardenedWinVerifyCacheProcessImportTodos: 'msvcp140_1.dll' -> '\Device\HarddiskVolume3\Windows\System32\msvcp140_1.dll' [rcNtRedir=0xc0150008]
3cec.332c: supR3HardenedScreenImage/Imports: cache hit (VINF_SUCCESS) on \Device\HarddiskVolume3\Windows\System32\msvcp140_1.dll [lacks WinVerifyTrust]
3cec.332c: supR3HardenedWinVerifyCacheProcessImportTodos: Processing 'msvcp140.dll'...
3cec.332c: supR3HardenedWinVerifyCacheProcessImportTodos: 'msvcp140.dll' -> '\Device\HarddiskVolume3\Windows\System32\msvcp140.dll' [rcNtRedir=0xc0150008]
3cec.332c: supR3HardenedWinVerifyCacheProcessImportTodos: Processing 'qt6corevbox.dll'...
3cec.332c: supR3HardenedWinVerifyCacheProcessImportTodos: 'qt6corevbox.dll' -> '\Device\HarddiskVolume3\Program Files\Oracle\VirtualBox\qt6corevbox.dll' [rcNtRedir=0xc0150008]
3cec.332c: supR3HardenedScreenImage/Imports: cache hit (VINF_SUCCESS) on \Device\HarddiskVolume3\Program Files\Oracle\VirtualBox\Qt6CoreVBox.dll [lacks WinVerifyTrust]
3cec.332c: supR3HardenedWinVerifyCacheProcessImportTodos: Processing 'dwrite.dll'...
3cec.332c: supR3HardenedWinVerifyCacheProcessImportTodos: 'dwrite.dll' -> '\Device\HarddiskVolume3\Windows\System32\dwrite.dll' [rcNtRedir=0xc0150008]
3cec.332c: supR3HardenedScreenImage/Imports: cache hit (22900) on \Device\HarddiskVolume3\Windows\System32\DWrite.dll [lacks WinVerifyTrust]
3cec.332c: supR3HardenedWinVerifyCacheProcessImportTodos: Processing 'uxtheme.dll'...
3cec.332c: supR3HardenedWinVerifyCacheProcessImportTodos: 'uxtheme.dll' -> '\Device\HarddiskVolume3\Windows\System32\uxtheme.dll' [rcNtRedir=0xc0150008]
3cec.332c: supR3HardenedScreenImage/Imports: cache hit (22900) on \Device\HarddiskVolume3\Windows\System32\uxtheme.dll [lacks WinVerifyTrust]
3cec.332c: supR3HardenedWinVerifyCacheProcessImportTodos: Processing 'user32.dll'...
3cec.332c: supR3HardenedWinVerifyCacheProcessImportTodos: 'user32.dll' -> '\Device\HarddiskVolume3\Windows\System32\user32.dll' [rcNtRedir=0xc0150008]
3cec.332c: supR3HardenedScreenImage/Imports: cache hit (VINF_SUCCESS) on \Device\HarddiskVolume3\Windows\System32\user32.dll [lacks WinVerifyTrust]
3cec.332c: supR3HardenedWinVerifyCacheProcessImportTodos: Processing 'shell32.dll'...
3cec.332c: supR3HardenedWinVerifyCacheProcessImportTodos: 'shell32.dll' -> '\Device\HarddiskVolume3\Windows\System32\shell32.dll' [rcNtRedir=0xc0150008]
3cec.332c: supR3HardenedScreenImage/Imports: cache hit (VINF_SUCCESS) on \Device\HarddiskVolume3\Windows\System32\shell32.dll [lacks WinVerifyTrust]
3cec.332c: supR3HardenedWinVerifyCacheProcessImportTodos: Processing 'ole32.dll'...
3cec.332c: supR3HardenedWinVerifyCacheProcessImportTodos: 'ole32.dll' -> '\Device\HarddiskVolume3\Windows\System32\ole32.dll' [rcNtRedir=0xc0150008]
3cec.332c: supR3HardenedScreenImage/Imports: cache hit (VINF_SUCCESS) on \Device\HarddiskVolume3\Windows\System32\ole32.dll
3cec.332c: supR3HardenedWinVerifyCacheProcessImportTodos: Processing 'gdi32.dll'...
3cec.332c: supR3HardenedWinVerifyCacheProcessImportTodos: 'gdi32.dll' -> '\Device\HarddiskVolume3\Windows\System32\gdi32.dll' [rcNtRedir=0xc0150008]
3cec.332c: supR3HardenedScreenImage/Imports: cache hit (VINF_SUCCESS) on \Device\HarddiskVolume3\Windows\System32\gdi32.dll [lacks WinVerifyTrust]
3cec.332c: supR3HardenedWinVerifyCacheProcessImportTodos: Processing 'd3d12.dll'...
3cec.332c: supR3HardenedWinVerifyCacheProcessImportTodos: 'd3d12.dll' -> '\Device\HarddiskVolume3\Windows\System32\d3d12.dll' [rcNtRedir=0xc0150008]
3cec.332c: supR3HardenedScreenImage/Imports: cache hit (VINF_SUCCESS) on \Device\HarddiskVolume3\Windows\System32\D3D12.dll [lacks WinVerifyTrust]
3cec.332c: supR3HardenedWinVerifyCacheProcessImportTodos: Processing 'dxgi.dll'...
3cec.332c: supR3HardenedWinVerifyCacheProcessImportTodos: 'dxgi.dll' -> '\Device\HarddiskVolume3\Windows\System32\dxgi.dll' [rcNtRedir=0xc0150008]
3cec.332c: supR3HardenedScreenImage/Imports: cache hit (VINF_SUCCESS) on \Device\HarddiskVolume3\Windows\System32\dxgi.dll [lacks WinVerifyTrust]
3cec.332c: supR3HardenedWinVerifyCacheProcessImportTodos: Processing 'd3d11.dll'...
3cec.332c: supR3HardenedWinVerifyCacheProcessImportTodos: 'd3d11.dll' -> '\Device\HarddiskVolume3\Windows\System32\d3d11.dll' [rcNtRedir=0xc0150008]
3cec.332c: supR3HardenedScreenImage/Imports: cache hit (VINF_SUCCESS) on \Device\HarddiskVolume3\Windows\System32\d3d11.dll [lacks WinVerifyTrust]
3cec.332c: supR3HardenedMonitor_LdrLoadDll: returns rcNt=0x0 hMod=00007ff80a140000 'C:\WINDOWS\system32\rsaenh.dll'
3cec.332c: supR3HardenedMonitor_LdrLoadDll: returns rcNt=0x0 hMod=00007ff80b690000 'C:\WINDOWS\System32\crypt32.dll'
3cec.332c: supR3HardenedScreenImage/Imports: 0 (was 0) fWinVerifyTrust=1 for '\Device\HarddiskVolume3\Program Files\Oracle\VirtualBox\Qt6CoreVBox.dll'
3cec.332c: supR3HardenedWinVerifyCacheProcessImportTodos: Processing 'uicommon.dll'...
3cec.332c: supR3HardenedWinVerifyCacheProcessImportTodos: 'uicommon.dll' -> '\Device\HarddiskVolume3\Program Files\Oracle\VirtualBox\uicommon.dll' [rcNtRedir=0xc0150008]
3cec.332c: supR3HardenedMonitor_LdrLoadDll: returns rcNt=0x0 hMod=00007ff80a140000 'C:\WINDOWS\system32\rsaenh.dll'
3cec.332c: supR3HardenedMonitor_LdrLoadDll: returns rcNt=0x0 hMod=00007ff80b690000 'C:\WINDOWS\System32\crypt32.dll'
3cec.332c: supR3HardenedWinVerifyCacheScheduleImports: Import todo: #0 'qt6corevbox.dll'.
3cec.332c: supR3HardenedWinVerifyCacheScheduleImports: Import todo: #1 'qt6guivbox.dll'.
3cec.332c: supR3HardenedWinVerifyCacheScheduleImports: Import todo: #2 'qt6widgetsvbox.dll'.
3cec.332c: supR3HardenedWinVerifyCacheScheduleImports: Import todo: #3 'qt6helpvbox.dll'.
3cec.332c: supR3HardenedWinVerifyCacheScheduleImports: Import todo: #4 'qt6statemachinevbox.dll'.
3cec.332c: supR3HardenedWinVerifyCacheScheduleImports: Import todo: #11 'user32.dll'.
3cec.332c: supR3HardenedWinVerifyCacheScheduleImports: Import todo: #12 'ole32.dll'.
3cec.332c: supR3HardenedWinVerifyCacheScheduleImports: Import todo: #13 'oleaut32.dll'.
3cec.332c: supR3HardenedWinVerifyCacheScheduleImports: Import todo: #14 'vboxrt.dll'.
3cec.332c: supR3HardenedWinVerifyCacheScheduleImports: Import todo: #15 'vcruntime140.dll'.
3cec.332c: supR3HardenedWinVerifyCacheScheduleImports: Import todo: #16 'vcruntime140_1.dll'.
3cec.332c: supR3HardenedWinVerifyCacheScheduleImports: Import todo: #17 'msvcp140.dll'.
3cec.332c: supR3HardenedWinVerifyCacheScheduleImports: Import todo: #18 'advapi32.dll'.
3cec.332c: supR3HardenedWinVerifyCacheScheduleImports: Import todo: #19 'rpcrt4.dll'.
3cec.332c: supHardenedWinVerifyImageByHandle: -> 0 (\Device\HarddiskVolume3\Program Files\Oracle\VirtualBox\UICommon.dll) WinVerifyTrust
3cec.332c: supR3HardenedWinVerifyCacheInsert: \Device\HarddiskVolume3\Program Files\Oracle\VirtualBox\UICommon.dll
3cec.332c: supR3HardenedWinVerifyCacheProcessImportTodos: Processing 'rpcrt4.dll'...
3cec.332c: supR3HardenedWinVerifyCacheProcessImportTodos: 'rpcrt4.dll' -> '\Device\HarddiskVolume3\Windows\System32\rpcrt4.dll' [rcNtRedir=0xc0150008]
3cec.332c: supR3HardenedWinVerifyCacheProcessImportTodos: Processing 'advapi32.dll'...
3cec.332c: supR3HardenedWinVerifyCacheProcessImportTodos: 'advapi32.dll' -> '\Device\HarddiskVolume3\Windows\System32\advapi32.dll' [rcNtRedir=0xc0150008]
3cec.332c: supR3HardenedScreenImage/Imports: cache hit (VINF_SUCCESS) on \Device\HarddiskVolume3\Windows\System32\advapi32.dll
3cec.332c: supR3HardenedWinVerifyCacheProcessImportTodos: Processing 'msvcp140.dll'...
3cec.332c: supR3HardenedWinVerifyCacheProcessImportTodos: 'msvcp140.dll' -> '\Device\HarddiskVolume3\Windows\System32\msvcp140.dll' [rcNtRedir=0xc0150008]
3cec.332c: supR3HardenedWinVerifyCacheProcessImportTodos: Processing 'vcruntime140_1.dll'...
3cec.332c: supR3HardenedWinVerifyCacheProcessImportTodos: 'vcruntime140_1.dll' -> '\Device\HarddiskVolume3\Windows\System32\vcruntime140_1.dll' [rcNtRedir=0xc0150008]
3cec.332c: supR3HardenedWinVerifyCacheProcessImportTodos: Processing 'vcruntime140.dll'...
3cec.332c: supR3HardenedWinVerifyCacheProcessImportTodos: 'vcruntime140.dll' -> '\Device\HarddiskVolume3\Windows\System32\vcruntime140.dll' [rcNtRedir=0xc0150008]
3cec.332c: supR3HardenedWinVerifyCacheProcessImportTodos: Processing 'vboxrt.dll'...
3cec.332c: supR3HardenedWinVerifyCacheProcessImportTodos: 'vboxrt.dll' -> '\Device\HarddiskVolume3\Program Files\Oracle\VirtualBox\vboxrt.dll' [rcNtRedir=0xc0150008]
3cec.332c: supR3HardenedWinVerifyCacheProcessImportTodos: Processing 'oleaut32.dll'...
3cec.332c: supR3HardenedWinVerifyCacheProcessImportTodos: 'oleaut32.dll' -> '\Device\HarddiskVolume3\Windows\System32\oleaut32.dll' [rcNtRedir=0xc0150008]
3cec.332c: supR3HardenedScreenImage/Imports: cache hit (VINF_SUCCESS) on \Device\HarddiskVolume3\Windows\System32\oleaut32.dll
3cec.332c: supR3HardenedWinVerifyCacheProcessImportTodos: Processing 'ole32.dll'...
3cec.332c: supR3HardenedWinVerifyCacheProcessImportTodos: 'ole32.dll' -> '\Device\HarddiskVolume3\Windows\System32\ole32.dll' [rcNtRedir=0xc0150008]
3cec.332c: supR3HardenedScreenImage/Imports: cache hit (VINF_SUCCESS) on \Device\HarddiskVolume3\Windows\System32\ole32.dll
3cec.332c: supR3HardenedWinVerifyCacheProcessImportTodos: Processing 'user32.dll'...
3cec.332c: supR3HardenedWinVerifyCacheProcessImportTodos: 'user32.dll' -> '\Device\HarddiskVolume3\Windows\System32\user32.dll' [rcNtRedir=0xc0150008]
3cec.332c: supR3HardenedScreenImage/Imports: cache hit (VINF_SUCCESS) on \Device\HarddiskVolume3\Windows\System32\user32.dll [redoing WinVerifyTrust]
3cec.332c: supR3HardenedMonitor_LdrLoadDll: returns rcNt=0x0 hMod=00007ff80a140000 'C:\WINDOWS\system32\rsaenh.dll'
3cec.332c: supR3HardenedMonitor_LdrLoadDll: returns rcNt=0x0 hMod=00007ff80b690000 'C:\WINDOWS\System32\crypt32.dll'
3cec.332c: supR3HardenedScreenImage/Imports: 0 (was 0) fWinVerifyTrust=1 for '\Device\HarddiskVolume3\Windows\System32\user32.dll'
3cec.332c: supR3HardenedWinVerifyCacheProcessImportTodos: Processing 'qt6statemachinevbox.dll'...
3cec.332c: supR3HardenedWinVerifyCacheProcessImportTodos: 'qt6statemachinevbox.dll' -> '\Device\HarddiskVolume3\Program Files\Oracle\VirtualBox\qt6statemachinevbox.dll' [rcNtRedir=0xc0150008]
3cec.332c: supR3HardenedMonitor_LdrLoadDll: returns rcNt=0x0 hMod=00007ff80a140000 'C:\WINDOWS\system32\rsaenh.dll'
3cec.332c: supR3HardenedMonitor_LdrLoadDll: returns rcNt=0x0 hMod=00007ff80b690000 'C:\WINDOWS\System32\crypt32.dll'
3cec.332c: supR3HardenedWinVerifyCacheScheduleImports: Import todo: #0 'qt6guivbox.dll'.
3cec.332c: supR3HardenedWinVerifyCacheScheduleImports: Import todo: #1 'qt6corevbox.dll'.
3cec.332c: supR3HardenedWinVerifyCacheScheduleImports: Import todo: #2 'vcruntime140.dll'.
3cec.332c: supHardenedWinVerifyImageByHandle: -> 0 (\Device\HarddiskVolume3\Program Files\Oracle\VirtualBox\Qt6StateMachineVBox.dll) WinVerifyTrust
3cec.332c: supR3HardenedWinVerifyCacheInsert: \Device\HarddiskVolume3\Program Files\Oracle\VirtualBox\Qt6StateMachineVBox.dll
3cec.332c: supR3HardenedWinVerifyCacheProcessImportTodos: Processing 'qt6helpvbox.dll'...
3cec.332c: supR3HardenedWinVerifyCacheProcessImportTodos: 'qt6helpvbox.dll' -> '\Device\HarddiskVolume3\Program Files\Oracle\VirtualBox\qt6helpvbox.dll' [rcNtRedir=0xc0150008]
3cec.332c: supR3HardenedWinVerifyCacheProcessImportTodos: Processing 'vcruntime140.dll'...
3cec.332c: supR3HardenedWinVerifyCacheProcessImportTodos: 'vcruntime140.dll' -> '\Device\HarddiskVolume3\Windows\System32\vcruntime140.dll' [rcNtRedir=0xc0150008]
3cec.332c: supR3HardenedWinVerifyCacheProcessImportTodos: Processing 'qt6corevbox.dll'...
3cec.332c: supR3HardenedWinVerifyCacheProcessImportTodos: 'qt6corevbox.dll' -> '\Device\HarddiskVolume3\Program Files\Oracle\VirtualBox\qt6corevbox.dll' [rcNtRedir=0xc0150008]
3cec.332c: supR3HardenedScreenImage/Imports: cache hit (VINF_SUCCESS) on \Device\HarddiskVolume3\Program Files\Oracle\VirtualBox\Qt6CoreVBox.dll
3cec.332c: supR3HardenedWinVerifyCacheProcessImportTodos: Processing 'qt6guivbox.dll'...
3cec.332c: supR3HardenedWinVerifyCacheProcessImportTodos: 'qt6guivbox.dll' -> '\Device\HarddiskVolume3\Program Files\Oracle\VirtualBox\qt6guivbox.dll' [rcNtRedir=0xc0150008]
3cec.332c: supR3HardenedScreenImage/Imports: cache hit (VINF_SUCCESS) on \Device\HarddiskVolume3\Program Files\Oracle\VirtualBox\Qt6GuiVBox.dll [lacks WinVerifyTrust]
3cec.332c: supR3HardenedMonitor_LdrLoadDll: returns rcNt=0x0 hMod=00007ff80a140000 'C:\WINDOWS\system32\rsaenh.dll'
3cec.332c: supR3HardenedMonitor_LdrLoadDll: returns rcNt=0x0 hMod=00007ff80b690000 'C:\WINDOWS\System32\crypt32.dll'
3cec.332c: supR3HardenedWinVerifyCacheScheduleImports: Import todo: #0 'qt6sqlvbox.dll'.
3cec.332c: supR3HardenedWinVerifyCacheScheduleImports: Import todo: #1 'qt6widgetsvbox.dll'.
3cec.332c: supR3HardenedWinVerifyCacheScheduleImports: Import todo: #2 'qt6guivbox.dll'.
3cec.332c: supR3HardenedWinVerifyCacheScheduleImports: Import todo: #3 'qt6corevbox.dll'.
3cec.332c: supR3HardenedWinVerifyCacheScheduleImports: Import todo: #4 'msvcp140.dll'.
3cec.332c: supR3HardenedWinVerifyCacheScheduleImports: Import todo: #5 'vcruntime140.dll'.
3cec.332c: supR3HardenedWinVerifyCacheScheduleImports: Import todo: #6 'vcruntime140_1.dll'.
3cec.332c: supHardenedWinVerifyImageByHandle: -> 0 (\Device\HarddiskVolume3\Program Files\Oracle\VirtualBox\Qt6HelpVBox.dll) WinVerifyTrust
3cec.332c: supR3HardenedWinVerifyCacheInsert: \Device\HarddiskVolume3\Program Files\Oracle\VirtualBox\Qt6HelpVBox.dll
3cec.332c: supR3HardenedWinVerifyCacheProcessImportTodos: Processing 'qt6widgetsvbox.dll'...
3cec.332c: supR3HardenedWinVerifyCacheProcessImportTodos: 'qt6widgetsvbox.dll' -> '\Device\HarddiskVolume3\Program Files\Oracle\VirtualBox\qt6widgetsvbox.dll' [rcNtRedir=0xc0150008]
3cec.332c: supR3HardenedScreenImage/Imports: cache hit (VINF_SUCCESS) on \Device\HarddiskVolume3\Program Files\Oracle\VirtualBox\Qt6WidgetsVBox.dll
3cec.332c: supR3HardenedWinVerifyCacheProcessImportTodos: Processing 'qt6guivbox.dll'...
3cec.332c: supR3HardenedWinVerifyCacheProcessImportTodos: 'qt6guivbox.dll' -> '\Device\HarddiskVolume3\Program Files\Oracle\VirtualBox\qt6guivbox.dll' [rcNtRedir=0xc0150008]
3cec.332c: supR3HardenedScreenImage/Imports: cache hit (VINF_SUCCESS) on \Device\HarddiskVolume3\Program Files\Oracle\VirtualBox\Qt6GuiVBox.dll [redoing WinVerifyTrust]
3cec.332c: supR3HardenedWinVerifyCacheProcessImportTodos: Processing 'vcruntime140_1.dll'...
3cec.332c: supR3HardenedWinVerifyCacheProcessImportTodos: 'vcruntime140_1.dll' -> '\Device\HarddiskVolume3\Windows\System32\vcruntime140_1.dll' [rcNtRedir=0xc0150008]
3cec.332c: supR3HardenedWinVerifyCacheProcessImportTodos: Processing 'vcruntime140.dll'...
3cec.332c: supR3HardenedWinVerifyCacheProcessImportTodos: 'vcruntime140.dll' -> '\Device\HarddiskVolume3\Windows\System32\vcruntime140.dll' [rcNtRedir=0xc0150008]
3cec.332c: supR3HardenedWinVerifyCacheProcessImportTodos: Processing 'msvcp140.dll'...
3cec.332c: supR3HardenedWinVerifyCacheProcessImportTodos: 'msvcp140.dll' -> '\Device\HarddiskVolume3\Windows\System32\msvcp140.dll' [rcNtRedir=0xc0150008]
3cec.332c: supR3HardenedWinVerifyCacheProcessImportTodos: Processing 'qt6corevbox.dll'...
3cec.332c: supR3HardenedWinVerifyCacheProcessImportTodos: 'qt6corevbox.dll' -> '\Device\HarddiskVolume3\Program Files\Oracle\VirtualBox\qt6corevbox.dll' [rcNtRedir=0xc0150008]
3cec.332c: supR3HardenedScreenImage/Imports: cache hit (VINF_SUCCESS) on \Device\HarddiskVolume3\Program Files\Oracle\VirtualBox\Qt6CoreVBox.dll
3cec.332c: supR3HardenedWinVerifyCacheProcessImportTodos: Processing 'qt6guivbox.dll'...
3cec.332c: supR3HardenedWinVerifyCacheProcessImportTodos: 'qt6guivbox.dll' -> '\Device\HarddiskVolume3\Program Files\Oracle\VirtualBox\qt6guivbox.dll' [rcNtRedir=0xc0150008]
3cec.332c: supR3HardenedScreenImage/Imports: cache hit (VINF_SUCCESS) on \Device\HarddiskVolume3\Program Files\Oracle\VirtualBox\Qt6GuiVBox.dll [lacks WinVerifyTrust]
3cec.332c: supR3HardenedWinVerifyCacheProcessImportTodos: Processing 'qt6widgetsvbox.dll'...
3cec.332c: supR3HardenedWinVerifyCacheProcessImportTodos: 'qt6widgetsvbox.dll' -> '\Device\HarddiskVolume3\Program Files\Oracle\VirtualBox\qt6widgetsvbox.dll' [rcNtRedir=0xc0150008]
3cec.332c: supR3HardenedScreenImage/Imports: cache hit (VINF_SUCCESS) on \Device\HarddiskVolume3\Program Files\Oracle\VirtualBox\Qt6WidgetsVBox.dll
3cec.332c: supR3HardenedWinVerifyCacheProcessImportTodos: Processing 'qt6sqlvbox.dll'...
3cec.332c: supR3HardenedWinVerifyCacheProcessImportTodos: 'qt6sqlvbox.dll' -> '\Device\HarddiskVolume3\Program Files\Oracle\VirtualBox\qt6sqlvbox.dll' [rcNtRedir=0xc0150008]
3cec.332c: Detected WinVerifyTrust recursion: rc=VINF_SUCCESS '\Device\HarddiskVolume3\Program Files\Oracle\VirtualBox\Qt6SqlVBox.dll'.
3cec.332c: supR3HardenedWinVerifyCacheScheduleImports: Import todo: #0 'qt6corevbox.dll'.
3cec.332c: supR3HardenedWinVerifyCacheScheduleImports: Import todo: #1 'msvcp140.dll'.
3cec.332c: supR3HardenedWinVerifyCacheScheduleImports: Import todo: #2 'vcruntime140.dll'.
3cec.332c: supR3HardenedWinVerifyCacheScheduleImports: Import todo: #3 'vcruntime140_1.dll'.
3cec.332c: supHardenedWinVerifyImageByHandle: -> 0 (\Device\HarddiskVolume3\Program Files\Oracle\VirtualBox\Qt6SqlVBox.dll)
3cec.332c: supR3HardenedWinVerifyCacheInsert: \Device\HarddiskVolume3\Program Files\Oracle\VirtualBox\Qt6SqlVBox.dll
3cec.332c: supR3HardenedWinVerifyCacheProcessImportTodos: Processing 'vcruntime140_1.dll'...
3cec.332c: supR3HardenedWinVerifyCacheProcessImportTodos: 'vcruntime140_1.dll' -> '\Device\HarddiskVolume3\Windows\System32\vcruntime140_1.dll' [rcNtRedir=0xc0150008]
3cec.332c: supR3HardenedWinVerifyCacheProcessImportTodos: Processing 'vcruntime140.dll'...
3cec.332c: supR3HardenedWinVerifyCacheProcessImportTodos: 'vcruntime140.dll' -> '\Device\HarddiskVolume3\Windows\System32\vcruntime140.dll' [rcNtRedir=0xc0150008]
3cec.332c: supR3HardenedScreenImage/Imports: cache hit (VINF_SUCCESS) on \Device\HarddiskVolume3\Windows\System32\vcruntime140.dll
3cec.332c: supR3HardenedWinVerifyCacheProcessImportTodos: Processing 'msvcp140.dll'...
3cec.332c: supR3HardenedWinVerifyCacheProcessImportTodos: 'msvcp140.dll' -> '\Device\HarddiskVolume3\Windows\System32\msvcp140.dll' [rcNtRedir=0xc0150008]
3cec.332c: supR3HardenedWinVerifyCacheProcessImportTodos: Processing 'qt6corevbox.dll'...
3cec.332c: supR3HardenedWinVerifyCacheProcessImportTodos: 'qt6corevbox.dll' -> '\Device\HarddiskVolume3\Program Files\Oracle\VirtualBox\qt6corevbox.dll' [rcNtRedir=0xc0150008]
3cec.332c: supR3HardenedScreenImage/Imports: cache hit (VINF_SUCCESS) on \Device\HarddiskVolume3\Program Files\Oracle\VirtualBox\Qt6CoreVBox.dll
3cec.332c: supR3HardenedMonitor_LdrLoadDll: returns rcNt=0x0 hMod=00007ff80a140000 'C:\WINDOWS\system32\rsaenh.dll'
3cec.332c: supR3HardenedMonitor_LdrLoadDll: returns rcNt=0x0 hMod=00007ff80b690000 'C:\WINDOWS\System32\crypt32.dll'
3cec.332c: supR3HardenedScreenImage/Imports: 0 (was 0) fWinVerifyTrust=1 for '\Device\HarddiskVolume3\Program Files\Oracle\VirtualBox\Qt6GuiVBox.dll'
3cec.332c: supR3HardenedWinVerifyCacheProcessImportTodos: Processing 'qt6corevbox.dll'...
3cec.332c: supR3HardenedWinVerifyCacheProcessImportTodos: 'qt6corevbox.dll' -> '\Device\HarddiskVolume3\Program Files\Oracle\VirtualBox\qt6corevbox.dll' [rcNtRedir=0xc0150008]
3cec.332c: supR3HardenedScreenImage/Imports: cache hit (VINF_SUCCESS) on \Device\HarddiskVolume3\Program Files\Oracle\VirtualBox\Qt6CoreVBox.dll
3cec.332c: supR3HardenedMonitor_LdrLoadDll: pName=C:\Program Files\Oracle\VirtualBox\VirtualBoxVM.dll (rcNtResolve=0xc0150008) *pfFlags=0x0 pwszSearchPath=0000000000000a01:<flags> [calling]
3cec.332c: supR3HardenedScreenImage/NtCreateSection: cache hit (VINF_SUCCESS) on \Device\HarddiskVolume3\Program Files\Oracle\VirtualBox\VirtualBoxVM.dll
3cec.332c: supR3HardenedScreenImage/NtCreateSection: cache hit (VINF_SUCCESS) on \Device\HarddiskVolume3\Program Files\Oracle\VirtualBox\UICommon.dll
3cec.332c: supR3HardenedScreenImage/NtCreateSection: cache hit (VINF_SUCCESS) on \Device\HarddiskVolume3\Program Files\Oracle\VirtualBox\Qt6CoreVBox.dll
3cec.332c: supR3HardenedScreenImage/NtCreateSection: cache hit (VINF_SUCCESS) on \Device\HarddiskVolume3\Program Files\Oracle\VirtualBox\Qt6GuiVBox.dll
3cec.332c: supR3HardenedScreenImage/NtCreateSection: cache hit (VINF_SUCCESS) on \Device\HarddiskVolume3\Program Files\Oracle\VirtualBox\Qt6WidgetsVBox.dll
3cec.332c: supR3HardenedScreenImage/NtCreateSection: cache hit (VINF_SUCCESS) on \Device\HarddiskVolume3\Windows\System32\winmm.dll
3cec.332c: supR3HardenedScreenImage/NtCreateSection: cache hit (VINF_SUCCESS) on \Device\HarddiskVolume3\Program Files\Oracle\VirtualBox\Qt6HelpVBox.dll
3cec.332c: supR3HardenedScreenImage/NtCreateSection: cache hit (VINF_SUCCESS) on \Device\HarddiskVolume3\Program Files\Oracle\VirtualBox\Qt6StateMachineVBox.dll
3cec.332c: supR3HardenedScreenImage/NtCreateSection: cache hit (VINF_SUCCESS) on \Device\HarddiskVolume3\Windows\System32\mpr.dll [avoiding WinVerifyTrust]
3cec.332c: supR3HardenedScreenImage/NtCreateSection: cache hit (VINF_SUCCESS) on \Device\HarddiskVolume3\Windows\System32\userenv.dll [avoiding WinVerifyTrust]
3cec.332c: supR3HardenedScreenImage/NtCreateSection: cache hit (22900) on \Device\HarddiskVolume3\Windows\System32\authz.dll [avoiding WinVerifyTrust]
3cec.332c: supR3HardenedScreenImage/NtCreateSection: cache hit (VINF_SUCCESS) on \Device\HarddiskVolume3\Windows\System32\netapi32.dll [avoiding WinVerifyTrust]
3cec.332c: supR3HardenedScreenImage/NtCreateSection: cache hit (VINF_SUCCESS) on \Device\HarddiskVolume3\Windows\System32\version.dll [avoiding WinVerifyTrust]
3cec.332c: supR3HardenedScreenImage/NtCreateSection: cache hit (VINF_SUCCESS) on \Device\HarddiskVolume3\Windows\System32\msvcp140_1.dll [avoiding WinVerifyTrust]
3cec.332c: supR3HardenedScreenImage/NtCreateSection: cache hit (VINF_SUCCESS) on \Device\HarddiskVolume3\Windows\System32\d3d11.dll [avoiding WinVerifyTrust]
3cec.332c: supR3HardenedScreenImage/NtCreateSection: cache hit (VINF_SUCCESS) on \Device\HarddiskVolume3\Windows\System32\dxgi.dll [avoiding WinVerifyTrust]
3cec.332c: supR3HardenedScreenImage/NtCreateSection: cache hit (VINF_SUCCESS) on \Device\HarddiskVolume3\Windows\System32\D3D12.dll [avoiding WinVerifyTrust]
3cec.332c: supR3HardenedScreenImage/NtCreateSection: cache hit (22900) on \Device\HarddiskVolume3\Windows\System32\uxtheme.dll [avoiding WinVerifyTrust]
3cec.332c: supR3HardenedScreenImage/NtCreateSection: cache hit (22900) on \Device\HarddiskVolume3\Windows\System32\DWrite.dll [avoiding WinVerifyTrust]
3cec.332c: supR3HardenedScreenImage/NtCreateSection: cache hit (VINF_SUCCESS) on \Device\HarddiskVolume3\Windows\System32\msvcp140_2.dll [avoiding WinVerifyTrust]
3cec.332c: supR3HardenedScreenImage/NtCreateSection: cache hit (VINF_SUCCESS) on \Device\HarddiskVolume3\Windows\System32\dwmapi.dll [avoiding WinVerifyTrust]
3cec.332c: supR3HardenedScreenImage/NtCreateSection: cache hit (VINF_SUCCESS) on \Device\HarddiskVolume3\Program Files\Oracle\VirtualBox\Qt6SqlVBox.dll [avoiding WinVerifyTrust]
3cec.332c: supR3HardenedWinVerifyCacheScheduleImports: Import todo: #12 'rpcrt4.dll'.
3cec.332c: supHardenedWinVerifyImageByHandle: -> 0 (\Device\HarddiskVolume3\Windows\System32\powrprof.dll)
3cec.332c: supR3HardenedWinVerifyCacheInsert: \Device\HarddiskVolume3\Windows\System32\powrprof.dll
3cec.332c: supR3HardenedWinVerifyCacheScheduleImports: Import todo: #3 'rpcrt4.dll'.
3cec.332c: supHardenedWinVerifyImageByHandle: -> 0 (\Device\HarddiskVolume3\Windows\System32\srvcli.dll)
3cec.332c: supR3HardenedWinVerifyCacheInsert: \Device\HarddiskVolume3\Windows\System32\srvcli.dll
3cec.332c: supHardenedWinVerifyImageByHandle: -> 0 (\Device\HarddiskVolume3\Windows\System32\netutils.dll)
3cec.332c: supR3HardenedWinVerifyCacheInsert: \Device\HarddiskVolume3\Windows\System32\netutils.dll
3cec.332c: supR3HardenedDllNotificationCallback: load   00007ffff9960000 LB 0x00021000 C:\WINDOWS\SYSTEM32\MPR.dll [fFlags=0x0]
3cec.332c: supR3HardenedScreenImage/LdrLoadDll: cache hit (VINF_SUCCESS) on \Device\HarddiskVolume3\Windows\System32\mpr.dll [avoiding WinVerifyTrust]
3cec.332c: supR3HardenedDllNotificationCallback: load   00007ff80a800000 LB 0x00033000 C:\WINDOWS\SYSTEM32\USERENV.dll [fFlags=0x0]
3cec.332c: supR3HardenedScreenImage/LdrLoadDll: cache hit (VINF_SUCCESS) on \Device\HarddiskVolume3\Windows\System32\userenv.dll [avoiding WinVerifyTrust]
3cec.332c: supR3HardenedDllNotificationCallback: load   00007ff809c70000 LB 0x00050000 C:\WINDOWS\SYSTEM32\AUTHZ.dll [fFlags=0x0]
3cec.332c: supR3HardenedScreenImage/LdrLoadDll: cache hit (22900) on \Device\HarddiskVolume3\Windows\System32\authz.dll [avoiding WinVerifyTrust]
3cec.332c: supR3HardenedDllNotificationCallback: load   00007ffff9520000 LB 0x0001a000 C:\WINDOWS\SYSTEM32\NETAPI32.dll [fFlags=0x0]
3cec.332c: supR3HardenedScreenImage/LdrLoadDll: cache hit (VINF_SUCCESS) on \Device\HarddiskVolume3\Windows\System32\netapi32.dll [avoiding WinVerifyTrust]
3cec.332c: supR3HardenedDllNotificationCallback: load   00007ff80b510000 LB 0x00027000 C:\WINDOWS\System32\win32u.dll [fFlags=0x0]
3cec.332c: supR3HardenedScreenImage/LdrLoadDll: cache hit (VINF_SUCCESS) on \Device\HarddiskVolume3\Windows\System32\win32u.dll [avoiding WinVerifyTrust]
3cec.332c: supR3HardenedDllNotificationCallback: load   00007ff80c950000 LB 0x001c5000 C:\WINDOWS\System32\USER32.dll [fFlags=0x0]
3cec.332c: supR3HardenedDllNotificationCallback: load   00007ff80b980000 LB 0x0012b000 C:\WINDOWS\System32\gdi32full.dll [fFlags=0x0]
3cec.332c: supR3HardenedWinVerifyCacheScheduleImports: Import todo: #0 'msvcp_win.dll'.
3cec.332c: supR3HardenedWinVerifyCacheScheduleImports: Import todo: #35 'gdi32.dll'.
3cec.332c: supR3HardenedWinVerifyCacheScheduleImports: Import todo: #37 'user32.dll'.
3cec.332c: supR3HardenedWinVerifyCacheScheduleImports: Import todo: #38 'win32u.dll'.
3cec.332c: supHardenedWinVerifyImageByHandle: -> 0 (\Device\HarddiskVolume3\Windows\System32\gdi32full.dll)
3cec.332c: supR3HardenedWinVerifyCacheInsert: \Device\HarddiskVolume3\Windows\System32\gdi32full.dll
3cec.332c: supR3HardenedDllNotificationCallback: load   00007ff80e6f0000 LB 0x0002b000 C:\WINDOWS\System32\GDI32.dll [fFlags=0x0]
3cec.332c: supR3HardenedScreenImage/LdrLoadDll: cache hit (VINF_SUCCESS) on \Device\HarddiskVolume3\Windows\System32\gdi32.dll [avoiding WinVerifyTrust]
3cec.332c: supR3HardenedDllNotificationCallback: load   00007ff80d4a0000 LB 0x00382000 C:\WINDOWS\System32\combase.dll [fFlags=0x0]
3cec.332c: supR3HardenedScreenImage/LdrLoadDll: cache hit (VINF_SUCCESS) on \Device\HarddiskVolume3\Windows\System32\combase.dll [avoiding WinVerifyTrust]
3cec.332c: supR3HardenedDllNotificationCallback: load   00007ff80e8e0000 LB 0x00197000 C:\WINDOWS\System32\ole32.dll [fFlags=0x0]
3cec.332c: supR3HardenedScreenImage/LdrLoadDll: cache hit (VINF_SUCCESS) on \Device\HarddiskVolume3\Windows\System32\ole32.dll
3cec.332c: supR3HardenedDllNotificationCallback: load   00007ff80b810000 LB 0x0016a000 C:\WINDOWS\System32\wintypes.dll [fFlags=0x0]
3cec.332c: supR3HardenedWinVerifyCacheScheduleImports: Import todo: #3 'combase.dll'.
3cec.332c: supHardenedWinVerifyImageByHandle: -> 0 (\Device\HarddiskVolume3\Windows\System32\WinTypes.dll)
3cec.332c: supR3HardenedWinVerifyCacheInsert: \Device\HarddiskVolume3\Windows\System32\WinTypes.dll
3cec.332c: supR3HardenedDllNotificationCallback: load   00007ff80de20000 LB 0x00767000 C:\WINDOWS\System32\SHELL32.dll [fFlags=0x0]
3cec.332c: supR3HardenedScreenImage/LdrLoadDll: cache hit (VINF_SUCCESS) on \Device\HarddiskVolume3\Windows\System32\shell32.dll [avoiding WinVerifyTrust]
3cec.332c: supR3HardenedDllNotificationCallback: load   00007ff8020d0000 LB 0x0000b000 C:\WINDOWS\SYSTEM32\VERSION.dll [fFlags=0x0]
3cec.332c: supR3HardenedScreenImage/LdrLoadDll: cache hit (VINF_SUCCESS) on \Device\HarddiskVolume3\Windows\System32\version.dll [avoiding WinVerifyTrust]
3cec.332c: supR3HardenedDllNotificationCallback: load   00007ff802640000 LB 0x00036000 C:\WINDOWS\SYSTEM32\WINMM.dll [fFlags=0x0]
3cec.332c: supR3HardenedScreenImage/LdrLoadDll: cache hit (VINF_SUCCESS) on \Device\HarddiskVolume3\Windows\System32\winmm.dll
3cec.332c: supR3HardenedDllNotificationCallback: load   00007ff807080000 LB 0x00009000 C:\WINDOWS\SYSTEM32\MSVCP140_1.dll [fFlags=0x0]
3cec.332c: supR3HardenedScreenImage/LdrLoadDll: cache hit (VINF_SUCCESS) on \Device\HarddiskVolume3\Windows\System32\msvcp140_1.dll [avoiding WinVerifyTrust]
3cec.332c: supR3HardenedDllNotificationCallback: load   00007ffff8230000 LB 0x00029000 C:\WINDOWS\SYSTEM32\SRVCLI.DLL [fFlags=0x0]
3cec.332c: supR3HardenedScreenImage/LdrLoadDll: cache hit (VINF_SUCCESS) on \Device\HarddiskVolume3\Windows\System32\srvcli.dll [avoiding WinVerifyTrust]
3cec.332c: supR3HardenedDllNotificationCallback: load   00007ff809b80000 LB 0x0000d000 C:\WINDOWS\SYSTEM32\NETUTILS.DLL [fFlags=0x0]
3cec.332c: supR3HardenedScreenImage/LdrLoadDll: cache hit (VINF_SUCCESS) on \Device\HarddiskVolume3\Windows\System32\netutils.dll [avoiding WinVerifyTrust]
3cec.332c: supR3HardenedDllNotificationCallback: load   00007fff734c0000 LB 0x005c3000 C:\Program Files\Oracle\VirtualBox\Qt6CoreVBox.dll [fFlags=0x0]
3cec.332c: supR3HardenedDllNotificationCallback: load   00007ff80b2b0000 LB 0x0005e000 C:\WINDOWS\SYSTEM32\powrprof.dll [fFlags=0x0]
3cec.332c: supR3HardenedScreenImage/LdrLoadDll: cache hit (VINF_SUCCESS) on \Device\HarddiskVolume3\Windows\System32\powrprof.dll [avoiding WinVerifyTrust]
3cec.332c: supR3HardenedDllNotificationCallback: load   00007ff809000000 LB 0x00141000 C:\WINDOWS\SYSTEM32\dxgi.dll [fFlags=0x0]
3cec.332c: supR3HardenedScreenImage/LdrLoadDll: cache hit (VINF_SUCCESS) on \Device\HarddiskVolume3\Windows\System32\dxgi.dll [avoiding WinVerifyTrust]
3cec.332c: supR3HardenedDllNotificationCallback: load   00007ff808130000 LB 0x00263000 C:\WINDOWS\SYSTEM32\d3d11.dll [fFlags=0x0]
3cec.332c: supR3HardenedScreenImage/LdrLoadDll: cache hit (VINF_SUCCESS) on \Device\HarddiskVolume3\Windows\System32\d3d11.dll [avoiding WinVerifyTrust]
3cec.332c: supR3HardenedDllNotificationCallback: load   00007fffe9600000 LB 0x00023000 C:\WINDOWS\SYSTEM32\d3d12.dll [fFlags=0x0]
3cec.332c: supR3HardenedScreenImage/LdrLoadDll: cache hit (VINF_SUCCESS) on \Device\HarddiskVolume3\Windows\System32\D3D12.dll [avoiding WinVerifyTrust]
3cec.332c: supR3HardenedDllNotificationCallback: load   00007ff808ed0000 LB 0x000a9000 C:\WINDOWS\SYSTEM32\UxTheme.dll [fFlags=0x0]
3cec.332c: supR3HardenedScreenImage/LdrLoadDll: cache hit (22900) on \Device\HarddiskVolume3\Windows\System32\uxtheme.dll [avoiding WinVerifyTrust]
3cec.332c: supR3HardenedDllNotificationCallback: load   00007ff807880000 LB 0x00267000 C:\WINDOWS\SYSTEM32\DWrite.dll [fFlags=0x0]
3cec.332c: supR3HardenedScreenImage/LdrLoadDll: cache hit (22900) on \Device\HarddiskVolume3\Windows\System32\DWrite.dll [avoiding WinVerifyTrust]
3cec.332c: supR3HardenedDllNotificationCallback: load   00007fffa2630000 LB 0x00044000 C:\WINDOWS\SYSTEM32\MSVCP140_2.dll [fFlags=0x0]
3cec.332c: supR3HardenedScreenImage/LdrLoadDll: cache hit (VINF_SUCCESS) on \Device\HarddiskVolume3\Windows\System32\msvcp140_2.dll [avoiding WinVerifyTrust]
3cec.332c: supR3HardenedDllNotificationCallback: load   00007fff6f900000 LB 0x0088e000 C:\Program Files\Oracle\VirtualBox\Qt6GuiVBox.dll [fFlags=0x0]
3cec.332c: supR3HardenedScreenImage/LdrLoadDll: cache hit (VINF_SUCCESS) on \Device\HarddiskVolume3\Program Files\Oracle\VirtualBox\Qt6GuiVBox.dll
3cec.332c: supR3HardenedDllNotificationCallback: load   00007ff8091e0000 LB 0x0002f000 C:\WINDOWS\SYSTEM32\dwmapi.dll [fFlags=0x0]
3cec.332c: supR3HardenedScreenImage/LdrLoadDll: cache hit (VINF_SUCCESS) on \Device\HarddiskVolume3\Windows\System32\dwmapi.dll [avoiding WinVerifyTrust]
3cec.332c: supR3HardenedDllNotificationCallback: load   00007fff70190000 LB 0x0062a000 C:\Program Files\Oracle\VirtualBox\Qt6WidgetsVBox.dll [fFlags=0x0]
3cec.332c: supR3HardenedScreenImage/LdrLoadDll: cache hit (VINF_SUCCESS) on \Device\HarddiskVolume3\Program Files\Oracle\VirtualBox\Qt6WidgetsVBox.dll
3cec.332c: supR3HardenedDllNotificationCallback: load   00007ffff9f70000 LB 0x0004d000 C:\Program Files\Oracle\VirtualBox\Qt6SqlVBox.dll [fFlags=0x0]
3cec.332c: supR3HardenedScreenImage/LdrLoadDll: cache hit (VINF_SUCCESS) on \Device\HarddiskVolume3\Program Files\Oracle\VirtualBox\Qt6SqlVBox.dll [avoiding WinVerifyTrust]
3cec.332c: supR3HardenedDllNotificationCallback: load   00007fffe7190000 LB 0x00092000 C:\Program Files\Oracle\VirtualBox\Qt6HelpVBox.dll [fFlags=0x0]
3cec.332c: supR3HardenedScreenImage/LdrLoadDll: cache hit (VINF_SUCCESS) on \Device\HarddiskVolume3\Program Files\Oracle\VirtualBox\Qt6HelpVBox.dll
3cec.332c: supR3HardenedDllNotificationCallback: load   00007ffff9d50000 LB 0x00055000 C:\Program Files\Oracle\VirtualBox\Qt6StateMachineVBox.dll [fFlags=0x0]
3cec.332c: supR3HardenedScreenImage/LdrLoadDll: cache hit (VINF_SUCCESS) on \Device\HarddiskVolume3\Program Files\Oracle\VirtualBox\Qt6StateMachineVBox.dll
3cec.332c: supR3HardenedDllNotificationCallback: load   00007ff80d260000 LB 0x000d8000 C:\WINDOWS\System32\OLEAUT32.dll [fFlags=0x0]
3cec.332c: supR3HardenedScreenImage/LdrLoadDll: cache hit (VINF_SUCCESS) on \Device\HarddiskVolume3\Windows\System32\oleaut32.dll
3cec.332c: supR3HardenedDllNotificationCallback: load   00007fff6d5f0000 LB 0x01b74000 C:\Program Files\Oracle\VirtualBox\UICommon.dll [fFlags=0x0]
3cec.332c: supR3HardenedScreenImage/LdrLoadDll: cache hit (VINF_SUCCESS) on \Device\HarddiskVolume3\Program Files\Oracle\VirtualBox\UICommon.dll
3cec.332c: supR3HardenedDllNotificationCallback: load   00007fffd7b10000 LB 0x00151000 C:\Program Files\Oracle\VirtualBox\VirtualBoxVM.dll [fFlags=0x0]
3cec.332c: supR3HardenedScreenImage/LdrLoadDll: cache hit (VINF_SUCCESS) on \Device\HarddiskVolume3\Program Files\Oracle\VirtualBox\VirtualBoxVM.dll
3cec.332c: supR3HardenedWinVerifyCacheScheduleImports: Import todo: #26 'win32u.dll'.
3cec.332c: supHardenedWinVerifyImageByHandle: -> 0 (\Device\HarddiskVolume3\Windows\System32\imm32.dll)
3cec.332c: supR3HardenedWinVerifyCacheInsert: \Device\HarddiskVolume3\Windows\System32\imm32.dll
3cec.332c: supR3HardenedMonitor_NtCreateSection: NtMapViewOfSection failed on 0000000000000624 (hFile=0000000000000608) with 0xc0000022 -> STATUS_TRUST_FAILURE
3cec.332c: Detected loader lock ownership: rc=VINF_SUCCESS '\Device\HarddiskVolume3\Windows\System32\imm32.dll'.
3cec.332c: supR3HardenedWinVerifyCacheProcessWvtTodos: 0 (was 0) fWinVerifyTrust=0 for '\Device\HarddiskVolume3\Windows\System32\imm32.dll' [rescheduled]
3cec.332c: Detected loader lock ownership: rc=VINF_SUCCESS '\Device\HarddiskVolume3\Windows\System32\WinTypes.dll'.
3cec.332c: supR3HardenedWinVerifyCacheProcessWvtTodos: 0 (was 0) fWinVerifyTrust=0 for '\Device\HarddiskVolume3\Windows\System32\WinTypes.dll' [rescheduled]
3cec.332c: Detected loader lock ownership: rc=VINF_SUCCESS '\Device\HarddiskVolume3\Windows\System32\gdi32full.dll'.
3cec.332c: supR3HardenedWinVerifyCacheProcessWvtTodos: 0 (was 0) fWinVerifyTrust=0 for '\Device\HarddiskVolume3\Windows\System32\gdi32full.dll' [rescheduled]
3cec.332c: Detected loader lock ownership: rc=VINF_SUCCESS '\Device\HarddiskVolume3\Windows\System32\netutils.dll'.
3cec.332c: supR3HardenedWinVerifyCacheProcessWvtTodos: 0 (was 0) fWinVerifyTrust=0 for '\Device\HarddiskVolume3\Windows\System32\netutils.dll' [rescheduled]
3cec.332c: Detected loader lock ownership: rc=VINF_SUCCESS '\Device\HarddiskVolume3\Windows\System32\srvcli.dll'.
3cec.332c: supR3HardenedWinVerifyCacheProcessWvtTodos: 0 (was 0) fWinVerifyTrust=0 for '\Device\HarddiskVolume3\Windows\System32\srvcli.dll' [rescheduled]
3cec.332c: Detected loader lock ownership: rc=VINF_SUCCESS '\Device\HarddiskVolume3\Windows\System32\powrprof.dll'.
3cec.332c: supR3HardenedWinVerifyCacheProcessWvtTodos: 0 (was 0) fWinVerifyTrust=0 for '\Device\HarddiskVolume3\Windows\System32\powrprof.dll' [rescheduled]
3cec.332c: Detected loader lock ownership: rc=VINF_SUCCESS '\Device\HarddiskVolume3\Program Files\Oracle\VirtualBox\Qt6SqlVBox.dll'.
3cec.332c: supR3HardenedWinVerifyCacheProcessWvtTodos: 0 (was 0) fWinVerifyTrust=0 for '\Device\HarddiskVolume3\Program Files\Oracle\VirtualBox\Qt6SqlVBox.dll' [rescheduled]
3cec.332c: Detected loader lock ownership: rc=VINF_SUCCESS '\Device\HarddiskVolume3\Windows\System32\mpr.dll'.
3cec.332c: supR3HardenedWinVerifyCacheProcessWvtTodos: 0 (was 0) fWinVerifyTrust=0 for '\Device\HarddiskVolume3\Windows\System32\mpr.dll' [rescheduled]
3cec.332c: Detected loader lock ownership: rc=VINF_SUCCESS '\Device\HarddiskVolume3\Windows\System32\userenv.dll'.
3cec.332c: supR3HardenedWinVerifyCacheProcessWvtTodos: 0 (was 0) fWinVerifyTrust=0 for '\Device\HarddiskVolume3\Windows\System32\userenv.dll' [rescheduled]
3cec.332c: Detected loader lock ownership: rc=22900 '\Device\HarddiskVolume3\Windows\System32\authz.dll'.
3cec.332c: supR3HardenedWinVerifyCacheProcessWvtTodos: 22900 (was 22900) fWinVerifyTrust=0 for '\Device\HarddiskVolume3\Windows\System32\authz.dll' [rescheduled]
3cec.332c: Detected loader lock ownership: rc=VINF_SUCCESS '\Device\HarddiskVolume3\Windows\System32\netapi32.dll'.
3cec.332c: supR3HardenedWinVerifyCacheProcessWvtTodos: 0 (was 0) fWinVerifyTrust=0 for '\Device\HarddiskVolume3\Windows\System32\netapi32.dll' [rescheduled]
3cec.332c: Detected loader lock ownership: rc=VINF_SUCCESS '\Device\HarddiskVolume3\Windows\System32\version.dll'.
3cec.332c: supR3HardenedWinVerifyCacheProcessWvtTodos: 0 (was 0) fWinVerifyTrust=0 for '\Device\HarddiskVolume3\Windows\System32\version.dll' [rescheduled]
3cec.332c: Detected loader lock ownership: rc=VINF_SUCCESS '\Device\HarddiskVolume3\Windows\System32\d3d11.dll'.
3cec.332c: supR3HardenedWinVerifyCacheProcessWvtTodos: 0 (was 0) fWinVerifyTrust=0 for '\Device\HarddiskVolume3\Windows\System32\d3d11.dll' [rescheduled]
3cec.332c: Detected loader lock ownership: rc=VINF_SUCCESS '\Device\HarddiskVolume3\Windows\System32\dxgi.dll'.
3cec.332c: supR3HardenedWinVerifyCacheProcessWvtTodos: 0 (was 0) fWinVerifyTrust=0 for '\Device\HarddiskVolume3\Windows\System32\dxgi.dll' [rescheduled]
3cec.332c: Detected loader lock ownership: rc=VINF_SUCCESS '\Device\HarddiskVolume3\Windows\System32\D3D12.dll'.
3cec.332c: supR3HardenedWinVerifyCacheProcessWvtTodos: 0 (was 0) fWinVerifyTrust=0 for '\Device\HarddiskVolume3\Windows\System32\D3D12.dll' [rescheduled]
3cec.332c: Detected loader lock ownership: rc=VINF_SUCCESS '\Device\HarddiskVolume3\Windows\System32\shell32.dll'.
3cec.332c: supR3HardenedWinVerifyCacheProcessWvtTodos: 0 (was 0) fWinVerifyTrust=0 for '\Device\HarddiskVolume3\Windows\System32\shell32.dll' [rescheduled]
3cec.332c: Detected loader lock ownership: rc=22900 '\Device\HarddiskVolume3\Windows\System32\DWrite.dll'.
3cec.332c: supR3HardenedWinVerifyCacheProcessWvtTodos: 22900 (was 22900) fWinVerifyTrust=0 for '\Device\HarddiskVolume3\Windows\System32\DWrite.dll' [rescheduled]
3cec.332c: Detected loader lock ownership: rc=VINF_SUCCESS '\Device\HarddiskVolume3\Windows\System32\msvcp140_2.dll'.
3cec.332c: supR3HardenedWinVerifyCacheProcessWvtTodos: 0 (was 0) fWinVerifyTrust=0 for '\Device\HarddiskVolume3\Windows\System32\msvcp140_2.dll' [rescheduled]
3cec.332c: Detected loader lock ownership: rc=VINF_SUCCESS '\Device\HarddiskVolume3\Windows\System32\dwmapi.dll'.
3cec.332c: supR3HardenedWinVerifyCacheProcessWvtTodos: 0 (was 0) fWinVerifyTrust=0 for '\Device\HarddiskVolume3\Windows\System32\dwmapi.dll' [rescheduled]
3cec.332c: Detected loader lock ownership: rc=22900 '\Device\HarddiskVolume3\Windows\System32\uxtheme.dll'.
3cec.332c: supR3HardenedWinVerifyCacheProcessWvtTodos: 22900 (was 22900) fWinVerifyTrust=0 for '\Device\HarddiskVolume3\Windows\System32\uxtheme.dll' [rescheduled]
3cec.332c: Detected loader lock ownership: rc=VINF_SUCCESS '\Device\HarddiskVolume3\Windows\System32\msvcp140_1.dll'.
3cec.332c: supR3HardenedWinVerifyCacheProcessWvtTodos: 0 (was 0) fWinVerifyTrust=0 for '\Device\HarddiskVolume3\Windows\System32\msvcp140_1.dll' [rescheduled]
3cec.332c: Detected loader lock ownership: rc=VINF_SUCCESS '\Device\HarddiskVolume3\Windows\System32\win32u.dll'.
3cec.332c: supR3HardenedWinVerifyCacheProcessWvtTodos: 0 (was 0) fWinVerifyTrust=0 for '\Device\HarddiskVolume3\Windows\System32\win32u.dll' [rescheduled]
3cec.332c: Detected loader lock ownership: rc=VINF_SUCCESS '\Device\HarddiskVolume3\Windows\System32\gdi32.dll'.
3cec.332c: supR3HardenedWinVerifyCacheProcessWvtTodos: 0 (was 0) fWinVerifyTrust=0 for '\Device\HarddiskVolume3\Windows\System32\gdi32.dll' [rescheduled]
3cec.332c: Detected loader lock ownership: rc=VINF_SUCCESS '\Device\HarddiskVolume3\Windows\System32\combase.dll'.
3cec.332c: supR3HardenedWinVerifyCacheProcessWvtTodos: 0 (was 0) fWinVerifyTrust=0 for '\Device\HarddiskVolume3\Windows\System32\combase.dll' [rescheduled]
3cec.332c: supR3HardenedScreenImage/LdrLoadDll: cache hit (VINF_SUCCESS) on \Device\HarddiskVolume3\Windows\System32\imm32.dll [redoing WinVerifyTrust]
3cec.332c: Detected loader lock ownership: rc=VINF_SUCCESS '\Device\HarddiskVolume3\Windows\System32\imm32.dll'.
3cec.332c: supR3HardenedScreenImage/LdrLoadDll: WinVerifyTrust not available, rescheduling \Device\HarddiskVolume3\Windows\System32\imm32.dll
3cec.332c: supR3HardenedWinVerifyCacheProcessImportTodos: Processing 'win32u.dll'...
3cec.332c: supR3HardenedWinVerifyCacheProcessImportTodos: 'win32u.dll' -> '\Device\HarddiskVolume3\Windows\System32\win32u.dll' [rcNtRedir=0xc0150008]
3cec.332c: supR3HardenedScreenImage/Imports: cache hit (VINF_SUCCESS) on \Device\HarddiskVolume3\Windows\System32\win32u.dll [redoing WinVerifyTrust]
3cec.332c: Detected loader lock ownership: rc=VINF_SUCCESS '\Device\HarddiskVolume3\Windows\System32\win32u.dll'.
3cec.332c: supR3HardenedScreenImage/Imports: WinVerifyTrust not available, rescheduling \Device\HarddiskVolume3\Windows\System32\win32u.dll
3cec.332c: supR3HardenedWinVerifyCacheProcessImportTodos: Processing 'combase.dll'...
3cec.332c: supR3HardenedWinVerifyCacheProcessImportTodos: 'combase.dll' -> '\Device\HarddiskVolume3\Windows\System32\combase.dll' [rcNtRedir=0xc0150008]
3cec.332c: supR3HardenedScreenImage/Imports: cache hit (VINF_SUCCESS) on \Device\HarddiskVolume3\Windows\System32\combase.dll [redoing WinVerifyTrust]
3cec.332c: Detected loader lock ownership: rc=VINF_SUCCESS '\Device\HarddiskVolume3\Windows\System32\combase.dll'.
3cec.332c: supR3HardenedScreenImage/Imports: WinVerifyTrust not available, rescheduling \Device\HarddiskVolume3\Windows\System32\combase.dll
3cec.332c: supR3HardenedWinVerifyCacheProcessImportTodos: Processing 'win32u.dll'...
3cec.332c: supR3HardenedWinVerifyCacheProcessImportTodos: 'win32u.dll' -> '\Device\HarddiskVolume3\Windows\System32\win32u.dll' [rcNtRedir=0xc0150008]
3cec.332c: supR3HardenedScreenImage/Imports: cache hit (VINF_SUCCESS) on \Device\HarddiskVolume3\Windows\System32\win32u.dll [redoing WinVerifyTrust]
3cec.332c: Detected loader lock ownership: rc=VINF_SUCCESS '\Device\HarddiskVolume3\Windows\System32\win32u.dll'.
3cec.332c: supR3HardenedScreenImage/Imports: WinVerifyTrust not available, rescheduling \Device\HarddiskVolume3\Windows\System32\win32u.dll
3cec.332c: supR3HardenedWinVerifyCacheProcessImportTodos: Processing 'user32.dll'...
3cec.332c: supR3HardenedWinVerifyCacheProcessImportTodos: 'user32.dll' -> '\Device\HarddiskVolume3\Windows\System32\user32.dll' [rcNtRedir=0xc0150008]
3cec.332c: supR3HardenedWinVerifyCacheProcessImportTodos: Processing 'gdi32.dll'...
3cec.332c: supR3HardenedWinVerifyCacheProcessImportTodos: 'gdi32.dll' -> '\Device\HarddiskVolume3\Windows\System32\gdi32.dll' [rcNtRedir=0xc0150008]
3cec.332c: supR3HardenedScreenImage/Imports: cache hit (VINF_SUCCESS) on \Device\HarddiskVolume3\Windows\System32\gdi32.dll [redoing WinVerifyTrust]
3cec.332c: Detected loader lock ownership: rc=VINF_SUCCESS '\Device\HarddiskVolume3\Windows\System32\gdi32.dll'.
3cec.332c: supR3HardenedScreenImage/Imports: WinVerifyTrust not available, rescheduling \Device\HarddiskVolume3\Windows\System32\gdi32.dll
3cec.332c: supR3HardenedWinVerifyCacheProcessImportTodos: Processing 'msvcp_win.dll'...
3cec.332c: supR3HardenedWinVerifyCacheProcessImportTodos: 'msvcp_win.dll' -> '\Device\HarddiskVolume3\Windows\System32\msvcp_win.dll' [rcNtRedir=0xc0150008]
3cec.332c: supR3HardenedWinVerifyCacheProcessImportTodos: Processing 'rpcrt4.dll'...
3cec.332c: supR3HardenedWinVerifyCacheProcessImportTodos: 'rpcrt4.dll' -> '\Device\HarddiskVolume3\Windows\System32\rpcrt4.dll' [rcNtRedir=0xc0150008]
3cec.332c: supR3HardenedWinVerifyCacheProcessImportTodos: Processing 'rpcrt4.dll'...
3cec.332c: supR3HardenedWinVerifyCacheProcessImportTodos: 'rpcrt4.dll' -> '\Device\HarddiskVolume3\Windows\System32\rpcrt4.dll' [rcNtRedir=0xc0150008]
3cec.332c: supR3HardenedMonitor_LdrLoadDll: pName=C:\WINDOWS\system32\IMM32.DLL (rcNtResolve=0xc0150008) *pfFlags=0x0 pwszSearchPath=0000000000000009:<flags> [calling]
3cec.332c: supR3HardenedDllNotificationCallback: load   00007ff80c910000 LB 0x00032000 C:\WINDOWS\System32\IMM32.DLL [fFlags=0x0]
3cec.332c: supR3HardenedScreenImage/LdrLoadDll: cache hit (VINF_SUCCESS) on \Device\HarddiskVolume3\Windows\System32\imm32.dll [avoiding WinVerifyTrust]
3cec.332c: supR3HardenedMonitor_LdrLoadDll: returns rcNt=0x0 hMod=00007ff80c910000 'C:\WINDOWS\system32\IMM32.DLL'
3cec.332c: Detected loader lock ownership: rc=VINF_SUCCESS '\Device\HarddiskVolume3\Windows\System32\imm32.dll'.
3cec.332c: supR3HardenedWinVerifyCacheProcessWvtTodos: 0 (was 0) fWinVerifyTrust=0 for '\Device\HarddiskVolume3\Windows\System32\imm32.dll' [rescheduled]
3cec.332c: Detected loader lock ownership: rc=VINF_SUCCESS '\Device\HarddiskVolume3\Windows\System32\WinTypes.dll'.
3cec.332c: supR3HardenedWinVerifyCacheProcessWvtTodos: 0 (was 0) fWinVerifyTrust=0 for '\Device\HarddiskVolume3\Windows\System32\WinTypes.dll' [rescheduled]
3cec.332c: Detected loader lock ownership: rc=VINF_SUCCESS '\Device\HarddiskVolume3\Windows\System32\gdi32full.dll'.
3cec.332c: supR3HardenedWinVerifyCacheProcessWvtTodos: 0 (was 0) fWinVerifyTrust=0 for '\Device\HarddiskVolume3\Windows\System32\gdi32full.dll' [rescheduled]
3cec.332c: Detected loader lock ownership: rc=VINF_SUCCESS '\Device\HarddiskVolume3\Windows\System32\netutils.dll'.
3cec.332c: supR3HardenedWinVerifyCacheProcessWvtTodos: 0 (was 0) fWinVerifyTrust=0 for '\Device\HarddiskVolume3\Windows\System32\netutils.dll' [rescheduled]
3cec.332c: Detected loader lock ownership: rc=VINF_SUCCESS '\Device\HarddiskVolume3\Windows\System32\srvcli.dll'.
3cec.332c: supR3HardenedWinVerifyCacheProcessWvtTodos: 0 (was 0) fWinVerifyTrust=0 for '\Device\HarddiskVolume3\Windows\System32\srvcli.dll' [rescheduled]
3cec.332c: Detected loader lock ownership: rc=VINF_SUCCESS '\Device\HarddiskVolume3\Windows\System32\powrprof.dll'.
3cec.332c: supR3HardenedWinVerifyCacheProcessWvtTodos: 0 (was 0) fWinVerifyTrust=0 for '\Device\HarddiskVolume3\Windows\System32\powrprof.dll' [rescheduled]
3cec.332c: Detected loader lock ownership: rc=VINF_SUCCESS '\Device\HarddiskVolume3\Program Files\Oracle\VirtualBox\Qt6SqlVBox.dll'.
3cec.332c: supR3HardenedWinVerifyCacheProcessWvtTodos: 0 (was 0) fWinVerifyTrust=0 for '\Device\HarddiskVolume3\Program Files\Oracle\VirtualBox\Qt6SqlVBox.dll' [rescheduled]
3cec.332c: Detected loader lock ownership: rc=VINF_SUCCESS '\Device\HarddiskVolume3\Windows\System32\mpr.dll'.
3cec.332c: supR3HardenedWinVerifyCacheProcessWvtTodos: 0 (was 0) fWinVerifyTrust=0 for '\Device\HarddiskVolume3\Windows\System32\mpr.dll' [rescheduled]
3cec.332c: Detected loader lock ownership: rc=VINF_SUCCESS '\Device\HarddiskVolume3\Windows\System32\userenv.dll'.
3cec.332c: supR3HardenedWinVerifyCacheProcessWvtTodos: 0 (was 0) fWinVerifyTrust=0 for '\Device\HarddiskVolume3\Windows\System32\userenv.dll' [rescheduled]
3cec.332c: Detected loader lock ownership: rc=22900 '\Device\HarddiskVolume3\Windows\System32\authz.dll'.
3cec.332c: supR3HardenedWinVerifyCacheProcessWvtTodos: 22900 (was 22900) fWinVerifyTrust=0 for '\Device\HarddiskVolume3\Windows\System32\authz.dll' [rescheduled]
3cec.332c: Detected loader lock ownership: rc=VINF_SUCCESS '\Device\HarddiskVolume3\Windows\System32\netapi32.dll'.
3cec.332c: supR3HardenedWinVerifyCacheProcessWvtTodos: 0 (was 0) fWinVerifyTrust=0 for '\Device\HarddiskVolume3\Windows\System32\netapi32.dll' [rescheduled]
3cec.332c: Detected loader lock ownership: rc=VINF_SUCCESS '\Device\HarddiskVolume3\Windows\System32\version.dll'.
3cec.332c: supR3HardenedWinVerifyCacheProcessWvtTodos: 0 (was 0) fWinVerifyTrust=0 for '\Device\HarddiskVolume3\Windows\System32\version.dll' [rescheduled]
3cec.332c: Detected loader lock ownership: rc=VINF_SUCCESS '\Device\HarddiskVolume3\Windows\System32\d3d11.dll'.
3cec.332c: supR3HardenedWinVerifyCacheProcessWvtTodos: 0 (was 0) fWinVerifyTrust=0 for '\Device\HarddiskVolume3\Windows\System32\d3d11.dll' [rescheduled]
3cec.332c: Detected loader lock ownership: rc=VINF_SUCCESS '\Device\HarddiskVolume3\Windows\System32\dxgi.dll'.
3cec.332c: supR3HardenedWinVerifyCacheProcessWvtTodos: 0 (was 0) fWinVerifyTrust=0 for '\Device\HarddiskVolume3\Windows\System32\dxgi.dll' [rescheduled]
3cec.332c: Detected loader lock ownership: rc=VINF_SUCCESS '\Device\HarddiskVolume3\Windows\System32\D3D12.dll'.
3cec.332c: supR3HardenedWinVerifyCacheProcessWvtTodos: 0 (was 0) fWinVerifyTrust=0 for '\Device\HarddiskVolume3\Windows\System32\D3D12.dll' [rescheduled]
3cec.332c: Detected loader lock ownership: rc=VINF_SUCCESS '\Device\HarddiskVolume3\Windows\System32\shell32.dll'.
3cec.332c: supR3HardenedWinVerifyCacheProcessWvtTodos: 0 (was 0) fWinVerifyTrust=0 for '\Device\HarddiskVolume3\Windows\System32\shell32.dll' [rescheduled]
3cec.332c: Detected loader lock ownership: rc=22900 '\Device\HarddiskVolume3\Windows\System32\DWrite.dll'.
3cec.332c: supR3HardenedWinVerifyCacheProcessWvtTodos: 22900 (was 22900) fWinVerifyTrust=0 for '\Device\HarddiskVolume3\Windows\System32\DWrite.dll' [rescheduled]
3cec.332c: Detected loader lock ownership: rc=VINF_SUCCESS '\Device\HarddiskVolume3\Windows\System32\msvcp140_2.dll'.
3cec.332c: supR3HardenedWinVerifyCacheProcessWvtTodos: 0 (was 0) fWinVerifyTrust=0 for '\Device\HarddiskVolume3\Windows\System32\msvcp140_2.dll' [rescheduled]
3cec.332c: Detected loader lock ownership: rc=VINF_SUCCESS '\Device\HarddiskVolume3\Windows\System32\dwmapi.dll'.
3cec.332c: supR3HardenedWinVerifyCacheProcessWvtTodos: 0 (was 0) fWinVerifyTrust=0 for '\Device\HarddiskVolume3\Windows\System32\dwmapi.dll' [rescheduled]
3cec.332c: Detected loader lock ownership: rc=22900 '\Device\HarddiskVolume3\Windows\System32\uxtheme.dll'.
3cec.332c: supR3HardenedWinVerifyCacheProcessWvtTodos: 22900 (was 22900) fWinVerifyTrust=0 for '\Device\HarddiskVolume3\Windows\System32\uxtheme.dll' [rescheduled]
3cec.332c: Detected loader lock ownership: rc=VINF_SUCCESS '\Device\HarddiskVolume3\Windows\System32\msvcp140_1.dll'.
3cec.332c: supR3HardenedWinVerifyCacheProcessWvtTodos: 0 (was 0) fWinVerifyTrust=0 for '\Device\HarddiskVolume3\Windows\System32\msvcp140_1.dll' [rescheduled]
3cec.332c: Detected loader lock ownership: rc=VINF_SUCCESS '\Device\HarddiskVolume3\Windows\System32\win32u.dll'.
3cec.332c: supR3HardenedWinVerifyCacheProcessWvtTodos: 0 (was 0) fWinVerifyTrust=0 for '\Device\HarddiskVolume3\Windows\System32\win32u.dll' [rescheduled]
3cec.332c: Detected loader lock ownership: rc=VINF_SUCCESS '\Device\HarddiskVolume3\Windows\System32\gdi32.dll'.
3cec.332c: supR3HardenedWinVerifyCacheProcessWvtTodos: 0 (was 0) fWinVerifyTrust=0 for '\Device\HarddiskVolume3\Windows\System32\gdi32.dll' [rescheduled]
3cec.332c: Detected loader lock ownership: rc=VINF_SUCCESS '\Device\HarddiskVolume3\Windows\System32\combase.dll'.
3cec.332c: supR3HardenedWinVerifyCacheProcessWvtTodos: 0 (was 0) fWinVerifyTrust=0 for '\Device\HarddiskVolume3\Windows\System32\combase.dll' [rescheduled]
3cec.332c: supHardenedWinVerifyImageByHandle: -> 0 (\Device\HarddiskVolume3\Windows\System32\umpdc.dll)
3cec.332c: supR3HardenedWinVerifyCacheInsert: \Device\HarddiskVolume3\Windows\System32\umpdc.dll
3cec.332c: supR3HardenedDllNotificationCallback: load   00007ff80b290000 LB 0x00014000 C:\WINDOWS\SYSTEM32\UMPDC.dll [fFlags=0x0]
3cec.332c: supR3HardenedScreenImage/LdrLoadDll: cache hit (VINF_SUCCESS) on \Device\HarddiskVolume3\Windows\System32\umpdc.dll [avoiding WinVerifyTrust]
3cec.332c: Detected loader lock ownership: rc=VINF_SUCCESS '\Device\HarddiskVolume3\Windows\System32\umpdc.dll'.
3cec.332c: supR3HardenedWinVerifyCacheProcessWvtTodos: 0 (was 0) fWinVerifyTrust=0 for '\Device\HarddiskVolume3\Windows\System32\umpdc.dll' [rescheduled]
3cec.332c: Detected loader lock ownership: rc=VINF_SUCCESS '\Device\HarddiskVolume3\Windows\System32\imm32.dll'.
3cec.332c: supR3HardenedWinVerifyCacheProcessWvtTodos: 0 (was 0) fWinVerifyTrust=0 for '\Device\HarddiskVolume3\Windows\System32\imm32.dll' [rescheduled]
3cec.332c: Detected loader lock ownership: rc=VINF_SUCCESS '\Device\HarddiskVolume3\Windows\System32\WinTypes.dll'.
3cec.332c: supR3HardenedWinVerifyCacheProcessWvtTodos: 0 (was 0) fWinVerifyTrust=0 for '\Device\HarddiskVolume3\Windows\System32\WinTypes.dll' [rescheduled]
3cec.332c: Detected loader lock ownership: rc=VINF_SUCCESS '\Device\HarddiskVolume3\Windows\System32\gdi32full.dll'.
3cec.332c: supR3HardenedWinVerifyCacheProcessWvtTodos: 0 (was 0) fWinVerifyTrust=0 for '\Device\HarddiskVolume3\Windows\System32\gdi32full.dll' [rescheduled]
3cec.332c: Detected loader lock ownership: rc=VINF_SUCCESS '\Device\HarddiskVolume3\Windows\System32\netutils.dll'.
3cec.332c: supR3HardenedWinVerifyCacheProcessWvtTodos: 0 (was 0) fWinVerifyTrust=0 for '\Device\HarddiskVolume3\Windows\System32\netutils.dll' [rescheduled]
3cec.332c: Detected loader lock ownership: rc=VINF_SUCCESS '\Device\HarddiskVolume3\Windows\System32\srvcli.dll'.
3cec.332c: supR3HardenedWinVerifyCacheProcessWvtTodos: 0 (was 0) fWinVerifyTrust=0 for '\Device\HarddiskVolume3\Windows\System32\srvcli.dll' [rescheduled]
3cec.332c: Detected loader lock ownership: rc=VINF_SUCCESS '\Device\HarddiskVolume3\Windows\System32\powrprof.dll'.
3cec.332c: supR3HardenedWinVerifyCacheProcessWvtTodos: 0 (was 0) fWinVerifyTrust=0 for '\Device\HarddiskVolume3\Windows\System32\powrprof.dll' [rescheduled]
3cec.332c: Detected loader lock ownership: rc=VINF_SUCCESS '\Device\HarddiskVolume3\Program Files\Oracle\VirtualBox\Qt6SqlVBox.dll'.
3cec.332c: supR3HardenedWinVerifyCacheProcessWvtTodos: 0 (was 0) fWinVerifyTrust=0 for '\Device\HarddiskVolume3\Program Files\Oracle\VirtualBox\Qt6SqlVBox.dll' [rescheduled]
3cec.332c: Detected loader lock ownership: rc=VINF_SUCCESS '\Device\HarddiskVolume3\Windows\System32\mpr.dll'.
3cec.332c: supR3HardenedWinVerifyCacheProcessWvtTodos: 0 (was 0) fWinVerifyTrust=0 for '\Device\HarddiskVolume3\Windows\System32\mpr.dll' [rescheduled]
3cec.332c: Detected loader lock ownership: rc=VINF_SUCCESS '\Device\HarddiskVolume3\Windows\System32\userenv.dll'.
3cec.332c: supR3HardenedWinVerifyCacheProcessWvtTodos: 0 (was 0) fWinVerifyTrust=0 for '\Device\HarddiskVolume3\Windows\System32\userenv.dll' [rescheduled]
3cec.332c: Detected loader lock ownership: rc=22900 '\Device\HarddiskVolume3\Windows\System32\authz.dll'.
3cec.332c: supR3HardenedWinVerifyCacheProcessWvtTodos: 22900 (was 22900) fWinVerifyTrust=0 for '\Device\HarddiskVolume3\Windows\System32\authz.dll' [rescheduled]
3cec.332c: Detected loader lock ownership: rc=VINF_SUCCESS '\Device\HarddiskVolume3\Windows\System32\netapi32.dll'.
3cec.332c: supR3HardenedWinVerifyCacheProcessWvtTodos: 0 (was 0) fWinVerifyTrust=0 for '\Device\HarddiskVolume3\Windows\System32\netapi32.dll' [rescheduled]
3cec.332c: Detected loader lock ownership: rc=VINF_SUCCESS '\Device\HarddiskVolume3\Windows\System32\version.dll'.
3cec.332c: supR3HardenedWinVerifyCacheProcessWvtTodos: 0 (was 0) fWinVerifyTrust=0 for '\Device\HarddiskVolume3\Windows\System32\version.dll' [rescheduled]
3cec.332c: Detected loader lock ownership: rc=VINF_SUCCESS '\Device\HarddiskVolume3\Windows\System32\d3d11.dll'.
3cec.332c: supR3HardenedWinVerifyCacheProcessWvtTodos: 0 (was 0) fWinVerifyTrust=0 for '\Device\HarddiskVolume3\Windows\System32\d3d11.dll' [rescheduled]
3cec.332c: Detected loader lock ownership: rc=VINF_SUCCESS '\Device\HarddiskVolume3\Windows\System32\dxgi.dll'.
3cec.332c: supR3HardenedWinVerifyCacheProcessWvtTodos: 0 (was 0) fWinVerifyTrust=0 for '\Device\HarddiskVolume3\Windows\System32\dxgi.dll' [rescheduled]
3cec.332c: Detected loader lock ownership: rc=VINF_SUCCESS '\Device\HarddiskVolume3\Windows\System32\D3D12.dll'.
3cec.332c: supR3HardenedWinVerifyCacheProcessWvtTodos: 0 (was 0) fWinVerifyTrust=0 for '\Device\HarddiskVolume3\Windows\System32\D3D12.dll' [rescheduled]
3cec.332c: Detected loader lock ownership: rc=VINF_SUCCESS '\Device\HarddiskVolume3\Windows\System32\shell32.dll'.
3cec.332c: supR3HardenedWinVerifyCacheProcessWvtTodos: 0 (was 0) fWinVerifyTrust=0 for '\Device\HarddiskVolume3\Windows\System32\shell32.dll' [rescheduled]
3cec.332c: Detected loader lock ownership: rc=22900 '\Device\HarddiskVolume3\Windows\System32\DWrite.dll'.
3cec.332c: supR3HardenedWinVerifyCacheProcessWvtTodos: 22900 (was 22900) fWinVerifyTrust=0 for '\Device\HarddiskVolume3\Windows\System32\DWrite.dll' [rescheduled]
3cec.332c: Detected loader lock ownership: rc=VINF_SUCCESS '\Device\HarddiskVolume3\Windows\System32\msvcp140_2.dll'.
3cec.332c: supR3HardenedWinVerifyCacheProcessWvtTodos: 0 (was 0) fWinVerifyTrust=0 for '\Device\HarddiskVolume3\Windows\System32\msvcp140_2.dll' [rescheduled]
3cec.332c: Detected loader lock ownership: rc=VINF_SUCCESS '\Device\HarddiskVolume3\Windows\System32\dwmapi.dll'.
3cec.332c: supR3HardenedWinVerifyCacheProcessWvtTodos: 0 (was 0) fWinVerifyTrust=0 for '\Device\HarddiskVolume3\Windows\System32\dwmapi.dll' [rescheduled]
3cec.332c: Detected loader lock ownership: rc=22900 '\Device\HarddiskVolume3\Windows\System32\uxtheme.dll'.
3cec.332c: supR3HardenedWinVerifyCacheProcessWvtTodos: 22900 (was 22900) fWinVerifyTrust=0 for '\Device\HarddiskVolume3\Windows\System32\uxtheme.dll' [rescheduled]
3cec.332c: Detected loader lock ownership: rc=VINF_SUCCESS '\Device\HarddiskVolume3\Windows\System32\msvcp140_1.dll'.
3cec.332c: supR3HardenedWinVerifyCacheProcessWvtTodos: 0 (was 0) fWinVerifyTrust=0 for '\Device\HarddiskVolume3\Windows\System32\msvcp140_1.dll' [rescheduled]
3cec.332c: Detected loader lock ownership: rc=VINF_SUCCESS '\Device\HarddiskVolume3\Windows\System32\win32u.dll'.
3cec.332c: supR3HardenedWinVerifyCacheProcessWvtTodos: 0 (was 0) fWinVerifyTrust=0 for '\Device\HarddiskVolume3\Windows\System32\win32u.dll' [rescheduled]
3cec.332c: Detected loader lock ownership: rc=VINF_SUCCESS '\Device\HarddiskVolume3\Windows\System32\gdi32.dll'.
3cec.332c: supR3HardenedWinVerifyCacheProcessWvtTodos: 0 (was 0) fWinVerifyTrust=0 for '\Device\HarddiskVolume3\Windows\System32\gdi32.dll' [rescheduled]
3cec.332c: Detected loader lock ownership: rc=VINF_SUCCESS '\Device\HarddiskVolume3\Windows\System32\combase.dll'.
3cec.332c: supR3HardenedWinVerifyCacheProcessWvtTodos: 0 (was 0) fWinVerifyTrust=0 for '\Device\HarddiskVolume3\Windows\System32\combase.dll' [rescheduled]
3cec.332c: supR3HardenedScreenImage/LdrLoadDll: cache hit (VINF_SUCCESS) on \Device\HarddiskVolume3\Windows\System32\gdi32.dll [redoing WinVerifyTrust]
3cec.332c: Detected loader lock ownership: rc=VINF_SUCCESS '\Device\HarddiskVolume3\Windows\System32\gdi32.dll'.
3cec.332c: supR3HardenedScreenImage/LdrLoadDll: WinVerifyTrust not available, rescheduling \Device\HarddiskVolume3\Windows\System32\gdi32.dll
3cec.332c: supR3HardenedMonitor_LdrLoadDll: returns rcNt=0x0 hMod=00007ff80e6f0000 'C:\WINDOWS\System32\gdi32.dll'
3cec.332c: Detected loader lock ownership: rc=VINF_SUCCESS '\Device\HarddiskVolume3\Windows\System32\umpdc.dll'.
3cec.332c: supR3HardenedWinVerifyCacheProcessWvtTodos: 0 (was 0) fWinVerifyTrust=0 for '\Device\HarddiskVolume3\Windows\System32\umpdc.dll' [rescheduled]
3cec.332c: Detected loader lock ownership: rc=VINF_SUCCESS '\Device\HarddiskVolume3\Windows\System32\imm32.dll'.
3cec.332c: supR3HardenedWinVerifyCacheProcessWvtTodos: 0 (was 0) fWinVerifyTrust=0 for '\Device\HarddiskVolume3\Windows\System32\imm32.dll' [rescheduled]
3cec.332c: Detected loader lock ownership: rc=VINF_SUCCESS '\Device\HarddiskVolume3\Windows\System32\WinTypes.dll'.
3cec.332c: supR3HardenedWinVerifyCacheProcessWvtTodos: 0 (was 0) fWinVerifyTrust=0 for '\Device\HarddiskVolume3\Windows\System32\WinTypes.dll' [rescheduled]
3cec.332c: Detected loader lock ownership: rc=VINF_SUCCESS '\Device\HarddiskVolume3\Windows\System32\gdi32full.dll'.
3cec.332c: supR3HardenedWinVerifyCacheProcessWvtTodos: 0 (was 0) fWinVerifyTrust=0 for '\Device\HarddiskVolume3\Windows\System32\gdi32full.dll' [rescheduled]
3cec.332c: Detected loader lock ownership: rc=VINF_SUCCESS '\Device\HarddiskVolume3\Windows\System32\netutils.dll'.
3cec.332c: supR3HardenedWinVerifyCacheProcessWvtTodos: 0 (was 0) fWinVerifyTrust=0 for '\Device\HarddiskVolume3\Windows\System32\netutils.dll' [rescheduled]
3cec.332c: Detected loader lock ownership: rc=VINF_SUCCESS '\Device\HarddiskVolume3\Windows\System32\srvcli.dll'.
3cec.332c: supR3HardenedWinVerifyCacheProcessWvtTodos: 0 (was 0) fWinVerifyTrust=0 for '\Device\HarddiskVolume3\Windows\System32\srvcli.dll' [rescheduled]
3cec.332c: Detected loader lock ownership: rc=VINF_SUCCESS '\Device\HarddiskVolume3\Windows\System32\powrprof.dll'.
3cec.332c: supR3HardenedWinVerifyCacheProcessWvtTodos: 0 (was 0) fWinVerifyTrust=0 for '\Device\HarddiskVolume3\Windows\System32\powrprof.dll' [rescheduled]
3cec.332c: Detected loader lock ownership: rc=VINF_SUCCESS '\Device\HarddiskVolume3\Program Files\Oracle\VirtualBox\Qt6SqlVBox.dll'.
3cec.332c: supR3HardenedWinVerifyCacheProcessWvtTodos: 0 (was 0) fWinVerifyTrust=0 for '\Device\HarddiskVolume3\Program Files\Oracle\VirtualBox\Qt6SqlVBox.dll' [rescheduled]
3cec.332c: Detected loader lock ownership: rc=VINF_SUCCESS '\Device\HarddiskVolume3\Windows\System32\mpr.dll'.
3cec.332c: supR3HardenedWinVerifyCacheProcessWvtTodos: 0 (was 0) fWinVerifyTrust=0 for '\Device\HarddiskVolume3\Windows\System32\mpr.dll' [rescheduled]
3cec.332c: Detected loader lock ownership: rc=VINF_SUCCESS '\Device\HarddiskVolume3\Windows\System32\userenv.dll'.
3cec.332c: supR3HardenedWinVerifyCacheProcessWvtTodos: 0 (was 0) fWinVerifyTrust=0 for '\Device\HarddiskVolume3\Windows\System32\userenv.dll' [rescheduled]
3cec.332c: Detected loader lock ownership: rc=22900 '\Device\HarddiskVolume3\Windows\System32\authz.dll'.
3cec.332c: supR3HardenedWinVerifyCacheProcessWvtTodos: 22900 (was 22900) fWinVerifyTrust=0 for '\Device\HarddiskVolume3\Windows\System32\authz.dll' [rescheduled]
3cec.332c: Detected loader lock ownership: rc=VINF_SUCCESS '\Device\HarddiskVolume3\Windows\System32\netapi32.dll'.
3cec.332c: supR3HardenedWinVerifyCacheProcessWvtTodos: 0 (was 0) fWinVerifyTrust=0 for '\Device\HarddiskVolume3\Windows\System32\netapi32.dll' [rescheduled]
3cec.332c: Detected loader lock ownership: rc=VINF_SUCCESS '\Device\HarddiskVolume3\Windows\System32\version.dll'.
3cec.332c: supR3HardenedWinVerifyCacheProcessWvtTodos: 0 (was 0) fWinVerifyTrust=0 for '\Device\HarddiskVolume3\Windows\System32\version.dll' [rescheduled]
3cec.332c: Detected loader lock ownership: rc=VINF_SUCCESS '\Device\HarddiskVolume3\Windows\System32\d3d11.dll'.
3cec.332c: supR3HardenedWinVerifyCacheProcessWvtTodos: 0 (was 0) fWinVerifyTrust=0 for '\Device\HarddiskVolume3\Windows\System32\d3d11.dll' [rescheduled]
3cec.332c: Detected loader lock ownership: rc=VINF_SUCCESS '\Device\HarddiskVolume3\Windows\System32\dxgi.dll'.
3cec.332c: supR3HardenedWinVerifyCacheProcessWvtTodos: 0 (was 0) fWinVerifyTrust=0 for '\Device\HarddiskVolume3\Windows\System32\dxgi.dll' [rescheduled]
3cec.332c: Detected loader lock ownership: rc=VINF_SUCCESS '\Device\HarddiskVolume3\Windows\System32\D3D12.dll'.
3cec.332c: supR3HardenedWinVerifyCacheProcessWvtTodos: 0 (was 0) fWinVerifyTrust=0 for '\Device\HarddiskVolume3\Windows\System32\D3D12.dll' [rescheduled]
3cec.332c: Detected loader lock ownership: rc=VINF_SUCCESS '\Device\HarddiskVolume3\Windows\System32\shell32.dll'.
3cec.332c: supR3HardenedWinVerifyCacheProcessWvtTodos: 0 (was 0) fWinVerifyTrust=0 for '\Device\HarddiskVolume3\Windows\System32\shell32.dll' [rescheduled]
3cec.332c: Detected loader lock ownership: rc=22900 '\Device\HarddiskVolume3\Windows\System32\DWrite.dll'.
3cec.332c: supR3HardenedWinVerifyCacheProcessWvtTodos: 22900 (was 22900) fWinVerifyTrust=0 for '\Device\HarddiskVolume3\Windows\System32\DWrite.dll' [rescheduled]
3cec.332c: Detected loader lock ownership: rc=VINF_SUCCESS '\Device\HarddiskVolume3\Windows\System32\msvcp140_2.dll'.
3cec.332c: supR3HardenedWinVerifyCacheProcessWvtTodos: 0 (was 0) fWinVerifyTrust=0 for '\Device\HarddiskVolume3\Windows\System32\msvcp140_2.dll' [rescheduled]
3cec.332c: Detected loader lock ownership: rc=VINF_SUCCESS '\Device\HarddiskVolume3\Windows\System32\dwmapi.dll'.
3cec.332c: supR3HardenedWinVerifyCacheProcessWvtTodos: 0 (was 0) fWinVerifyTrust=0 for '\Device\HarddiskVolume3\Windows\System32\dwmapi.dll' [rescheduled]
3cec.332c: Detected loader lock ownership: rc=22900 '\Device\HarddiskVolume3\Windows\System32\uxtheme.dll'.
3cec.332c: supR3HardenedWinVerifyCacheProcessWvtTodos: 22900 (was 22900) fWinVerifyTrust=0 for '\Device\HarddiskVolume3\Windows\System32\uxtheme.dll' [rescheduled]
3cec.332c: Detected loader lock ownership: rc=VINF_SUCCESS '\Device\HarddiskVolume3\Windows\System32\msvcp140_1.dll'.
3cec.332c: supR3HardenedWinVerifyCacheProcessWvtTodos: 0 (was 0) fWinVerifyTrust=0 for '\Device\HarddiskVolume3\Windows\System32\msvcp140_1.dll' [rescheduled]
3cec.332c: Detected loader lock ownership: rc=VINF_SUCCESS '\Device\HarddiskVolume3\Windows\System32\win32u.dll'.
3cec.332c: supR3HardenedWinVerifyCacheProcessWvtTodos: 0 (was 0) fWinVerifyTrust=0 for '\Device\HarddiskVolume3\Windows\System32\win32u.dll' [rescheduled]
3cec.332c: Detected loader lock ownership: rc=VINF_SUCCESS '\Device\HarddiskVolume3\Windows\System32\gdi32.dll'.
3cec.332c: supR3HardenedWinVerifyCacheProcessWvtTodos: 0 (was 0) fWinVerifyTrust=0 for '\Device\HarddiskVolume3\Windows\System32\gdi32.dll' [rescheduled]
3cec.332c: Detected loader lock ownership: rc=VINF_SUCCESS '\Device\HarddiskVolume3\Windows\System32\combase.dll'.
3cec.332c: supR3HardenedWinVerifyCacheProcessWvtTodos: 0 (was 0) fWinVerifyTrust=0 for '\Device\HarddiskVolume3\Windows\System32\combase.dll' [rescheduled]
3cec.332c: supR3HardenedMonitor_LdrLoadDll: returns rcNt=0x0 hMod=00007fffd7b10000 'C:\Program Files\Oracle\VirtualBox\VirtualBoxVM.dll'
3cec.332c: supR3HardenedMonitor_LdrLoadDll: returns rcNt=0x0 hMod=00007ff80a140000 'C:\WINDOWS\system32\rsaenh.dll'
3cec.332c: supR3HardenedMonitor_LdrLoadDll: returns rcNt=0x0 hMod=00007ff80b690000 'C:\WINDOWS\System32\crypt32.dll'
3cec.332c: supR3HardenedWinVerifyCacheProcessWvtTodos: 0 (was 0) fWinVerifyTrust=1 for '\Device\HarddiskVolume3\Windows\System32\umpdc.dll'
3cec.332c: supR3HardenedMonitor_LdrLoadDll: returns rcNt=0x0 hMod=00007ff80a140000 'C:\WINDOWS\system32\rsaenh.dll'
3cec.332c: supR3HardenedMonitor_LdrLoadDll: returns rcNt=0x0 hMod=00007ff80b690000 'C:\WINDOWS\System32\crypt32.dll'
3cec.332c: supR3HardenedWinVerifyCacheProcessWvtTodos: 0 (was 0) fWinVerifyTrust=1 for '\Device\HarddiskVolume3\Windows\System32\imm32.dll'
3cec.332c: supR3HardenedMonitor_LdrLoadDll: returns rcNt=0x0 hMod=00007ff80a140000 'C:\WINDOWS\system32\rsaenh.dll'
3cec.332c: supR3HardenedMonitor_LdrLoadDll: returns rcNt=0x0 hMod=00007ff80b690000 'C:\WINDOWS\System32\crypt32.dll'
3cec.332c: supR3HardenedWinVerifyCacheProcessWvtTodos: 0 (was 0) fWinVerifyTrust=1 for '\Device\HarddiskVolume3\Windows\System32\WinTypes.dll'
3cec.332c: supR3HardenedMonitor_LdrLoadDll: returns rcNt=0x0 hMod=00007ff80a140000 'C:\WINDOWS\system32\rsaenh.dll'
3cec.332c: supR3HardenedMonitor_LdrLoadDll: returns rcNt=0x0 hMod=00007ff80b690000 'C:\WINDOWS\System32\crypt32.dll'
3cec.332c: supR3HardenedWinVerifyCacheProcessWvtTodos: 0 (was 0) fWinVerifyTrust=1 for '\Device\HarddiskVolume3\Windows\System32\gdi32full.dll'
3cec.332c: supR3HardenedMonitor_LdrLoadDll: returns rcNt=0x0 hMod=00007ff80a140000 'C:\WINDOWS\system32\rsaenh.dll'
3cec.332c: supR3HardenedMonitor_LdrLoadDll: returns rcNt=0x0 hMod=00007ff80b690000 'C:\WINDOWS\System32\crypt32.dll'
3cec.332c: supR3HardenedWinVerifyCacheProcessWvtTodos: 0 (was 0) fWinVerifyTrust=1 for '\Device\HarddiskVolume3\Windows\System32\netutils.dll'
3cec.332c: supR3HardenedMonitor_LdrLoadDll: returns rcNt=0x0 hMod=00007ff80a140000 'C:\WINDOWS\system32\rsaenh.dll'
3cec.332c: supR3HardenedMonitor_LdrLoadDll: returns rcNt=0x0 hMod=00007ff80b690000 'C:\WINDOWS\System32\crypt32.dll'
3cec.332c: supR3HardenedWinVerifyCacheProcessWvtTodos: 0 (was 0) fWinVerifyTrust=1 for '\Device\HarddiskVolume3\Windows\System32\srvcli.dll'
3cec.332c: supR3HardenedMonitor_LdrLoadDll: returns rcNt=0x0 hMod=00007ff80a140000 'C:\WINDOWS\system32\rsaenh.dll'
3cec.332c: supR3HardenedMonitor_LdrLoadDll: returns rcNt=0x0 hMod=00007ff80b690000 'C:\WINDOWS\System32\crypt32.dll'
3cec.332c: supR3HardenedWinVerifyCacheProcessWvtTodos: 0 (was 0) fWinVerifyTrust=1 for '\Device\HarddiskVolume3\Windows\System32\powrprof.dll'
3cec.332c: supR3HardenedMonitor_LdrLoadDll: returns rcNt=0x0 hMod=00007ff80a140000 'C:\WINDOWS\system32\rsaenh.dll'
3cec.332c: supR3HardenedMonitor_LdrLoadDll: returns rcNt=0x0 hMod=00007ff80b690000 'C:\WINDOWS\System32\crypt32.dll'
3cec.332c: supR3HardenedWinVerifyCacheProcessWvtTodos: 0 (was 0) fWinVerifyTrust=1 for '\Device\HarddiskVolume3\Program Files\Oracle\VirtualBox\Qt6SqlVBox.dll'
3cec.332c: supR3HardenedMonitor_LdrLoadDll: returns rcNt=0x0 hMod=00007ff80a140000 'C:\WINDOWS\system32\rsaenh.dll'
3cec.332c: supR3HardenedMonitor_LdrLoadDll: returns rcNt=0x0 hMod=00007ff80b690000 'C:\WINDOWS\System32\crypt32.dll'
3cec.332c: supR3HardenedWinVerifyCacheProcessWvtTodos: 0 (was 0) fWinVerifyTrust=1 for '\Device\HarddiskVolume3\Windows\System32\mpr.dll'
3cec.332c: supR3HardenedMonitor_LdrLoadDll: returns rcNt=0x0 hMod=00007ff80a140000 'C:\WINDOWS\system32\rsaenh.dll'
3cec.332c: supR3HardenedMonitor_LdrLoadDll: returns rcNt=0x0 hMod=00007ff80b690000 'C:\WINDOWS\System32\crypt32.dll'
3cec.332c: supR3HardenedWinVerifyCacheProcessWvtTodos: 0 (was 0) fWinVerifyTrust=1 for '\Device\HarddiskVolume3\Windows\System32\userenv.dll'
3cec.332c: supR3HardNtViCallWinVerifyTrustCatFile: hFile=00000000000005a4 pwszName=\Device\HarddiskVolume3\Windows\System32\authz.dll
3cec.332c: supR3HardNtViCallWinVerifyTrustCatFile: Cached context 00000287301a8c60
3cec.332c: supR3HardNtViCallWinVerifyTrustCatFile: hCatAdmin=00000287301a8c60
3cec.332c: supR3HardNtViCallWinVerifyTrustCatFile: cbHash=20 wszDigest=10A53C266477BFC04271044CAF74A44CB8C9B48C
3cec.332c: supR3HardenedMonitor_LdrLoadDll: returns rcNt=0x0 hMod=00007ff80a140000 'C:\WINDOWS\system32\rsaenh.dll'
3cec.332c: supR3HardenedScreenImage/LdrLoadDll: cache hit (VINF_SUCCESS) on \Device\HarddiskVolume3\Windows\System32\crypt32.dll
3cec.332c: supR3HardenedMonitor_LdrLoadDll: pName=C:\WINDOWS\System32\crypt32.dll (Input=crypt32.dll, rcNtResolve=0xc0150008) *pfFlags=0x0 pwszSearchPath=0000000000000001:<flags> [calling]
3cec.332c: supR3HardenedMonitor_LdrLoadDll: returns rcNt=0x0 hMod=00007ff80b690000 'C:\WINDOWS\System32\crypt32.dll'
3cec.332c: supR3HardNtViCallWinVerifyTrustCatFile: WinVerifyTrust => 0x0; cat='C:\WINDOWS\system32\CatRoot\{F750E6C3-38EE-11D1-85E5-00C04FC295EE}\Microsoft-OneCore-CoreSystem-Core-merged-Package~31bf3856ad364e35~amd64~~10.0.26100.8037.cat'; file='\Device\HarddiskVolume3\Windows\System32\authz.dll'
3cec.332c: supR3HardNtViCallWinVerifyTrustCatFile -> 0 (org 22900)
3cec.332c: supR3HardenedWinVerifyCacheProcessWvtTodos: 0 (was 22900) fWinVerifyTrust=1 for '\Device\HarddiskVolume3\Windows\System32\authz.dll'
3cec.332c: supR3HardenedMonitor_LdrLoadDll: returns rcNt=0x0 hMod=00007ff80a140000 'C:\WINDOWS\system32\rsaenh.dll'
3cec.332c: supR3HardenedMonitor_LdrLoadDll: returns rcNt=0x0 hMod=00007ff80b690000 'C:\WINDOWS\System32\crypt32.dll'
3cec.332c: supR3HardenedWinVerifyCacheProcessWvtTodos: 0 (was 0) fWinVerifyTrust=1 for '\Device\HarddiskVolume3\Windows\System32\netapi32.dll'
3cec.332c: supR3HardenedMonitor_LdrLoadDll: returns rcNt=0x0 hMod=00007ff80a140000 'C:\WINDOWS\system32\rsaenh.dll'
3cec.332c: supR3HardenedMonitor_LdrLoadDll: returns rcNt=0x0 hMod=00007ff80b690000 'C:\WINDOWS\System32\crypt32.dll'
3cec.332c: supR3HardenedWinVerifyCacheProcessWvtTodos: 0 (was 0) fWinVerifyTrust=1 for '\Device\HarddiskVolume3\Windows\System32\version.dll'
3cec.332c: supR3HardenedScreenImage/LdrLoadDll: cache hit (VINF_SUCCESS) on \Device\HarddiskVolume3\Windows\System32\rsaenh.dll
3cec.332c: supR3HardenedMonitor_LdrLoadDll: pName=C:\WINDOWS\system32\rsaenh.dll (rcNtResolve=0xc0150008) *pfFlags=0x0 pwszSearchPath=0000000000000001:<flags> [calling]
3cec.332c: supR3HardenedMonitor_LdrLoadDll: returns rcNt=0x0 hMod=00007ff80a140000 'C:\WINDOWS\system32\rsaenh.dll'
3cec.332c: supR3HardenedMonitor_LdrLoadDll: returns rcNt=0x0 hMod=00007ff80b690000 'C:\WINDOWS\System32\crypt32.dll'
3cec.332c: supR3HardenedWinVerifyCacheProcessWvtTodos: 0 (was 0) fWinVerifyTrust=1 for '\Device\HarddiskVolume3\Windows\System32\d3d11.dll'
3cec.332c: supR3HardenedMonitor_LdrLoadDll: returns rcNt=0x0 hMod=00007ff80a140000 'C:\WINDOWS\system32\rsaenh.dll'
3cec.332c: supR3HardenedMonitor_LdrLoadDll: returns rcNt=0x0 hMod=00007ff80b690000 'C:\WINDOWS\System32\crypt32.dll'
3cec.332c: supR3HardenedWinVerifyCacheProcessWvtTodos: 0 (was 0) fWinVerifyTrust=1 for '\Device\HarddiskVolume3\Windows\System32\dxgi.dll'
3cec.332c: supR3HardenedMonitor_LdrLoadDll: returns rcNt=0x0 hMod=00007ff80a140000 'C:\WINDOWS\system32\rsaenh.dll'
3cec.332c: supR3HardenedMonitor_LdrLoadDll: returns rcNt=0x0 hMod=00007ff80b690000 'C:\WINDOWS\System32\crypt32.dll'
3cec.332c: supR3HardenedWinVerifyCacheProcessWvtTodos: 0 (was 0) fWinVerifyTrust=1 for '\Device\HarddiskVolume3\Windows\System32\D3D12.dll'
3cec.332c: supR3HardenedMonitor_LdrLoadDll: returns rcNt=0x0 hMod=00007ff80a140000 'C:\WINDOWS\system32\rsaenh.dll'
3cec.332c: supR3HardenedMonitor_LdrLoadDll: returns rcNt=0x0 hMod=00007ff80b690000 'C:\WINDOWS\System32\crypt32.dll'
3cec.332c: supR3HardenedWinVerifyCacheProcessWvtTodos: 0 (was 0) fWinVerifyTrust=1 for '\Device\HarddiskVolume3\Windows\System32\shell32.dll'
3cec.332c: supR3HardNtViCallWinVerifyTrustCatFile: hFile=0000000000000594 pwszName=\Device\HarddiskVolume3\Windows\System32\DWrite.dll
3cec.332c: supR3HardNtViCallWinVerifyTrustCatFile: Cached context 00000287301a8c60
3cec.332c: supR3HardNtViCallWinVerifyTrustCatFile: hCatAdmin=00000287301a8c60
3cec.332c: supR3HardNtViCallWinVerifyTrustCatFile: cbHash=20 wszDigest=DC94200FCBDB579DA0DEBAD689ECB1C5A57CC545
3cec.332c: supR3HardenedMonitor_LdrLoadDll: returns rcNt=0x0 hMod=00007ff80a140000 'C:\WINDOWS\system32\rsaenh.dll'
3cec.332c: supR3HardenedMonitor_LdrLoadDll: returns rcNt=0x0 hMod=00007ff80b690000 'C:\WINDOWS\System32\crypt32.dll'
3cec.332c: supR3HardNtViCallWinVerifyTrustCatFile: WinVerifyTrust => 0x0; cat='C:\WINDOWS\system32\CatRoot\{F750E6C3-38EE-11D1-85E5-00C04FC295EE}\Microsoft-OneCore-Graphics-DirectX-Package~31bf3856ad364e35~amd64~~10.0.26100.8246.cat'; file='\Device\HarddiskVolume3\Windows\System32\DWrite.dll'
3cec.332c: supR3HardNtViCallWinVerifyTrustCatFile -> 0 (org 22900)
3cec.332c: supR3HardenedWinVerifyCacheProcessWvtTodos: 0 (was 22900) fWinVerifyTrust=1 for '\Device\HarddiskVolume3\Windows\System32\DWrite.dll'
3cec.332c: supR3HardenedMonitor_LdrLoadDll: returns rcNt=0x0 hMod=00007ff80a140000 'C:\WINDOWS\system32\rsaenh.dll'
3cec.332c: supR3HardenedMonitor_LdrLoadDll: returns rcNt=0x0 hMod=00007ff80b690000 'C:\WINDOWS\System32\crypt32.dll'
3cec.332c: supR3HardenedWinVerifyCacheProcessWvtTodos: 0 (was 0) fWinVerifyTrust=1 for '\Device\HarddiskVolume3\Windows\System32\msvcp140_2.dll'
3cec.332c: supR3HardenedMonitor_LdrLoadDll: returns rcNt=0x0 hMod=00007ff80a140000 'C:\WINDOWS\system32\rsaenh.dll'
3cec.332c: supR3HardenedMonitor_LdrLoadDll: returns rcNt=0x0 hMod=00007ff80b690000 'C:\WINDOWS\System32\crypt32.dll'
3cec.332c: supR3HardenedWinVerifyCacheProcessWvtTodos: 0 (was 0) fWinVerifyTrust=1 for '\Device\HarddiskVolume3\Windows\System32\dwmapi.dll'
3cec.332c: supR3HardNtViCallWinVerifyTrustCatFile: hFile=000000000000043c pwszName=\Device\HarddiskVolume3\Windows\System32\uxtheme.dll
3cec.332c: supR3HardNtViCallWinVerifyTrustCatFile: Cached context 00000287301a8c60
3cec.332c: supR3HardNtViCallWinVerifyTrustCatFile: hCatAdmin=00000287301a8c60
3cec.332c: supR3HardNtViCallWinVerifyTrustCatFile: cbHash=20 wszDigest=E79F93BC3D29033AD2BD48256699B4A8D9A4ACB2
3cec.332c: supR3HardenedMonitor_LdrLoadDll: returns rcNt=0x0 hMod=00007ff80a140000 'C:\WINDOWS\system32\rsaenh.dll'
3cec.332c: supR3HardenedMonitor_LdrLoadDll: returns rcNt=0x0 hMod=00007ff80b690000 'C:\WINDOWS\System32\crypt32.dll'
3cec.332c: supR3HardNtViCallWinVerifyTrustCatFile: WinVerifyTrust => 0x0; cat='C:\WINDOWS\system32\CatRoot\{F750E6C3-38EE-11D1-85E5-00C04FC295EE}\Microsoft-Windows-Client-Desktop-Required-Package04112~31bf3856ad364e35~amd64~~10.0.26100.8246.cat'; file='\Device\HarddiskVolume3\Windows\System32\uxtheme.dll'
3cec.332c: supR3HardNtViCallWinVerifyTrustCatFile -> 0 (org 22900)
3cec.332c: supR3HardenedWinVerifyCacheProcessWvtTodos: 0 (was 22900) fWinVerifyTrust=1 for '\Device\HarddiskVolume3\Windows\System32\uxtheme.dll'
3cec.332c: supR3HardenedMonitor_LdrLoadDll: returns rcNt=0x0 hMod=00007ff80a140000 'C:\WINDOWS\system32\rsaenh.dll'
3cec.332c: supR3HardenedMonitor_LdrLoadDll: returns rcNt=0x0 hMod=00007ff80b690000 'C:\WINDOWS\System32\crypt32.dll'
3cec.332c: supR3HardenedWinVerifyCacheProcessWvtTodos: 0 (was 0) fWinVerifyTrust=1 for '\Device\HarddiskVolume3\Windows\System32\msvcp140_1.dll'
3cec.332c: supR3HardenedMonitor_LdrLoadDll: returns rcNt=0x0 hMod=00007ff80a140000 'C:\WINDOWS\system32\rsaenh.dll'
3cec.332c: supR3HardenedMonitor_LdrLoadDll: returns rcNt=0x0 hMod=00007ff80b690000 'C:\WINDOWS\System32\crypt32.dll'
3cec.332c: supR3HardenedWinVerifyCacheProcessWvtTodos: 0 (was 0) fWinVerifyTrust=1 for '\Device\HarddiskVolume3\Windows\System32\win32u.dll'
3cec.332c: supR3HardenedMonitor_LdrLoadDll: returns rcNt=0x0 hMod=00007ff80a140000 'C:\WINDOWS\system32\rsaenh.dll'
3cec.332c: supR3HardenedMonitor_LdrLoadDll: returns rcNt=0x0 hMod=00007ff80b690000 'C:\WINDOWS\System32\crypt32.dll'
3cec.332c: supR3HardenedWinVerifyCacheProcessWvtTodos: 0 (was 0) fWinVerifyTrust=1 for '\Device\HarddiskVolume3\Windows\System32\gdi32.dll'
3cec.332c: supR3HardenedMonitor_LdrLoadDll: returns rcNt=0x0 hMod=00007ff80a140000 'C:\WINDOWS\system32\rsaenh.dll'
3cec.332c: supR3HardenedMonitor_LdrLoadDll: returns rcNt=0x0 hMod=00007ff80b690000 'C:\WINDOWS\System32\crypt32.dll'
3cec.332c: supR3HardenedWinVerifyCacheProcessWvtTodos: 0 (was 0) fWinVerifyTrust=1 for '\Device\HarddiskVolume3\Windows\System32\combase.dll'
3cec.332c: SUPR3HardenedMain: Calling TrustedMain (00007fffd7b119b0)...
3cec.332c: supR3HardenedDllNotificationCallback: load   00007ff80c0a0000 LB 0x00868000 C:\WINDOWS\System32\windows.storage.dll [fFlags=0x0]
3cec.332c: supR3HardenedWinVerifyCacheScheduleImports: Import todo: #31 'combase.dll'.
3cec.332c: supR3HardenedWinVerifyCacheScheduleImports: Import todo: #32 'msvcp_win.dll'.
3cec.332c: supHardenedWinVerifyImageByHandle: -> 0 (\Device\HarddiskVolume3\Windows\System32\windows.storage.dll)
3cec.332c: supR3HardenedWinVerifyCacheInsert: \Device\HarddiskVolume3\Windows\System32\windows.storage.dll
3cec.332c: supR3HardenedDllNotificationCallback: load   00007ff80cfa0000 LB 0x00066000 C:\WINDOWS\System32\shlwapi.dll [fFlags=0x0]
3cec.332c: supR3HardenedWinVerifyCacheScheduleImports: Import todo: #4 'windows.storage.dll'.
3cec.332c: supHardenedWinVerifyImageByHandle: -> 0 (\Device\HarddiskVolume3\Windows\System32\shlwapi.dll)
3cec.332c: supR3HardenedWinVerifyCacheInsert: \Device\HarddiskVolume3\Windows\System32\shlwapi.dll
3cec.332c: supR3HardenedWinVerifyCacheProcessImportTodos: Processing 'windows.storage.dll'...
3cec.332c: supR3HardenedWinVerifyCacheProcessImportTodos: 'windows.storage.dll' -> '\Device\HarddiskVolume3\Windows\System32\windows.storage.dll' [rcNtRedir=0xc0150008]
3cec.332c: supR3HardenedScreenImage/Imports: cache hit (VINF_SUCCESS) on \Device\HarddiskVolume3\Windows\System32\windows.storage.dll [lacks WinVerifyTrust]
3cec.332c: supR3HardenedWinVerifyCacheProcessImportTodos: Processing 'msvcp_win.dll'...
3cec.332c: supR3HardenedWinVerifyCacheProcessImportTodos: 'msvcp_win.dll' -> '\Device\HarddiskVolume3\Windows\System32\msvcp_win.dll' [rcNtRedir=0xc0150008]
3cec.332c: supR3HardenedWinVerifyCacheProcessImportTodos: Processing 'combase.dll'...
3cec.332c: supR3HardenedWinVerifyCacheProcessImportTodos: 'combase.dll' -> '\Device\HarddiskVolume3\Windows\System32\combase.dll' [rcNtRedir=0xc0150008]
3cec.332c: supR3HardenedScreenImage/Imports: cache hit (VINF_SUCCESS) on \Device\HarddiskVolume3\Windows\System32\combase.dll
3cec.332c: supR3HardenedMonitor_LdrLoadDll: returns rcNt=0x0 hMod=00007ff80a140000 'C:\WINDOWS\system32\rsaenh.dll'
3cec.332c: supR3HardenedMonitor_LdrLoadDll: returns rcNt=0x0 hMod=00007ff80b690000 'C:\WINDOWS\System32\crypt32.dll'
3cec.332c: supR3HardenedWinVerifyCacheProcessWvtTodos: 0 (was 0) fWinVerifyTrust=1 for '\Device\HarddiskVolume3\Windows\System32\shlwapi.dll'
3cec.332c: supR3HardenedMonitor_LdrLoadDll: returns rcNt=0x0 hMod=00007ff80a140000 'C:\WINDOWS\system32\rsaenh.dll'
3cec.332c: supR3HardenedMonitor_LdrLoadDll: returns rcNt=0x0 hMod=00007ff80b690000 'C:\WINDOWS\System32\crypt32.dll'
3cec.332c: supR3HardenedWinVerifyCacheProcessWvtTodos: 0 (was 0) fWinVerifyTrust=1 for '\Device\HarddiskVolume3\Windows\System32\windows.storage.dll'
3cec.332c: supR3HardenedMonitor_LdrLoadDll: returns rcNt=0x0 hMod=00007ff80a140000 'C:\WINDOWS\system32\rsaenh.dll'
3cec.332c: supR3HardenedMonitor_LdrLoadDll: returns rcNt=0x0 hMod=00007ff80b690000 'C:\WINDOWS\System32\crypt32.dll'
3cec.332c: supR3HardenedWinVerifyCacheScheduleImports: Import todo: #0 'advapi32.dll'.
3cec.332c: supR3HardenedWinVerifyCacheScheduleImports: Import todo: #1 'dwmapi.dll'.
3cec.332c: supR3HardenedWinVerifyCacheScheduleImports: Import todo: #2 'gdi32.dll'.
3cec.332c: supR3HardenedWinVerifyCacheScheduleImports: Import todo: #3 'imm32.dll'.
3cec.332c: supR3HardenedWinVerifyCacheScheduleImports: Import todo: #4 'ole32.dll'.
3cec.332c: supR3HardenedWinVerifyCacheScheduleImports: Import todo: #5 'oleaut32.dll'.
3cec.332c: supR3HardenedWinVerifyCacheScheduleImports: Import todo: #6 'setupapi.dll'.
3cec.332c: supR3HardenedWinVerifyCacheScheduleImports: Import todo: #7 'shell32.dll'.
3cec.332c: supR3HardenedWinVerifyCacheScheduleImports: Import todo: #8 'shlwapi.dll'.
3cec.332c: supR3HardenedWinVerifyCacheScheduleImports: Import todo: #9 'user32.dll'.
3cec.332c: supR3HardenedWinVerifyCacheScheduleImports: Import todo: #10 'winmm.dll'.
3cec.332c: supR3HardenedWinVerifyCacheScheduleImports: Import todo: #11 'wtsapi32.dll'.
3cec.332c: supR3HardenedWinVerifyCacheScheduleImports: Import todo: #13 'comdlg32.dll'.
3cec.332c: supR3HardenedWinVerifyCacheScheduleImports: Import todo: #14 'd3d9.dll'.
3cec.332c: supR3HardenedWinVerifyCacheScheduleImports: Import todo: #17 'uiautomationcore.dll'.
3cec.332c: supR3HardenedWinVerifyCacheScheduleImports: Import todo: #18 'qt6guivbox.dll'.
3cec.332c: supR3HardenedWinVerifyCacheScheduleImports: Import todo: #19 'qt6corevbox.dll'.
3cec.332c: supR3HardenedWinVerifyCacheScheduleImports: Import todo: #21 'msvcp140.dll'.
3cec.332c: supR3HardenedWinVerifyCacheScheduleImports: Import todo: #22 'vcruntime140.dll'.
3cec.332c: supR3HardenedWinVerifyCacheScheduleImports: Import todo: #23 'vcruntime140_1.dll'.
3cec.332c: supHardenedWinVerifyImageByHandle: -> 0 (\Device\HarddiskVolume3\Program Files\Oracle\VirtualBox\platforms\qwindowsVBox.dll) WinVerifyTrust
3cec.332c: supR3HardenedWinVerifyCacheInsert: \Device\HarddiskVolume3\Program Files\Oracle\VirtualBox\platforms\qwindowsVBox.dll
3cec.332c: supR3HardenedWinVerifyCacheProcessImportTodos: Processing 'vcruntime140_1.dll'...
3cec.332c: supR3HardenedWinVerifyCacheProcessImportTodos: 'vcruntime140_1.dll' -> '\Device\HarddiskVolume3\Windows\System32\vcruntime140_1.dll' [rcNtRedir=0xc0150008]
3cec.332c: supR3HardenedWinVerifyCacheProcessImportTodos: Processing 'vcruntime140.dll'...
3cec.332c: supR3HardenedWinVerifyCacheProcessImportTodos: 'vcruntime140.dll' -> '\Device\HarddiskVolume3\Windows\System32\vcruntime140.dll' [rcNtRedir=0xc0150008]
3cec.332c: supR3HardenedWinVerifyCacheProcessImportTodos: Processing 'msvcp140.dll'...
3cec.332c: supR3HardenedWinVerifyCacheProcessImportTodos: 'msvcp140.dll' -> '\Device\HarddiskVolume3\Windows\System32\msvcp140.dll' [rcNtRedir=0xc0150008]
3cec.332c: supR3HardenedWinVerifyCacheProcessImportTodos: Processing 'qt6corevbox.dll'...
3cec.332c: supR3HardenedWinVerifyCacheProcessImportTodos: 'qt6corevbox.dll' -> '\Device\HarddiskVolume3\Program Files\Oracle\VirtualBox\qt6corevbox.dll' [rcNtRedir=0xc0150008]
3cec.332c: supR3HardenedWinVerifyCacheProcessImportTodos: Processing 'qt6guivbox.dll'...
3cec.332c: supR3HardenedWinVerifyCacheProcessImportTodos: 'qt6guivbox.dll' -> '\Device\HarddiskVolume3\Program Files\Oracle\VirtualBox\qt6guivbox.dll' [rcNtRedir=0xc0150008]
3cec.332c: supR3HardenedScreenImage/Imports: cache hit (VINF_SUCCESS) on \Device\HarddiskVolume3\Program Files\Oracle\VirtualBox\Qt6GuiVBox.dll
3cec.332c: supR3HardenedWinVerifyCacheProcessImportTodos: Processing 'uiautomationcore.dll'...
3cec.332c: supR3HardenedWinVerifyCacheProcessImportTodos: 'uiautomationcore.dll' -> '\Device\HarddiskVolume3\Windows\System32\uiautomationcore.dll' [rcNtRedir=0xc0150008]
3cec.332c: supR3HardNtViCallWinVerifyTrustCatFile: hFile=00000000000004e4 pwszName=\Device\HarddiskVolume3\Windows\System32\UIAutomationCore.dll
3cec.332c: supR3HardNtViCallWinVerifyTrustCatFile: Cached context 00000287301a8c60
3cec.332c: supR3HardNtViCallWinVerifyTrustCatFile: hCatAdmin=00000287301a8c60
3cec.332c: supR3HardNtViCallWinVerifyTrustCatFile: cbHash=20 wszDigest=468786E2F8CEB02138D0DB3BFE06F422C7B0D04B
3cec.332c: supR3HardenedMonitor_LdrLoadDll: returns rcNt=0x0 hMod=00007ff80a140000 'C:\WINDOWS\system32\rsaenh.dll'
3cec.332c: supR3HardenedMonitor_LdrLoadDll: returns rcNt=0x0 hMod=00007ff80b690000 'C:\WINDOWS\System32\crypt32.dll'
3cec.332c: supR3HardNtViCallWinVerifyTrustCatFile: WinVerifyTrust => 0x0; cat='C:\WINDOWS\system32\CatRoot\{F750E6C3-38EE-11D1-85E5-00C04FC295EE}\Runlevel-Win4-merged-Package~31bf3856ad364e35~amd64~~10.0.26100.8246.cat'; file='\Device\HarddiskVolume3\Windows\System32\UIAutomationCore.dll'
3cec.332c: supR3HardNtViCallWinVerifyTrustCatFile -> 0 (org 22900)
3cec.332c: supR3HardenedWinVerifyCacheScheduleImports: Import todo: #0 'msvcp_win.dll'.
3cec.332c: supHardenedWinVerifyImageByHandle: -> 0 (\Device\HarddiskVolume3\Windows\System32\UIAutomationCore.dll) WinVerifyTrust
3cec.332c: supR3HardenedWinVerifyCacheInsert: \Device\HarddiskVolume3\Windows\System32\UIAutomationCore.dll
3cec.332c: supR3HardenedWinVerifyCacheProcessImportTodos: Processing 'd3d9.dll'...
3cec.332c: supR3HardenedWinVerifyCacheProcessImportTodos: 'd3d9.dll' -> '\Device\HarddiskVolume3\Windows\System32\d3d9.dll' [rcNtRedir=0xc0150008]
3cec.332c: supR3HardenedWinVerifyCacheProcessImportTodos: Processing 'msvcp_win.dll'...
3cec.332c: supR3HardenedWinVerifyCacheProcessImportTodos: 'msvcp_win.dll' -> '\Device\HarddiskVolume3\Windows\System32\msvcp_win.dll' [rcNtRedir=0xc0150008]
3cec.332c: supR3HardenedMonitor_LdrLoadDll: returns rcNt=0x0 hMod=00007ff80a140000 'C:\WINDOWS\system32\rsaenh.dll'
3cec.332c: supR3HardenedMonitor_LdrLoadDll: returns rcNt=0x0 hMod=00007ff80b690000 'C:\WINDOWS\System32\crypt32.dll'
3cec.332c: supR3HardenedWinVerifyCacheScheduleImports: Import todo: #0 'msvcrt.dll'.
3cec.332c: supR3HardenedWinVerifyCacheScheduleImports: Import todo: #6 'user32.dll'.
3cec.332c: supR3HardenedWinVerifyCacheScheduleImports: Import todo: #9 'win32u.dll'.
3cec.332c: supR3HardenedWinVerifyCacheScheduleImports: Import todo: #10 'gdi32.dll'.
3cec.332c: supR3HardenedWinVerifyCacheScheduleImports: Import todo: #12 'dwmapi.dll'.
3cec.332c: supR3HardenedWinVerifyCacheScheduleImports: Import todo: #15 'version.dll'.
3cec.332c: supHardenedWinVerifyImageByHandle: -> 0 (\Device\HarddiskVolume3\Windows\System32\d3d9.dll) WinVerifyTrust
3cec.332c: supR3HardenedWinVerifyCacheInsert: \Device\HarddiskVolume3\Windows\System32\d3d9.dll
3cec.332c: supR3HardenedWinVerifyCacheProcessImportTodos: Processing 'comdlg32.dll'...
3cec.332c: supR3HardenedWinVerifyCacheProcessImportTodos: 'comdlg32.dll' -> '\Device\HarddiskVolume3\Windows\System32\comdlg32.dll' [rcNtRedir=0xc0150008]
3cec.332c: supR3HardNtViCallWinVerifyTrustCatFile: hFile=00000000000004ec pwszName=\Device\HarddiskVolume3\Windows\System32\comdlg32.dll
3cec.332c: supR3HardNtViCallWinVerifyTrustCatFile: Cached context 00000287301a8c60
3cec.332c: supR3HardNtViCallWinVerifyTrustCatFile: hCatAdmin=00000287301a8c60
3cec.332c: supR3HardNtViCallWinVerifyTrustCatFile: cbHash=20 wszDigest=8693F65AB86A525FA8E22C050AD51E96DFEDAF77
3cec.332c: supR3HardenedWinVerifyCacheProcessImportTodos: Processing 'version.dll'...
3cec.332c: supR3HardenedWinVerifyCacheProcessImportTodos: 'version.dll' -> '\Device\HarddiskVolume3\Windows\System32\version.dll' [rcNtRedir=0xc0150008]
3cec.332c: supR3HardenedScreenImage/Imports: cache hit (VINF_SUCCESS) on \Device\HarddiskVolume3\Windows\System32\version.dll
3cec.332c: supR3HardenedWinVerifyCacheProcessImportTodos: Processing 'dwmapi.dll'...
3cec.332c: supR3HardenedWinVerifyCacheProcessImportTodos: 'dwmapi.dll' -> '\Device\HarddiskVolume3\Windows\System32\dwmapi.dll' [rcNtRedir=0xc0150008]
3cec.332c: supR3HardenedScreenImage/Imports: cache hit (VINF_SUCCESS) on \Device\HarddiskVolume3\Windows\System32\dwmapi.dll
3cec.332c: supR3HardenedWinVerifyCacheProcessImportTodos: Processing 'gdi32.dll'...
3cec.332c: supR3HardenedWinVerifyCacheProcessImportTodos: 'gdi32.dll' -> '\Device\HarddiskVolume3\Windows\System32\gdi32.dll' [rcNtRedir=0xc0150008]
3cec.332c: supR3HardenedWinVerifyCacheProcessImportTodos: Processing 'win32u.dll'...
3cec.332c: supR3HardenedWinVerifyCacheProcessImportTodos: 'win32u.dll' -> '\Device\HarddiskVolume3\Windows\System32\win32u.dll' [rcNtRedir=0xc0150008]
3cec.332c: supR3HardenedWinVerifyCacheProcessImportTodos: Processing 'user32.dll'...
3cec.332c: supR3HardenedWinVerifyCacheProcessImportTodos: 'user32.dll' -> '\Device\HarddiskVolume3\Windows\System32\user32.dll' [rcNtRedir=0xc0150008]
3cec.332c: supR3HardenedWinVerifyCacheProcessImportTodos: Processing 'msvcrt.dll'...
3cec.332c: supR3HardenedWinVerifyCacheProcessImportTodos: 'msvcrt.dll' -> '\Device\HarddiskVolume3\Windows\System32\msvcrt.dll' [rcNtRedir=0xc0150008]
3cec.332c: supR3HardenedScreenImage/Imports: cache hit (VINF_SUCCESS) on \Device\HarddiskVolume3\Windows\System32\msvcrt.dll
3cec.332c: supR3HardenedMonitor_LdrLoadDll: returns rcNt=0x0 hMod=00007ff80a140000 'C:\WINDOWS\system32\rsaenh.dll'
3cec.332c: supR3HardenedMonitor_LdrLoadDll: returns rcNt=0x0 hMod=00007ff80b690000 'C:\WINDOWS\System32\crypt32.dll'
3cec.332c: supR3HardNtViCallWinVerifyTrustCatFile: WinVerifyTrust => 0x0; cat='C:\WINDOWS\system32\CatRoot\{F750E6C3-38EE-11D1-85E5-00C04FC295EE}\Microsoft-Windows-Client-Desktop-Required-Package04~31bf3856ad364e35~amd64~~10.0.26100.8246.cat'; file='\Device\HarddiskVolume3\Windows\System32\comdlg32.dll'
3cec.332c: supR3HardNtViCallWinVerifyTrustCatFile -> 0 (org 22900)
3cec.332c: supR3HardenedWinVerifyCacheScheduleImports: Import todo: #0 'msvcp_win.dll'.
3cec.332c: supR3HardenedWinVerifyCacheScheduleImports: Import todo: #26 'rpcrt4.dll'.
3cec.332c: supR3HardenedWinVerifyCacheScheduleImports: Import todo: #43 'user32.dll'.
3cec.332c: supR3HardenedWinVerifyCacheScheduleImports: Import todo: #61 'shlwapi.dll'.
3cec.332c: supR3HardenedWinVerifyCacheScheduleImports: Import todo: #62 'gdi32.dll'.
3cec.332c: supR3HardenedWinVerifyCacheScheduleImports: Import todo: #63 'comctl32.dll'.
3cec.332c: supR3HardenedWinVerifyCacheScheduleImports: Import todo: #64 'shell32.dll'.
3cec.332c: supHardenedWinVerifyImageByHandle: -> 0 (\Device\HarddiskVolume3\Windows\System32\comdlg32.dll) WinVerifyTrust
3cec.332c: supR3HardenedWinVerifyCacheInsert: \Device\HarddiskVolume3\Windows\System32\comdlg32.dll
3cec.332c: supR3HardenedWinVerifyCacheProcessImportTodos: Processing 'wtsapi32.dll'...
3cec.332c: supR3HardenedWinVerifyCacheProcessImportTodos: 'wtsapi32.dll' -> '\Device\HarddiskVolume3\Windows\System32\wtsapi32.dll' [rcNtRedir=0xc0150008]
3cec.332c: supR3HardenedWinVerifyCacheProcessImportTodos: Processing 'shell32.dll'...
3cec.332c: supR3HardenedWinVerifyCacheProcessImportTodos: 'shell32.dll' -> '\Device\HarddiskVolume3\Windows\System32\shell32.dll' [rcNtRedir=0xc0150008]
3cec.332c: supR3HardenedScreenImage/Imports: cache hit (VINF_SUCCESS) on \Device\HarddiskVolume3\Windows\System32\shell32.dll
3cec.332c: supR3HardenedWinVerifyCacheProcessImportTodos: Processing 'comctl32.dll'...
3cec.332c: supR3HardenedWinVerifyCacheProcessImportTodos: 'comctl32.dll' -> '\Device\HarddiskVolume3\Windows\System32\comctl32.dll' [rcNtRedir=0x0]
3cec.332c: Detected WinVerifyTrust recursion: rc=VINF_SUCCESS '\Device\HarddiskVolume3\Windows\System32\comctl32.dll'.
3cec.332c: supR3HardenedWinVerifyCacheScheduleImports: Import todo: #1 'advapi32.dll'.
3cec.332c: supR3HardenedWinVerifyCacheScheduleImports: Import todo: #2 'gdi32.dll'.
3cec.332c: supR3HardenedWinVerifyCacheScheduleImports: Import todo: #4 'user32.dll'.
3cec.332c: supHardenedWinVerifyImageByHandle: -> 0 (\Device\HarddiskVolume3\Windows\System32\comctl32.dll)
3cec.332c: supR3HardenedWinVerifyCacheInsert: \Device\HarddiskVolume3\Windows\System32\comctl32.dll
3cec.332c: supR3HardenedWinVerifyCacheProcessImportTodos: Processing 'gdi32.dll'...
3cec.332c: supR3HardenedWinVerifyCacheProcessImportTodos: 'gdi32.dll' -> '\Device\HarddiskVolume3\Windows\System32\gdi32.dll' [rcNtRedir=0xc0150008]
3cec.332c: supR3HardenedWinVerifyCacheProcessImportTodos: Processing 'shlwapi.dll'...
3cec.332c: supR3HardenedWinVerifyCacheProcessImportTodos: 'shlwapi.dll' -> '\Device\HarddiskVolume3\Windows\System32\shlwapi.dll' [rcNtRedir=0xc0150008]
3cec.332c: supR3HardenedScreenImage/Imports: cache hit (VINF_SUCCESS) on \Device\HarddiskVolume3\Windows\System32\shlwapi.dll
3cec.332c: supR3HardenedWinVerifyCacheProcessImportTodos: Processing 'user32.dll'...
3cec.332c: supR3HardenedWinVerifyCacheProcessImportTodos: 'user32.dll' -> '\Device\HarddiskVolume3\Windows\System32\user32.dll' [rcNtRedir=0xc0150008]
3cec.332c: supR3HardenedWinVerifyCacheProcessImportTodos: Processing 'rpcrt4.dll'...
3cec.332c: supR3HardenedWinVerifyCacheProcessImportTodos: 'rpcrt4.dll' -> '\Device\HarddiskVolume3\Windows\System32\rpcrt4.dll' [rcNtRedir=0xc0150008]
3cec.332c: supR3HardenedWinVerifyCacheProcessImportTodos: Processing 'msvcp_win.dll'...
3cec.332c: supR3HardenedWinVerifyCacheProcessImportTodos: 'msvcp_win.dll' -> '\Device\HarddiskVolume3\Windows\System32\msvcp_win.dll' [rcNtRedir=0xc0150008]
3cec.332c: supR3HardenedWinVerifyCacheProcessImportTodos: Processing 'user32.dll'...
3cec.332c: supR3HardenedWinVerifyCacheProcessImportTodos: 'user32.dll' -> '\Device\HarddiskVolume3\Windows\System32\user32.dll' [rcNtRedir=0xc0150008]
3cec.332c: supR3HardenedWinVerifyCacheProcessImportTodos: Processing 'gdi32.dll'...
3cec.332c: supR3HardenedWinVerifyCacheProcessImportTodos: 'gdi32.dll' -> '\Device\HarddiskVolume3\Windows\System32\gdi32.dll' [rcNtRedir=0xc0150008]
3cec.332c: supR3HardenedWinVerifyCacheProcessImportTodos: Processing 'advapi32.dll'...
3cec.332c: supR3HardenedWinVerifyCacheProcessImportTodos: 'advapi32.dll' -> '\Device\HarddiskVolume3\Windows\System32\advapi32.dll' [rcNtRedir=0xc0150008]
3cec.332c: supR3HardenedScreenImage/Imports: cache hit (VINF_SUCCESS) on \Device\HarddiskVolume3\Windows\System32\advapi32.dll
3cec.332c: supR3HardenedMonitor_LdrLoadDll: returns rcNt=0x0 hMod=00007ff80a140000 'C:\WINDOWS\system32\rsaenh.dll'
3cec.332c: supR3HardenedMonitor_LdrLoadDll: returns rcNt=0x0 hMod=00007ff80b690000 'C:\WINDOWS\System32\crypt32.dll'
3cec.332c: supR3HardenedWinVerifyCacheScheduleImports: Import todo: #0 'msvcrt.dll'.
3cec.332c: supR3HardenedWinVerifyCacheScheduleImports: Import todo: #23 'sspicli.dll'.
3cec.332c: supR3HardenedWinVerifyCacheScheduleImports: Import todo: #28 'crypt32.dll'.
3cec.332c: supHardenedWinVerifyImageByHandle: -> 0 (\Device\HarddiskVolume3\Windows\System32\wtsapi32.dll) WinVerifyTrust
3cec.332c: supR3HardenedWinVerifyCacheInsert: \Device\HarddiskVolume3\Windows\System32\wtsapi32.dll
3cec.332c: supR3HardenedWinVerifyCacheProcessImportTodos: Processing 'winmm.dll'...
3cec.332c: supR3HardenedWinVerifyCacheProcessImportTodos: 'winmm.dll' -> '\Device\HarddiskVolume3\Windows\System32\winmm.dll' [rcNtRedir=0xc0150008]
3cec.332c: supR3HardenedScreenImage/Imports: cache hit (VINF_SUCCESS) on \Device\HarddiskVolume3\Windows\System32\winmm.dll
3cec.332c: supR3HardenedWinVerifyCacheProcessImportTodos: Processing 'user32.dll'...
3cec.332c: supR3HardenedWinVerifyCacheProcessImportTodos: 'user32.dll' -> '\Device\HarddiskVolume3\Windows\System32\user32.dll' [rcNtRedir=0xc0150008]
3cec.332c: supR3HardenedWinVerifyCacheProcessImportTodos: Processing 'shlwapi.dll'...
3cec.332c: supR3HardenedWinVerifyCacheProcessImportTodos: 'shlwapi.dll' -> '\Device\HarddiskVolume3\Windows\System32\shlwapi.dll' [rcNtRedir=0xc0150008]
3cec.332c: supR3HardenedScreenImage/Imports: cache hit (VINF_SUCCESS) on \Device\HarddiskVolume3\Windows\System32\shlwapi.dll
3cec.332c: supR3HardenedWinVerifyCacheProcessImportTodos: Processing 'shell32.dll'...
3cec.332c: supR3HardenedWinVerifyCacheProcessImportTodos: 'shell32.dll' -> '\Device\HarddiskVolume3\Windows\System32\shell32.dll' [rcNtRedir=0xc0150008]
3cec.332c: supR3HardenedScreenImage/Imports: cache hit (VINF_SUCCESS) on \Device\HarddiskVolume3\Windows\System32\shell32.dll
3cec.332c: supR3HardenedWinVerifyCacheProcessImportTodos: Processing 'setupapi.dll'...
3cec.332c: supR3HardenedWinVerifyCacheProcessImportTodos: 'setupapi.dll' -> '\Device\HarddiskVolume3\Windows\System32\setupapi.dll' [rcNtRedir=0xc0150008]
3cec.332c: supR3HardenedWinVerifyCacheProcessImportTodos: Processing 'crypt32.dll'...
3cec.332c: supR3HardenedWinVerifyCacheProcessImportTodos: 'crypt32.dll' -> '\Device\HarddiskVolume3\Windows\System32\crypt32.dll' [rcNtRedir=0xc0150008]
3cec.332c: supR3HardenedWinVerifyCacheProcessImportTodos: Processing 'sspicli.dll'...
3cec.332c: supR3HardenedWinVerifyCacheProcessImportTodos: 'sspicli.dll' -> '\Device\HarddiskVolume3\Windows\System32\sspicli.dll' [rcNtRedir=0xc0150008]
3cec.332c: Detected WinVerifyTrust recursion: rc=VINF_SUCCESS '\Device\HarddiskVolume3\Windows\System32\sspicli.dll'.
3cec.332c: supR3HardenedWinVerifyCacheScheduleImports: Import todo: #3 'rpcrt4.dll'.
3cec.332c: supHardenedWinVerifyImageByHandle: -> 0 (\Device\HarddiskVolume3\Windows\System32\sspicli.dll)
3cec.332c: supR3HardenedWinVerifyCacheInsert: \Device\HarddiskVolume3\Windows\System32\sspicli.dll
3cec.332c: supR3HardenedWinVerifyCacheProcessImportTodos: Processing 'msvcrt.dll'...
3cec.332c: supR3HardenedWinVerifyCacheProcessImportTodos: 'msvcrt.dll' -> '\Device\HarddiskVolume3\Windows\System32\msvcrt.dll' [rcNtRedir=0xc0150008]
3cec.332c: supR3HardenedScreenImage/Imports: cache hit (VINF_SUCCESS) on \Device\HarddiskVolume3\Windows\System32\msvcrt.dll
3cec.332c: supR3HardenedWinVerifyCacheProcessImportTodos: Processing 'rpcrt4.dll'...
3cec.332c: supR3HardenedWinVerifyCacheProcessImportTodos: 'rpcrt4.dll' -> '\Device\HarddiskVolume3\Windows\System32\rpcrt4.dll' [rcNtRedir=0xc0150008]
3cec.332c: supR3HardenedMonitor_LdrLoadDll: returns rcNt=0x0 hMod=00007ff80a140000 'C:\WINDOWS\system32\rsaenh.dll'
3cec.332c: supR3HardenedMonitor_LdrLoadDll: returns rcNt=0x0 hMod=00007ff80b690000 'C:\WINDOWS\System32\crypt32.dll'
3cec.332c: supR3HardenedWinVerifyCacheScheduleImports: Import todo: #0 'msvcrt.dll'.
3cec.332c: supHardenedWinVerifyImageByHandle: -> 0 (\Device\HarddiskVolume3\Windows\System32\setupapi.dll) WinVerifyTrust
3cec.332c: supR3HardenedWinVerifyCacheInsert: \Device\HarddiskVolume3\Windows\System32\setupapi.dll
3cec.332c: supR3HardenedWinVerifyCacheProcessImportTodos: Processing 'oleaut32.dll'...
3cec.332c: supR3HardenedWinVerifyCacheProcessImportTodos: 'oleaut32.dll' -> '\Device\HarddiskVolume3\Windows\System32\oleaut32.dll' [rcNtRedir=0xc0150008]
3cec.332c: supR3HardenedScreenImage/Imports: cache hit (VINF_SUCCESS) on \Device\HarddiskVolume3\Windows\System32\oleaut32.dll
3cec.332c: supR3HardenedWinVerifyCacheProcessImportTodos: Processing 'ole32.dll'...
3cec.332c: supR3HardenedWinVerifyCacheProcessImportTodos: 'ole32.dll' -> '\Device\HarddiskVolume3\Windows\System32\ole32.dll' [rcNtRedir=0xc0150008]
3cec.332c: supR3HardenedScreenImage/Imports: cache hit (VINF_SUCCESS) on \Device\HarddiskVolume3\Windows\System32\ole32.dll
3cec.332c: supR3HardenedWinVerifyCacheProcessImportTodos: Processing 'imm32.dll'...
3cec.332c: supR3HardenedWinVerifyCacheProcessImportTodos: 'imm32.dll' -> '\Device\HarddiskVolume3\Windows\System32\imm32.dll' [rcNtRedir=0xc0150008]
3cec.332c: supR3HardenedScreenImage/Imports: cache hit (VINF_SUCCESS) on \Device\HarddiskVolume3\Windows\System32\imm32.dll
3cec.332c: supR3HardenedWinVerifyCacheProcessImportTodos: Processing 'gdi32.dll'...
3cec.332c: supR3HardenedWinVerifyCacheProcessImportTodos: 'gdi32.dll' -> '\Device\HarddiskVolume3\Windows\System32\gdi32.dll' [rcNtRedir=0xc0150008]
3cec.332c: supR3HardenedWinVerifyCacheProcessImportTodos: Processing 'dwmapi.dll'...
3cec.332c: supR3HardenedWinVerifyCacheProcessImportTodos: 'dwmapi.dll' -> '\Device\HarddiskVolume3\Windows\System32\dwmapi.dll' [rcNtRedir=0xc0150008]
3cec.332c: supR3HardenedScreenImage/Imports: cache hit (VINF_SUCCESS) on \Device\HarddiskVolume3\Windows\System32\dwmapi.dll
3cec.332c: supR3HardenedWinVerifyCacheProcessImportTodos: Processing 'advapi32.dll'...
3cec.332c: supR3HardenedWinVerifyCacheProcessImportTodos: 'advapi32.dll' -> '\Device\HarddiskVolume3\Windows\System32\advapi32.dll' [rcNtRedir=0xc0150008]
3cec.332c: supR3HardenedScreenImage/Imports: cache hit (VINF_SUCCESS) on \Device\HarddiskVolume3\Windows\System32\advapi32.dll
3cec.332c: supR3HardenedWinVerifyCacheProcessImportTodos: Processing 'msvcrt.dll'...
3cec.332c: supR3HardenedWinVerifyCacheProcessImportTodos: 'msvcrt.dll' -> '\Device\HarddiskVolume3\Windows\System32\msvcrt.dll' [rcNtRedir=0xc0150008]
3cec.332c: supR3HardenedMonitor_LdrLoadDll: pName=C:\Program Files\Oracle\VirtualBox\platforms\qwindowsVBox.dll (rcNtResolve=0xc0150008) *pfFlags=0x0 pwszSearchPath=0000000000000001:<flags> [calling]
3cec.332c: supR3HardenedScreenImage/NtCreateSection: cache hit (VINF_SUCCESS) on \Device\HarddiskVolume3\Program Files\Oracle\VirtualBox\platforms\qwindowsVBox.dll
3cec.332c: supR3HardenedScreenImage/NtCreateSection: cache hit (VINF_SUCCESS) on \Device\HarddiskVolume3\Windows\System32\wtsapi32.dll
3cec.332c: supR3HardenedWinVerifyCacheScheduleImports: Import todo: #1 'advapi32.dll'.
3cec.332c: supR3HardenedWinVerifyCacheScheduleImports: Import todo: #2 'gdi32.dll'.
3cec.332c: supR3HardenedWinVerifyCacheScheduleImports: Import todo: #4 'user32.dll'.
3cec.332c: supHardenedWinVerifyImageByHandle: -> 0 (\Device\HarddiskVolume3\Windows\WinSxS\amd64_microsoft.windows.common-controls_6595b64144ccf1df_5.82.26100.8115_none_87ecef177a2e8a19\comctl32.dll)
3cec.332c: supR3HardenedWinVerifyCacheInsert: \Device\HarddiskVolume3\Windows\WinSxS\amd64_microsoft.windows.common-controls_6595b64144ccf1df_5.82.26100.8115_none_87ecef177a2e8a19\comctl32.dll
3cec.332c: supR3HardenedScreenImage/NtCreateSection: cache hit (VINF_SUCCESS) on \Device\HarddiskVolume3\Windows\System32\d3d9.dll
3cec.332c: supR3HardenedScreenImage/NtCreateSection: cache hit (VINF_SUCCESS) on \Device\HarddiskVolume3\Windows\System32\UIAutomationCore.dll
3cec.332c: supR3HardenedScreenImage/NtCreateSection: cache hit (VINF_SUCCESS) on \Device\HarddiskVolume3\Windows\System32\sspicli.dll [avoiding WinVerifyTrust]
3cec.332c: supR3HardenedWinVerifyCacheScheduleImports: Import todo: #0 'msvcp_win.dll'.
3cec.332c: supR3HardenedWinVerifyCacheScheduleImports: Import todo: #27 'win32u.dll'.
3cec.332c: supHardenedWinVerifyImageByHandle: -> 0 (\Device\HarddiskVolume3\Windows\System32\DXCore.dll)
3cec.332c: supR3HardenedWinVerifyCacheInsert: \Device\HarddiskVolume3\Windows\System32\DXCore.dll
3cec.332c: supR3HardenedDllNotificationCallback: load   00007ff80d8f0000 LB 0x00487000 C:\WINDOWS\System32\SETUPAPI.dll [fFlags=0x0]
3cec.332c: supR3HardenedScreenImage/LdrLoadDll: cache hit (VINF_SUCCESS) on \Device\HarddiskVolume3\Windows\System32\setupapi.dll
3cec.332c: supR3HardenedDllNotificationCallback: load   00007ff80a480000 LB 0x00049000 C:\WINDOWS\SYSTEM32\SspiCli.dll [fFlags=0x0]
3cec.332c: supR3HardenedScreenImage/LdrLoadDll: cache hit (VINF_SUCCESS) on \Device\HarddiskVolume3\Windows\System32\sspicli.dll [avoiding WinVerifyTrust]
3cec.332c: supR3HardenedDllNotificationCallback: load   00007ff808d90000 LB 0x00029000 C:\WINDOWS\SYSTEM32\WTSAPI32.dll [fFlags=0x0]
3cec.332c: supR3HardenedScreenImage/LdrLoadDll: cache hit (VINF_SUCCESS) on \Device\HarddiskVolume3\Windows\System32\wtsapi32.dll
3cec.332c: supR3HardenedDllNotificationCallback: load   00007ffffba90000 LB 0x000b5000 C:\WINDOWS\WinSxS\amd64_microsoft.windows.common-controls_6595b64144ccf1df_5.82.26100.8115_none_87ecef177a2e8a19\COMCTL32.dll [fFlags=0x0]
3cec.332c: supR3HardenedScreenImage/LdrLoadDll: cache hit (VINF_SUCCESS) on \Device\HarddiskVolume3\Windows\WinSxS\amd64_microsoft.windows.common-controls_6595b64144ccf1df_5.82.26100.8115_none_87ecef177a2e8a19\comctl32.dll [avoiding WinVerifyTrust]
3cec.332c: supR3HardenedDllNotificationCallback: load   00007ff80e7e0000 LB 0x000ef000 C:\WINDOWS\System32\COMDLG32.dll [fFlags=0x0]
3cec.332c: supR3HardenedScreenImage/LdrLoadDll: cache hit (VINF_SUCCESS) on \Device\HarddiskVolume3\Windows\System32\comdlg32.dll
3cec.332c: supR3HardenedDllNotificationCallback: load   00007ff809170000 LB 0x00043000 C:\WINDOWS\SYSTEM32\dxcore.dll [fFlags=0x0]
3cec.332c: supR3HardenedScreenImage/LdrLoadDll: cache hit (VINF_SUCCESS) on \Device\HarddiskVolume3\Windows\System32\DXCore.dll [avoiding WinVerifyTrust]
3cec.332c: supR3HardenedDllNotificationCallback: load   00007ffff3d50000 LB 0x001b2000 C:\WINDOWS\SYSTEM32\d3d9.dll [fFlags=0x0]
3cec.332c: supR3HardenedScreenImage/LdrLoadDll: cache hit (VINF_SUCCESS) on \Device\HarddiskVolume3\Windows\System32\d3d9.dll
3cec.332c: supR3HardenedDllNotificationCallback: load   00007ffff05f0000 LB 0x00420000 C:\WINDOWS\SYSTEM32\UIAutomationCore.DLL [fFlags=0x0]
3cec.332c: supR3HardenedScreenImage/LdrLoadDll: cache hit (VINF_SUCCESS) on \Device\HarddiskVolume3\Windows\System32\UIAutomationCore.dll
3cec.332c: supR3HardenedDllNotificationCallback: load   00007fffe4980000 LB 0x000db000 C:\Program Files\Oracle\VirtualBox\platforms\qwindowsVBox.dll [fFlags=0x0]
3cec.332c: supR3HardenedScreenImage/LdrLoadDll: cache hit (VINF_SUCCESS) on \Device\HarddiskVolume3\Program Files\Oracle\VirtualBox\platforms\qwindowsVBox.dll
3cec.332c: Detected loader lock ownership: rc=VINF_SUCCESS '\Device\HarddiskVolume3\Windows\System32\DXCore.dll'.
3cec.332c: supR3HardenedWinVerifyCacheProcessWvtTodos: 0 (was 0) fWinVerifyTrust=0 for '\Device\HarddiskVolume3\Windows\System32\DXCore.dll' [rescheduled]
3cec.332c: Detected loader lock ownership: rc=VINF_SUCCESS '\Device\HarddiskVolume3\Windows\WinSxS\amd64_microsoft.windows.common-controls_6595b64144ccf1df_5.82.26100.8115_none_87ecef177a2e8a19\comctl32.dll'.
3cec.332c: supR3HardenedWinVerifyCacheProcessWvtTodos: 0 (was 0) fWinVerifyTrust=0 for '\Device\HarddiskVolume3\Windows\WinSxS\amd64_microsoft.windows.common-controls_6595b64144ccf1df_5.82.26100.8115_none_87ecef177a2e8a19\comctl32.dll' [rescheduled]
3cec.332c: Detected loader lock ownership: rc=VINF_SUCCESS '\Device\HarddiskVolume3\Windows\System32\sspicli.dll'.
3cec.332c: supR3HardenedWinVerifyCacheProcessWvtTodos: 0 (was 0) fWinVerifyTrust=0 for '\Device\HarddiskVolume3\Windows\System32\sspicli.dll' [rescheduled]
3cec.332c: Detected loader lock ownership: rc=VINF_SUCCESS '\Device\HarddiskVolume3\Windows\System32\comctl32.dll'.
3cec.332c: supR3HardenedWinVerifyCacheProcessWvtTodos: 0 (was 0) fWinVerifyTrust=0 for '\Device\HarddiskVolume3\Windows\System32\comctl32.dll' [rescheduled]
3cec.332c: supR3HardenedScreenImage/LdrLoadDll: cache hit (VINF_SUCCESS) on \Device\HarddiskVolume3\Windows\System32\imm32.dll
3cec.332c: supR3HardenedWinVerifyCacheProcessImportTodos: Processing 'win32u.dll'...
3cec.332c: supR3HardenedWinVerifyCacheProcessImportTodos: 'win32u.dll' -> '\Device\HarddiskVolume3\Windows\System32\win32u.dll' [rcNtRedir=0xc0150008]
3cec.332c: supR3HardenedWinVerifyCacheProcessImportTodos: Processing 'msvcp_win.dll'...
3cec.332c: supR3HardenedWinVerifyCacheProcessImportTodos: 'msvcp_win.dll' -> '\Device\HarddiskVolume3\Windows\System32\msvcp_win.dll' [rcNtRedir=0xc0150008]
3cec.332c: supR3HardenedWinVerifyCacheProcessImportTodos: Processing 'user32.dll'...
3cec.332c: supR3HardenedWinVerifyCacheProcessImportTodos: 'user32.dll' -> '\Device\HarddiskVolume3\Windows\System32\user32.dll' [rcNtRedir=0xc0150008]
3cec.332c: supR3HardenedWinVerifyCacheProcessImportTodos: Processing 'gdi32.dll'...
3cec.332c: supR3HardenedWinVerifyCacheProcessImportTodos: 'gdi32.dll' -> '\Device\HarddiskVolume3\Windows\System32\gdi32.dll' [rcNtRedir=0xc0150008]
3cec.332c: supR3HardenedScreenImage/Imports: cache hit (VINF_SUCCESS) on \Device\HarddiskVolume3\Windows\System32\gdi32.dll
3cec.332c: supR3HardenedWinVerifyCacheProcessImportTodos: Processing 'advapi32.dll'...
3cec.332c: supR3HardenedWinVerifyCacheProcessImportTodos: 'advapi32.dll' -> '\Device\HarddiskVolume3\Windows\System32\advapi32.dll' [rcNtRedir=0xc0150008]
3cec.332c: supR3HardenedScreenImage/Imports: cache hit (VINF_SUCCESS) on \Device\HarddiskVolume3\Windows\System32\advapi32.dll
3cec.332c: supR3HardenedMonitor_LdrLoadDll: pName=C:\WINDOWS\System32\imm32.dll (Input=imm32.dll, rcNtResolve=0xc0150008) *pfFlags=0x0 pwszSearchPath=0000000000000001:<flags> [calling]
3cec.332c: supR3HardenedMonitor_LdrLoadDll: returns rcNt=0x0 hMod=00007ff80c910000 'C:\WINDOWS\System32\imm32.dll'
3cec.332c: Detected loader lock ownership: rc=VINF_SUCCESS '\Device\HarddiskVolume3\Windows\System32\DXCore.dll'.
3cec.332c: supR3HardenedWinVerifyCacheProcessWvtTodos: 0 (was 0) fWinVerifyTrust=0 for '\Device\HarddiskVolume3\Windows\System32\DXCore.dll' [rescheduled]
3cec.332c: Detected loader lock ownership: rc=VINF_SUCCESS '\Device\HarddiskVolume3\Windows\WinSxS\amd64_microsoft.windows.common-controls_6595b64144ccf1df_5.82.26100.8115_none_87ecef177a2e8a19\comctl32.dll'.
3cec.332c: supR3HardenedWinVerifyCacheProcessWvtTodos: 0 (was 0) fWinVerifyTrust=0 for '\Device\HarddiskVolume3\Windows\WinSxS\amd64_microsoft.windows.common-controls_6595b64144ccf1df_5.82.26100.8115_none_87ecef177a2e8a19\comctl32.dll' [rescheduled]
3cec.332c: Detected loader lock ownership: rc=VINF_SUCCESS '\Device\HarddiskVolume3\Windows\System32\sspicli.dll'.
3cec.332c: supR3HardenedWinVerifyCacheProcessWvtTodos: 0 (was 0) fWinVerifyTrust=0 for '\Device\HarddiskVolume3\Windows\System32\sspicli.dll' [rescheduled]
3cec.332c: Detected loader lock ownership: rc=VINF_SUCCESS '\Device\HarddiskVolume3\Windows\System32\comctl32.dll'.
3cec.332c: supR3HardenedWinVerifyCacheProcessWvtTodos: 0 (was 0) fWinVerifyTrust=0 for '\Device\HarddiskVolume3\Windows\System32\comctl32.dll' [rescheduled]
3cec.332c: supR3HardenedMonitor_LdrLoadDll: returns rcNt=0x0 hMod=00007fffe4980000 'C:\Program Files\Oracle\VirtualBox\platforms\qwindowsVBox.dll'
3cec.332c: supR3HardenedMonitor_LdrLoadDll: returns rcNt=0x0 hMod=00007ff80a140000 'C:\WINDOWS\system32\rsaenh.dll'
3cec.332c: supR3HardenedMonitor_LdrLoadDll: returns rcNt=0x0 hMod=00007ff80b690000 'C:\WINDOWS\System32\crypt32.dll'
3cec.332c: supR3HardenedWinVerifyCacheProcessWvtTodos: 0 (was 0) fWinVerifyTrust=1 for '\Device\HarddiskVolume3\Windows\System32\DXCore.dll'
3cec.332c: supR3HardenedMonitor_LdrLoadDll: returns rcNt=0x0 hMod=00007ff80a140000 'C:\WINDOWS\system32\rsaenh.dll'
3cec.332c: supR3HardenedMonitor_LdrLoadDll: returns rcNt=0x0 hMod=00007ff80b690000 'C:\WINDOWS\System32\crypt32.dll'
3cec.332c: supR3HardenedWinVerifyCacheProcessWvtTodos: 0 (was 0) fWinVerifyTrust=1 for '\Device\HarddiskVolume3\Windows\WinSxS\amd64_microsoft.windows.common-controls_6595b64144ccf1df_5.82.26100.8115_none_87ecef177a2e8a19\comctl32.dll'
3cec.332c: supR3HardenedMonitor_LdrLoadDll: returns rcNt=0x0 hMod=00007ff80a140000 'C:\WINDOWS\system32\rsaenh.dll'
3cec.332c: supR3HardenedMonitor_LdrLoadDll: returns rcNt=0x0 hMod=00007ff80b690000 'C:\WINDOWS\System32\crypt32.dll'
3cec.332c: supR3HardenedWinVerifyCacheProcessWvtTodos: 0 (was 0) fWinVerifyTrust=1 for '\Device\HarddiskVolume3\Windows\System32\sspicli.dll'
3cec.332c: supR3HardenedMonitor_LdrLoadDll: returns rcNt=0x0 hMod=00007ff80a140000 'C:\WINDOWS\system32\rsaenh.dll'
3cec.332c: supR3HardenedMonitor_LdrLoadDll: returns rcNt=0x0 hMod=00007ff80b690000 'C:\WINDOWS\System32\crypt32.dll'
3cec.332c: supR3HardenedWinVerifyCacheProcessWvtTodos: 0 (was 0) fWinVerifyTrust=1 for '\Device\HarddiskVolume3\Windows\System32\comctl32.dll'
3cec.332c: supR3HardenedWinVerifyCacheScheduleImports: Import todo: #4 'rpcrt4.dll'.
3cec.332c: supR3HardenedWinVerifyCacheScheduleImports: Import todo: #39 'bcryptprimitives.dll'.
3cec.332c: supR3HardenedWinVerifyCacheScheduleImports: Import todo: #53 'combase.dll'.
3cec.332c: supR3HardenedWinVerifyCacheScheduleImports: Import todo: #54 'msvcp_win.dll'.
3cec.332c: supHardenedWinVerifyImageByHandle: -> 22900 (\Device\HarddiskVolume3\Windows\System32\rpcss.dll)
3cec.332c: supR3HardenedWinVerifyCacheInsert: \Device\HarddiskVolume3\Windows\System32\rpcss.dll
3cec.332c: supR3HardenedMonitor_NtCreateSection: NtMapViewOfSection failed on 0000000000000740 (hFile=000000000000071c) with 0xc0000022 -> STATUS_TRUST_FAILURE
3cec.332c: supR3HardNtViCallWinVerifyTrustCatFile: hFile=0000000000000738 pwszName=\Device\HarddiskVolume3\Windows\System32\rpcss.dll
3cec.332c: supR3HardNtViCallWinVerifyTrustCatFile: Cached context 00000287301a8c60
3cec.332c: supR3HardNtViCallWinVerifyTrustCatFile: hCatAdmin=00000287301a8c60
3cec.332c: supR3HardNtViCallWinVerifyTrustCatFile: cbHash=20 wszDigest=B18D024C5D5583708146EDA3504163B934E46ECE
3cec.332c: supR3HardenedWinVerifyCacheProcessImportTodos: Processing 'msvcp_win.dll'...
3cec.332c: supR3HardenedWinVerifyCacheProcessImportTodos: 'msvcp_win.dll' -> '\Device\HarddiskVolume3\Windows\System32\msvcp_win.dll' [rcNtRedir=0xc0150008]
3cec.332c: supR3HardenedWinVerifyCacheProcessImportTodos: Processing 'combase.dll'...
3cec.332c: supR3HardenedWinVerifyCacheProcessImportTodos: 'combase.dll' -> '\Device\HarddiskVolume3\Windows\System32\combase.dll' [rcNtRedir=0xc0150008]
3cec.332c: supR3HardenedScreenImage/Imports: cache hit (VINF_SUCCESS) on \Device\HarddiskVolume3\Windows\System32\combase.dll
3cec.332c: supR3HardenedWinVerifyCacheProcessImportTodos: Processing 'bcryptprimitives.dll'...
3cec.332c: supR3HardenedWinVerifyCacheProcessImportTodos: 'bcryptprimitives.dll' -> '\Device\HarddiskVolume3\Windows\System32\bcryptprimitives.dll' [rcNtRedir=0xc0150008]
3cec.332c: supR3HardenedScreenImage/Imports: cache hit (VINF_SUCCESS) on \Device\HarddiskVolume3\Windows\System32\bcryptprimitives.dll
3cec.332c: supR3HardenedWinVerifyCacheProcessImportTodos: Processing 'rpcrt4.dll'...
3cec.332c: supR3HardenedWinVerifyCacheProcessImportTodos: 'rpcrt4.dll' -> '\Device\HarddiskVolume3\Windows\System32\rpcrt4.dll' [rcNtRedir=0xc0150008]
3cec.332c: supR3HardenedScreenImage/Imports: cache hit (VINF_SUCCESS) on \Device\HarddiskVolume3\Windows\System32\rpcrt4.dll
3cec.332c: supR3HardenedMonitor_LdrLoadDll: returns rcNt=0x0 hMod=00007ff80a140000 'C:\WINDOWS\system32\rsaenh.dll'
3cec.332c: supR3HardenedMonitor_LdrLoadDll: returns rcNt=0x0 hMod=00007ff80b690000 'C:\WINDOWS\System32\crypt32.dll'
3cec.332c: supR3HardNtViCallWinVerifyTrustCatFile: WinVerifyTrust => 0x0; cat='C:\WINDOWS\system32\CatRoot\{F750E6C3-38EE-11D1-85E5-00C04FC295EE}\Microsoft-OneCore-CoreSystem-Core-merged-Package~31bf3856ad364e35~amd64~~10.0.26100.8246.cat'; file='\Device\HarddiskVolume3\Windows\System32\rpcss.dll'
3cec.332c: supR3HardNtViCallWinVerifyTrustCatFile -> 0 (org 22900)
3cec.332c: supR3HardenedWinVerifyCacheProcessWvtTodos: 0 (was 22900) fWinVerifyTrust=1 for '\Device\HarddiskVolume3\Windows\System32\rpcss.dll'
3cec.332c: supR3HardenedScreenImage/LdrLoadDll: cache hit (VINF_SUCCESS) on \Device\HarddiskVolume3\Windows\System32\uxtheme.dll
3cec.332c: supR3HardenedMonitor_LdrLoadDll: pName=C:\WINDOWS\system32\uxtheme.dll (rcNtResolve=0xc0150008) *pfFlags=0x0 pwszSearchPath=0000000000000009:<flags> [calling]
3cec.332c: supR3HardenedMonitor_LdrLoadDll: returns rcNt=0x0 hMod=00007ff808ed0000 'C:\WINDOWS\system32\uxtheme.dll'
3cec.332c: supR3HardenedDllNotificationCallback: load   00007ff80e590000 LB 0x0015c000 C:\WINDOWS\System32\MSCTF.dll [fFlags=0x0]
3cec.332c: supR3HardenedWinVerifyCacheScheduleImports: Import todo: #0 'msvcrt.dll'.
3cec.332c: supR3HardenedWinVerifyCacheScheduleImports: Import todo: #37 'user32.dll'.
3cec.332c: supHardenedWinVerifyImageByHandle: -> 0 (\Device\HarddiskVolume3\Windows\System32\msctf.dll)
3cec.332c: supR3HardenedWinVerifyCacheInsert: \Device\HarddiskVolume3\Windows\System32\msctf.dll
3cec.332c: supR3HardenedWinVerifyCacheProcessImportTodos: Processing 'user32.dll'...
3cec.332c: supR3HardenedWinVerifyCacheProcessImportTodos: 'user32.dll' -> '\Device\HarddiskVolume3\Windows\System32\user32.dll' [rcNtRedir=0xc0150008]
3cec.332c: supR3HardenedScreenImage/Imports: cache hit (VINF_SUCCESS) on \Device\HarddiskVolume3\Windows\System32\user32.dll
3cec.332c: supR3HardenedWinVerifyCacheProcessImportTodos: Processing 'msvcrt.dll'...
3cec.332c: supR3HardenedWinVerifyCacheProcessImportTodos: 'msvcrt.dll' -> '\Device\HarddiskVolume3\Windows\System32\msvcrt.dll' [rcNtRedir=0xc0150008]
3cec.332c: supR3HardenedMonitor_LdrLoadDll: returns rcNt=0x0 hMod=00007ff80a140000 'C:\WINDOWS\system32\rsaenh.dll'
3cec.332c: supR3HardenedMonitor_LdrLoadDll: returns rcNt=0x0 hMod=00007ff80b690000 'C:\WINDOWS\System32\crypt32.dll'
3cec.332c: supR3HardenedWinVerifyCacheProcessWvtTodos: 0 (was 0) fWinVerifyTrust=1 for '\Device\HarddiskVolume3\Windows\System32\msctf.dll'
3cec.332c: supR3HardenedMonitor_LdrLoadDll: returns rcNt=0x0 hMod=00007ff80c950000 'C:\WINDOWS\System32\USER32.dll'
3cec.332c: supR3HardenedMonitor_LdrLoadDll: returns rcNt=0x0 hMod=00007ff80a140000 'C:\WINDOWS\system32\rsaenh.dll'
3cec.332c: supR3HardenedMonitor_LdrLoadDll: returns rcNt=0x0 hMod=00007ff80b690000 'C:\WINDOWS\System32\crypt32.dll'
3cec.332c: supR3HardenedWinVerifyCacheScheduleImports: Import todo: #19 'cfgmgr32.dll'.
3cec.332c: supHardenedWinVerifyImageByHandle: -> 0 (\Device\HarddiskVolume3\Windows\System32\devobj.dll) WinVerifyTrust
3cec.332c: supR3HardenedWinVerifyCacheInsert: \Device\HarddiskVolume3\Windows\System32\devobj.dll
3cec.332c: supR3HardenedWinVerifyCacheProcessImportTodos: Processing 'cfgmgr32.dll'...
3cec.332c: supR3HardenedWinVerifyCacheProcessImportTodos: 'cfgmgr32.dll' -> '\Device\HarddiskVolume3\Windows\System32\cfgmgr32.dll' [rcNtRedir=0xc0150008]
3cec.332c: supR3HardenedMonitor_LdrLoadDll: returns rcNt=0x0 hMod=00007ff80a140000 'C:\WINDOWS\system32\rsaenh.dll'
3cec.332c: supR3HardenedMonitor_LdrLoadDll: returns rcNt=0x0 hMod=00007ff80b690000 'C:\WINDOWS\System32\crypt32.dll'
3cec.332c: supHardenedWinVerifyImageByHandle: -> 0 (\Device\HarddiskVolume3\Windows\System32\cfgmgr32.dll) WinVerifyTrust
3cec.332c: supR3HardenedWinVerifyCacheInsert: \Device\HarddiskVolume3\Windows\System32\cfgmgr32.dll
3cec.332c: supR3HardenedMonitor_LdrLoadDll: pName=C:\WINDOWS\System32\DEVOBJ.dll (Input=DEVOBJ.dll, rcNtResolve=0xc0150008) *pfFlags=0x0 pwszSearchPath=0000000000000001:<flags> [calling]
3cec.332c: supR3HardenedScreenImage/NtCreateSection: cache hit (VINF_SUCCESS) on \Device\HarddiskVolume3\Windows\System32\devobj.dll
3cec.332c: supR3HardenedScreenImage/NtCreateSection: cache hit (VINF_SUCCESS) on \Device\HarddiskVolume3\Windows\System32\cfgmgr32.dll
3cec.332c: supR3HardenedDllNotificationCallback: load   00007ff80afc0000 LB 0x00051000 C:\WINDOWS\SYSTEM32\cfgmgr32.dll [fFlags=0x0]
3cec.332c: supR3HardenedScreenImage/LdrLoadDll: cache hit (VINF_SUCCESS) on \Device\HarddiskVolume3\Windows\System32\cfgmgr32.dll
3cec.332c: supR3HardenedDllNotificationCallback: load   00007ff80af90000 LB 0x0002d000 C:\WINDOWS\System32\DEVOBJ.dll [fFlags=0x0]
3cec.332c: supR3HardenedScreenImage/LdrLoadDll: cache hit (VINF_SUCCESS) on \Device\HarddiskVolume3\Windows\System32\devobj.dll
3cec.332c: supR3HardenedMonitor_LdrLoadDll: returns rcNt=0x0 hMod=00007ff80af90000 'C:\WINDOWS\System32\DEVOBJ.dll'
3cec.332c: supR3HardenedIsApiSetDll: ApiSetQueryApiSetPresence(api-ms-win-core-registry-l1-1-0.dll) -> 0x0, fPresent=1
3cec.332c: supR3HardenedMonitor_LdrLoadDll: pName=api-ms-win-core-registry-l1-1-0.dll (rcNtResolve=0x0) *pfFlags=0x0 pwszSearchPath=0000000000000001:<flags> [calling]
3cec.332c: supR3HardenedMonitor_LdrLoadDll: returns rcNt=0x0 hMod=00007ff80bb60000 'api-ms-win-core-registry-l1-1-0.dll'
3cec.332c: supR3HardenedScreenImage/LdrLoadDll: cache hit (VINF_SUCCESS) on \Device\HarddiskVolume3\Windows\System32\wintrust.dll
3cec.332c: supR3HardenedMonitor_LdrLoadDll: pName=C:\WINDOWS\System32\WINTRUST.dll (Input=WINTRUST.dll, rcNtResolve=0xc0150008) *pfFlags=0x0 pwszSearchPath=0000000000000001:<flags> [calling]
3cec.332c: supR3HardenedMonitor_LdrLoadDll: returns rcNt=0x0 hMod=00007ff80bf60000 'C:\WINDOWS\System32\WINTRUST.dll'
3cec.332c: supR3HardenedMonitor_LdrLoadDll: returns rcNt=0x0 hMod=00007ff80a140000 'C:\WINDOWS\system32\rsaenh.dll'
3cec.332c: supR3HardenedMonitor_LdrLoadDll: returns rcNt=0x0 hMod=00007ff80b690000 'C:\WINDOWS\System32\crypt32.dll'
3cec.332c: supR3HardenedWinVerifyCacheScheduleImports: Import todo: #0 'gdi32.dll'.
3cec.332c: supR3HardenedWinVerifyCacheScheduleImports: Import todo: #1 'user32.dll'.
3cec.332c: supR3HardenedWinVerifyCacheScheduleImports: Import todo: #2 'uxtheme.dll'.
3cec.332c: supR3HardenedWinVerifyCacheScheduleImports: Import todo: #3 'qt6widgetsvbox.dll'.
3cec.332c: supR3HardenedWinVerifyCacheScheduleImports: Import todo: #4 'qt6guivbox.dll'.
3cec.332c: supR3HardenedWinVerifyCacheScheduleImports: Import todo: #5 'qt6corevbox.dll'.
3cec.332c: supR3HardenedWinVerifyCacheScheduleImports: Import todo: #7 'msvcp140.dll'.
3cec.332c: supR3HardenedWinVerifyCacheScheduleImports: Import todo: #8 'vcruntime140.dll'.
3cec.332c: supHardenedWinVerifyImageByHandle: -> 0 (\Device\HarddiskVolume3\Program Files\Oracle\VirtualBox\styles\qmodernwindowsstyleVBox.dll) WinVerifyTrust
3cec.332c: supR3HardenedWinVerifyCacheInsert: \Device\HarddiskVolume3\Program Files\Oracle\VirtualBox\styles\qmodernwindowsstyleVBox.dll
3cec.332c: supR3HardenedWinVerifyCacheProcessImportTodos: Processing 'vcruntime140.dll'...
3cec.332c: supR3HardenedWinVerifyCacheProcessImportTodos: 'vcruntime140.dll' -> '\Device\HarddiskVolume3\Windows\System32\vcruntime140.dll' [rcNtRedir=0xc0150008]
3cec.332c: supR3HardenedWinVerifyCacheProcessImportTodos: Processing 'msvcp140.dll'...
3cec.332c: supR3HardenedWinVerifyCacheProcessImportTodos: 'msvcp140.dll' -> '\Device\HarddiskVolume3\Windows\System32\msvcp140.dll' [rcNtRedir=0xc0150008]
3cec.332c: supR3HardenedWinVerifyCacheProcessImportTodos: Processing 'qt6corevbox.dll'...
3cec.332c: supR3HardenedWinVerifyCacheProcessImportTodos: 'qt6corevbox.dll' -> '\Device\HarddiskVolume3\Program Files\Oracle\VirtualBox\qt6corevbox.dll' [rcNtRedir=0xc0150008]
3cec.332c: supR3HardenedWinVerifyCacheProcessImportTodos: Processing 'qt6guivbox.dll'...
3cec.332c: supR3HardenedWinVerifyCacheProcessImportTodos: 'qt6guivbox.dll' -> '\Device\HarddiskVolume3\Program Files\Oracle\VirtualBox\qt6guivbox.dll' [rcNtRedir=0xc0150008]
3cec.332c: supR3HardenedScreenImage/Imports: cache hit (VINF_SUCCESS) on \Device\HarddiskVolume3\Program Files\Oracle\VirtualBox\Qt6GuiVBox.dll
3cec.332c: supR3HardenedWinVerifyCacheProcessImportTodos: Processing 'qt6widgetsvbox.dll'...
3cec.332c: supR3HardenedWinVerifyCacheProcessImportTodos: 'qt6widgetsvbox.dll' -> '\Device\HarddiskVolume3\Program Files\Oracle\VirtualBox\qt6widgetsvbox.dll' [rcNtRedir=0xc0150008]
3cec.332c: supR3HardenedScreenImage/Imports: cache hit (VINF_SUCCESS) on \Device\HarddiskVolume3\Program Files\Oracle\VirtualBox\Qt6WidgetsVBox.dll
3cec.332c: supR3HardenedWinVerifyCacheProcessImportTodos: Processing 'uxtheme.dll'...
3cec.332c: supR3HardenedWinVerifyCacheProcessImportTodos: 'uxtheme.dll' -> '\Device\HarddiskVolume3\Windows\System32\uxtheme.dll' [rcNtRedir=0xc0150008]
3cec.332c: supR3HardenedScreenImage/Imports: cache hit (VINF_SUCCESS) on \Device\HarddiskVolume3\Windows\System32\uxtheme.dll
3cec.332c: supR3HardenedWinVerifyCacheProcessImportTodos: Processing 'user32.dll'...
3cec.332c: supR3HardenedWinVerifyCacheProcessImportTodos: 'user32.dll' -> '\Device\HarddiskVolume3\Windows\System32\user32.dll' [rcNtRedir=0xc0150008]
3cec.332c: supR3HardenedWinVerifyCacheProcessImportTodos: Processing 'gdi32.dll'...
3cec.332c: supR3HardenedWinVerifyCacheProcessImportTodos: 'gdi32.dll' -> '\Device\HarddiskVolume3\Windows\System32\gdi32.dll' [rcNtRedir=0xc0150008]
3cec.332c: supR3HardenedMonitor_LdrLoadDll: pName=C:\Program Files\Oracle\VirtualBox\styles\qmodernwindowsstyleVBox.dll (rcNtResolve=0xc0150008) *pfFlags=0x0 pwszSearchPath=0000000000000001:<flags> [calling]
3cec.332c: supR3HardenedScreenImage/NtCreateSection: cache hit (VINF_SUCCESS) on \Device\HarddiskVolume3\Program Files\Oracle\VirtualBox\styles\qmodernwindowsstyleVBox.dll
3cec.332c: supR3HardenedDllNotificationCallback: load   00007ffff70c0000 LB 0x00036000 C:\Program Files\Oracle\VirtualBox\styles\qmodernwindowsstyleVBox.dll [fFlags=0x0]
3cec.332c: supR3HardenedScreenImage/LdrLoadDll: cache hit (VINF_SUCCESS) on \Device\HarddiskVolume3\Program Files\Oracle\VirtualBox\styles\qmodernwindowsstyleVBox.dll
3cec.332c: supR3HardenedMonitor_LdrLoadDll: returns rcNt=0x0 hMod=00007ffff70c0000 'C:\Program Files\Oracle\VirtualBox\styles\qmodernwindowsstyleVBox.dll'
3cec.332c: '\Device\HarddiskVolume3\Windows\System32\imageres.dll' has no imports
3cec.332c: supHardenedWinVerifyImageByHandle: -> 22900 (\Device\HarddiskVolume3\Windows\System32\imageres.dll)
3cec.332c: supR3HardenedWinVerifyCacheInsert: \Device\HarddiskVolume3\Windows\System32\imageres.dll
3cec.332c: supR3HardenedMonitor_NtCreateSection: NtMapViewOfSection failed on 0000000000000710 (hFile=0000000000000560) with 0xc0000022 -> STATUS_TRUST_FAILURE
3cec.332c: supR3HardenedScreenImage/NtCreateSection: cache hit (22900) on \Device\HarddiskVolume3\Windows\System32\imageres.dll [avoiding WinVerifyTrust]
3cec.332c: supR3HardenedMonitor_NtCreateSection: NtMapViewOfSection failed on 0000000000000560 (hFile=0000000000000710) with 0xc0000022 -> STATUS_TRUST_FAILURE
3cec.332c: supR3HardNtViCallWinVerifyTrustCatFile: hFile=0000000000000730 pwszName=\Device\HarddiskVolume3\Windows\System32\imageres.dll
3cec.332c: supR3HardNtViCallWinVerifyTrustCatFile: Cached context 00000287301a8c60
3cec.332c: supR3HardNtViCallWinVerifyTrustCatFile: hCatAdmin=00000287301a8c60
3cec.332c: supR3HardNtViCallWinVerifyTrustCatFile: cbHash=20 wszDigest=0EE2082FDAB9E64FDEB5A51961DE49D30EFA3625
3cec.332c: supR3HardenedMonitor_LdrLoadDll: returns rcNt=0x0 hMod=00007ff80a140000 'C:\WINDOWS\system32\rsaenh.dll'
3cec.332c: supR3HardenedMonitor_LdrLoadDll: returns rcNt=0x0 hMod=00007ff80b690000 'C:\WINDOWS\System32\crypt32.dll'
3cec.332c: supR3HardNtViCallWinVerifyTrustCatFile: WinVerifyTrust => 0x0; cat='C:\WINDOWS\system32\CatRoot\{F750E6C3-38EE-11D1-85E5-00C04FC295EE}\Microsoft-Windows-Client-Desktop-Required-Package02~31bf3856ad364e35~amd64~~10.0.26100.8246.cat'; file='\Device\HarddiskVolume3\Windows\System32\imageres.dll'
3cec.332c: supR3HardNtViCallWinVerifyTrustCatFile -> 0 (org 22900)
3cec.332c: supR3HardenedWinVerifyCacheProcessWvtTodos: 0 (was 22900) fWinVerifyTrust=1 for '\Device\HarddiskVolume3\Windows\System32\imageres.dll'
3cec.332c: supR3HardenedMonitor_LdrLoadDll: returns rcNt=0x0 hMod=00007ff80a140000 'C:\WINDOWS\system32\rsaenh.dll'
3cec.332c: supR3HardenedMonitor_LdrLoadDll: returns rcNt=0x0 hMod=00007ff80b690000 'C:\WINDOWS\System32\crypt32.dll'
3cec.332c: supR3HardenedWinVerifyCacheScheduleImports: Import todo: #0 'msvcrt.dll'.
3cec.332c: supR3HardenedWinVerifyCacheScheduleImports: Import todo: #39 'gdi32.dll'.
3cec.332c: supR3HardenedWinVerifyCacheScheduleImports: Import todo: #40 'user32.dll'.
3cec.332c: supHardenedWinVerifyImageByHandle: -> 0 (\Device\HarddiskVolume3\Windows\WinSxS\amd64_microsoft.windows.common-controls_6595b64144ccf1df_6.0.26100.8115_none_3e075c82e3354f9c\comctl32.dll) WinVerifyTrust
3cec.332c: supR3HardenedWinVerifyCacheInsert: \Device\HarddiskVolume3\Windows\WinSxS\amd64_microsoft.windows.common-controls_6595b64144ccf1df_6.0.26100.8115_none_3e075c82e3354f9c\comctl32.dll
3cec.332c: supR3HardenedWinVerifyCacheProcessImportTodos: Processing 'user32.dll'...
3cec.332c: supR3HardenedWinVerifyCacheProcessImportTodos: 'user32.dll' -> '\Device\HarddiskVolume3\Windows\System32\user32.dll' [rcNtRedir=0xc0150008]
3cec.332c: supR3HardenedWinVerifyCacheProcessImportTodos: Processing 'gdi32.dll'...
3cec.332c: supR3HardenedWinVerifyCacheProcessImportTodos: 'gdi32.dll' -> '\Device\HarddiskVolume3\Windows\System32\gdi32.dll' [rcNtRedir=0xc0150008]
3cec.332c: supR3HardenedWinVerifyCacheProcessImportTodos: Processing 'msvcrt.dll'...
3cec.332c: supR3HardenedWinVerifyCacheProcessImportTodos: 'msvcrt.dll' -> '\Device\HarddiskVolume3\Windows\System32\msvcrt.dll' [rcNtRedir=0xc0150008]
3cec.332c: supR3HardenedMonitor_LdrLoadDll: pName=C:\WINDOWS\WinSxS\amd64_microsoft.windows.common-controls_6595b64144ccf1df_6.0.26100.8115_none_3e075c82e3354f9c\comctl32.dll (Input=comctl32.dll, rcNtResolve=0x0) *pfFlags=0x0 pwszSearchPath=0000000000004001:<flags> [calling]
3cec.332c: supR3HardenedScreenImage/NtCreateSection: cache hit (VINF_SUCCESS) on \Device\HarddiskVolume3\Windows\WinSxS\amd64_microsoft.windows.common-controls_6595b64144ccf1df_6.0.26100.8115_none_3e075c82e3354f9c\comctl32.dll
3cec.332c: supR3HardenedDllNotificationCallback: load   00007ffff4380000 LB 0x00293000 C:\WINDOWS\WinSxS\amd64_microsoft.windows.common-controls_6595b64144ccf1df_6.0.26100.8115_none_3e075c82e3354f9c\comctl32.dll [fFlags=0x0]
3cec.332c: supR3HardenedScreenImage/LdrLoadDll: cache hit (VINF_SUCCESS) on \Device\HarddiskVolume3\Windows\WinSxS\amd64_microsoft.windows.common-controls_6595b64144ccf1df_6.0.26100.8115_none_3e075c82e3354f9c\comctl32.dll
3cec.332c: supR3HardenedMonitor_LdrLoadDll: returns rcNt=0x0 hMod=00007ffff4380000 'C:\WINDOWS\WinSxS\amd64_microsoft.windows.common-controls_6595b64144ccf1df_6.0.26100.8115_none_3e075c82e3354f9c\comctl32.dll'
3cec.332c: supR3HardenedScreenImage/LdrLoadDll: cache hit (VINF_SUCCESS) on \Device\HarddiskVolume3\Windows\WinSxS\amd64_microsoft.windows.common-controls_6595b64144ccf1df_6.0.26100.8115_none_3e075c82e3354f9c\comctl32.dll
3cec.332c: supR3HardenedMonitor_LdrLoadDll: pName=C:\WINDOWS\WinSxS\amd64_microsoft.windows.common-controls_6595b64144ccf1df_6.0.26100.8115_none_3e075c82e3354f9c\comctl32.dll (Input=comctl32.dll, rcNtResolve=0x0) *pfFlags=0x0 pwszSearchPath=0000000000004001:<flags> [calling]
3cec.332c: supR3HardenedMonitor_LdrLoadDll: returns rcNt=0x0 hMod=00007ffff4380000 'C:\WINDOWS\WinSxS\amd64_microsoft.windows.common-controls_6595b64144ccf1df_6.0.26100.8115_none_3e075c82e3354f9c\comctl32.dll'
3cec.332c: supHardenedWinVerifyImageByHandle: -> 0 (\Device\HarddiskVolume3\Windows\System32\WindowsCodecs.dll)
3cec.332c: supR3HardenedWinVerifyCacheInsert: \Device\HarddiskVolume3\Windows\System32\WindowsCodecs.dll
3cec.332c: supR3HardenedDllNotificationCallback: load   00007ff807640000 LB 0x0022e000 C:\WINDOWS\SYSTEM32\WindowsCodecs.dll [fFlags=0x0]
3cec.332c: supR3HardenedScreenImage/LdrLoadDll: cache hit (VINF_SUCCESS) on \Device\HarddiskVolume3\Windows\System32\WindowsCodecs.dll [avoiding WinVerifyTrust]
3cec.332c: supR3HardenedScreenImage/NtCreateSection: cache hit (VINF_SUCCESS) on \Device\HarddiskVolume3\Windows\System32\imageres.dll
3cec.332c: supR3HardenedMonitor_NtCreateSection: NtMapViewOfSection failed on 0000000000000808 (hFile=0000000000000724) with 0xc0000022 -> STATUS_TRUST_FAILURE
3cec.332c: supR3HardenedScreenImage/NtCreateSection: cache hit (VINF_SUCCESS) on \Device\HarddiskVolume3\Windows\System32\imageres.dll
3cec.332c: supR3HardenedMonitor_NtCreateSection: NtMapViewOfSection failed on 0000000000000724 (hFile=0000000000000808) with 0xc0000022 -> STATUS_TRUST_FAILURE
3cec.332c: supR3HardenedMonitor_LdrLoadDll: returns rcNt=0x0 hMod=00007ff80a140000 'C:\WINDOWS\system32\rsaenh.dll'
3cec.332c: supR3HardenedMonitor_LdrLoadDll: returns rcNt=0x0 hMod=00007ff80b690000 'C:\WINDOWS\System32\crypt32.dll'
3cec.332c: supR3HardenedWinVerifyCacheProcessWvtTodos: 0 (was 0) fWinVerifyTrust=1 for '\Device\HarddiskVolume3\Windows\System32\WindowsCodecs.dll'
3cec.332c: supR3HardNtViCallWinVerifyTrustCatFile: hFile=00000000000005d0 pwszName=\Device\HarddiskVolume3\Windows\System32\IconCodecService.dll
3cec.332c: supR3HardNtViCallWinVerifyTrustCatFile: Cached context 00000287301a8c60
3cec.332c: supR3HardNtViCallWinVerifyTrustCatFile: hCatAdmin=00000287301a8c60
3cec.332c: supR3HardNtViCallWinVerifyTrustCatFile: cbHash=20 wszDigest=6A94C939C9629E54D59EAB8EB41ACFCDF775AA8B
3cec.332c: supR3HardenedMonitor_LdrLoadDll: returns rcNt=0x0 hMod=00007ff80a140000 'C:\WINDOWS\system32\rsaenh.dll'
3cec.332c: supR3HardenedMonitor_LdrLoadDll: returns rcNt=0x0 hMod=00007ff80b690000 'C:\WINDOWS\System32\crypt32.dll'
3cec.332c: supR3HardNtViCallWinVerifyTrustCatFile: WinVerifyTrust => 0x0; cat='C:\WINDOWS\system32\CatRoot\{F750E6C3-38EE-11D1-85E5-00C04FC295EE}\Microsoft-Windows-Client-Desktop-Required-Package0518~31bf3856ad364e35~amd64~~10.0.26100.8036.cat'; file='\Device\HarddiskVolume3\Windows\System32\IconCodecService.dll'
3cec.332c: supR3HardNtViCallWinVerifyTrustCatFile -> 0 (org 22900)
3cec.332c: supR3HardenedWinVerifyCacheScheduleImports: Import todo: #0 'msvcrt.dll'.
3cec.332c: supR3HardenedWinVerifyCacheScheduleImports: Import todo: #2 'user32.dll'.
3cec.332c: supHardenedWinVerifyImageByHandle: -> 0 (\Device\HarddiskVolume3\Windows\System32\IconCodecService.dll) WinVerifyTrust
3cec.332c: supR3HardenedWinVerifyCacheInsert: \Device\HarddiskVolume3\Windows\System32\IconCodecService.dll
3cec.332c: supR3HardenedWinVerifyCacheProcessImportTodos: Processing 'user32.dll'...
3cec.332c: supR3HardenedWinVerifyCacheProcessImportTodos: 'user32.dll' -> '\Device\HarddiskVolume3\Windows\System32\user32.dll' [rcNtRedir=0xc0150008]
3cec.332c: supR3HardenedWinVerifyCacheProcessImportTodos: Processing 'msvcrt.dll'...
3cec.332c: supR3HardenedWinVerifyCacheProcessImportTodos: 'msvcrt.dll' -> '\Device\HarddiskVolume3\Windows\System32\msvcrt.dll' [rcNtRedir=0xc0150008]
3cec.332c: supR3HardenedMonitor_LdrLoadDll: pName=C:\WINDOWS\system32\IconCodecService.dll (rcNtResolve=0xc0150008) *pfFlags=0x0 pwszSearchPath=0000000000000001:<flags> [calling]
3cec.332c: supR3HardenedScreenImage/NtCreateSection: cache hit (VINF_SUCCESS) on \Device\HarddiskVolume3\Windows\System32\IconCodecService.dll
3cec.332c: supR3HardenedDllNotificationCallback: load   00007fffe6930000 LB 0x0000b000 C:\WINDOWS\system32\IconCodecService.dll [fFlags=0x0]
3cec.332c: supR3HardenedScreenImage/LdrLoadDll: cache hit (VINF_SUCCESS) on \Device\HarddiskVolume3\Windows\System32\IconCodecService.dll
3cec.332c: supR3HardenedMonitor_LdrLoadDll: returns rcNt=0x0 hMod=00007fffe6930000 'C:\WINDOWS\system32\IconCodecService.dll'
3cec.332c: supR3HardenedScreenImage/NtCreateSection: cache hit (VINF_SUCCESS) on \Device\HarddiskVolume3\Windows\System32\imageres.dll
3cec.332c: supR3HardenedMonitor_NtCreateSection: NtMapViewOfSection failed on 0000000000000808 (hFile=0000000000000724) with 0xc0000022 -> STATUS_TRUST_FAILURE
3cec.332c: supR3HardenedScreenImage/NtCreateSection: cache hit (VINF_SUCCESS) on \Device\HarddiskVolume3\Windows\System32\imageres.dll
3cec.332c: supR3HardenedMonitor_NtCreateSection: NtMapViewOfSection failed on 0000000000000724 (hFile=0000000000000808) with 0xc0000022 -> STATUS_TRUST_FAILURE
3cec.332c: supR3HardenedScreenImage/NtCreateSection: cache hit (VINF_SUCCESS) on \Device\HarddiskVolume3\Windows\System32\imageres.dll
3cec.332c: supR3HardenedMonitor_NtCreateSection: NtMapViewOfSection failed on 0000000000000808 (hFile=0000000000000724) with 0xc0000022 -> STATUS_TRUST_FAILURE
3cec.332c: supR3HardenedScreenImage/NtCreateSection: cache hit (VINF_SUCCESS) on \Device\HarddiskVolume3\Windows\System32\imageres.dll
3cec.332c: supR3HardenedMonitor_NtCreateSection: NtMapViewOfSection failed on 0000000000000724 (hFile=0000000000000808) with 0xc0000022 -> STATUS_TRUST_FAILURE
3cec.332c: supR3HardenedScreenImage/NtCreateSection: cache hit (VINF_SUCCESS) on \Device\HarddiskVolume3\Windows\System32\imageres.dll
3cec.332c: supR3HardenedMonitor_NtCreateSection: NtMapViewOfSection failed on 0000000000000808 (hFile=0000000000000724) with 0xc0000022 -> STATUS_TRUST_FAILURE
3cec.332c: supR3HardenedMonitor_NtCreateSection: NtMapViewOfSection failed on 0000000000000724 (hFile=0000000000000808) with 0xc0000022 -> STATUS_TRUST_FAILURE
3cec.332c: supR3HardenedMonitor_NtCreateSection: NtMapViewOfSection failed on 0000000000000808 (hFile=0000000000000724) with 0xc0000022 -> STATUS_TRUST_FAILURE
3cec.332c: supR3HardenedMonitor_NtCreateSection: NtMapViewOfSection failed on 0000000000000724 (hFile=0000000000000808) with 0xc0000022 -> STATUS_TRUST_FAILURE
3cec.332c: supR3HardenedMonitor_NtCreateSection: NtMapViewOfSection failed on 0000000000000808 (hFile=0000000000000724) with 0xc0000022 -> STATUS_TRUST_FAILURE
3cec.332c: supR3HardenedMonitor_NtCreateSection: NtMapViewOfSection failed on 0000000000000724 (hFile=0000000000000808) with 0xc0000022 -> STATUS_TRUST_FAILURE
3cec.332c: supR3HardenedDllNotificationCallback: load   00007ff80e720000 LB 0x000ae000 C:\WINDOWS\System32\clbcatq.dll [fFlags=0x0]
3cec.332c: supR3HardenedWinVerifyCacheScheduleImports: Import todo: #0 'msvcrt.dll'.
3cec.332c: supR3HardenedWinVerifyCacheScheduleImports: Import todo: #31 'rpcrt4.dll'.
3cec.332c: supHardenedWinVerifyImageByHandle: -> 0 (\Device\HarddiskVolume3\Windows\System32\clbcatq.dll)
3cec.332c: supR3HardenedWinVerifyCacheInsert: \Device\HarddiskVolume3\Windows\System32\clbcatq.dll
3cec.332c: supR3HardenedScreenImage/NtCreateSection: cache hit (VINF_SUCCESS) on \Device\HarddiskVolume3\Windows\System32\rpcss.dll
3cec.332c: supR3HardenedMonitor_NtCreateSection: NtMapViewOfSection failed on 0000000000000888 (hFile=0000000000000884) with 0xc0000022 -> STATUS_TRUST_FAILURE
3cec.1664: supR3HardenedWinVerifyCacheProcessImportTodos: Processing 'rpcrt4.dll'...
3cec.1664: supR3HardenedWinVerifyCacheProcessImportTodos: 'rpcrt4.dll' -> '\Device\HarddiskVolume3\Windows\System32\rpcrt4.dll' [rcNtRedir=0xc0150008]
3cec.1664: supR3HardenedWinVerifyCacheProcessImportTodos: Processing 'msvcrt.dll'...
3cec.1664: supR3HardenedWinVerifyCacheProcessImportTodos: 'msvcrt.dll' -> '\Device\HarddiskVolume3\Windows\System32\msvcrt.dll' [rcNtRedir=0xc0150008]
3cec.1664: supR3HardenedMonitor_LdrLoadDll: returns rcNt=0x0 hMod=00007ff80a140000 'C:\WINDOWS\system32\rsaenh.dll'
3cec.1664: supR3HardenedMonitor_LdrLoadDll: returns rcNt=0x0 hMod=00007ff80b690000 'C:\WINDOWS\System32\crypt32.dll'
3cec.1664: supR3HardenedWinVerifyCacheProcessWvtTodos: 0 (was 0) fWinVerifyTrust=1 for '\Device\HarddiskVolume3\Windows\System32\clbcatq.dll'
3cec.1664: supR3HardenedMonitor_LdrLoadDll: returns rcNt=0x0 hMod=00007ff80a140000 'C:\WINDOWS\system32\rsaenh.dll'
3cec.1664: supR3HardenedMonitor_LdrLoadDll: returns rcNt=0x0 hMod=00007ff80b690000 'C:\WINDOWS\System32\crypt32.dll'
3cec.1664: supR3HardenedWinVerifyCacheScheduleImports: Import todo: #9 'advapi32.dll'.
3cec.1664: supR3HardenedWinVerifyCacheScheduleImports: Import todo: #10 'ole32.dll'.
3cec.1664: supR3HardenedWinVerifyCacheScheduleImports: Import todo: #11 'oleaut32.dll'.
3cec.1664: supR3HardenedWinVerifyCacheScheduleImports: Import todo: #12 'vcruntime140.dll'.
3cec.1664: supR3HardenedWinVerifyCacheScheduleImports: Import todo: #13 'vcruntime140_1.dll'.
3cec.1664: supR3HardenedWinVerifyCacheScheduleImports: Import todo: #14 'msvcp140.dll'.
3cec.1664: supR3HardenedWinVerifyCacheScheduleImports: Import todo: #15 'vboxrt.dll'.
3cec.1664: supHardenedWinVerifyImageByHandle: -> 0 (\Device\HarddiskVolume3\Program Files\Oracle\VirtualBox\VBoxC.dll) WinVerifyTrust
3cec.1664: supR3HardenedWinVerifyCacheInsert: \Device\HarddiskVolume3\Program Files\Oracle\VirtualBox\VBoxC.dll
3cec.1664: supR3HardenedWinVerifyCacheProcessImportTodos: Processing 'vboxrt.dll'...
3cec.1664: supR3HardenedWinVerifyCacheProcessImportTodos: 'vboxrt.dll' -> '\Device\HarddiskVolume3\Program Files\Oracle\VirtualBox\vboxrt.dll' [rcNtRedir=0xc0150008]
3cec.1664: supR3HardenedWinVerifyCacheProcessImportTodos: Processing 'msvcp140.dll'...
3cec.1664: supR3HardenedWinVerifyCacheProcessImportTodos: 'msvcp140.dll' -> '\Device\HarddiskVolume3\Windows\System32\msvcp140.dll' [rcNtRedir=0xc0150008]
3cec.1664: supR3HardenedWinVerifyCacheProcessImportTodos: Processing 'vcruntime140_1.dll'...
3cec.1664: supR3HardenedWinVerifyCacheProcessImportTodos: 'vcruntime140_1.dll' -> '\Device\HarddiskVolume3\Windows\System32\vcruntime140_1.dll' [rcNtRedir=0xc0150008]
3cec.1664: supR3HardenedWinVerifyCacheProcessImportTodos: Processing 'vcruntime140.dll'...
3cec.1664: supR3HardenedWinVerifyCacheProcessImportTodos: 'vcruntime140.dll' -> '\Device\HarddiskVolume3\Windows\System32\vcruntime140.dll' [rcNtRedir=0xc0150008]
3cec.1664: supR3HardenedWinVerifyCacheProcessImportTodos: Processing 'oleaut32.dll'...
3cec.1664: supR3HardenedWinVerifyCacheProcessImportTodos: 'oleaut32.dll' -> '\Device\HarddiskVolume3\Windows\System32\oleaut32.dll' [rcNtRedir=0xc0150008]
3cec.1664: supR3HardenedScreenImage/Imports: cache hit (VINF_SUCCESS) on \Device\HarddiskVolume3\Windows\System32\oleaut32.dll
3cec.1664: supR3HardenedWinVerifyCacheProcessImportTodos: Processing 'ole32.dll'...
3cec.1664: supR3HardenedWinVerifyCacheProcessImportTodos: 'ole32.dll' -> '\Device\HarddiskVolume3\Windows\System32\ole32.dll' [rcNtRedir=0xc0150008]
3cec.1664: supR3HardenedScreenImage/Imports: cache hit (VINF_SUCCESS) on \Device\HarddiskVolume3\Windows\System32\ole32.dll
3cec.1664: supR3HardenedWinVerifyCacheProcessImportTodos: Processing 'advapi32.dll'...
3cec.1664: supR3HardenedWinVerifyCacheProcessImportTodos: 'advapi32.dll' -> '\Device\HarddiskVolume3\Windows\System32\advapi32.dll' [rcNtRedir=0xc0150008]
3cec.1664: supR3HardenedScreenImage/Imports: cache hit (VINF_SUCCESS) on \Device\HarddiskVolume3\Windows\System32\advapi32.dll
3cec.1664: supR3HardenedMonitor_LdrLoadDll: pName=C:\Program Files\Oracle\VirtualBox\VBoxC.dll (rcNtResolve=0xc0150008) *pfFlags=0x0 pwszSearchPath=0000000000002009:<flags> [calling]
3cec.1664: supR3HardenedScreenImage/NtCreateSection: cache hit (VINF_SUCCESS) on \Device\HarddiskVolume3\Program Files\Oracle\VirtualBox\VBoxC.dll
3cec.1664: supR3HardenedDllNotificationCallback: load   00007fffbbcd0000 LB 0x00433000 C:\Program Files\Oracle\VirtualBox\VBoxC.dll [fFlags=0x0]
3cec.1664: supR3HardenedScreenImage/LdrLoadDll: cache hit (VINF_SUCCESS) on \Device\HarddiskVolume3\Program Files\Oracle\VirtualBox\VBoxC.dll
3cec.1664: supR3HardenedMonitor_LdrLoadDll: returns rcNt=0x0 hMod=00007fffbbcd0000 'C:\Program Files\Oracle\VirtualBox\VBoxC.dll'
3cec.1664: supR3HardenedMonitor_LdrLoadDll: returns rcNt=0x0 hMod=00007ff80a140000 'C:\WINDOWS\system32\rsaenh.dll'
3cec.1664: supR3HardenedMonitor_LdrLoadDll: returns rcNt=0x0 hMod=00007ff80b690000 'C:\WINDOWS\System32\crypt32.dll'
3cec.1664: supR3HardenedWinVerifyCacheScheduleImports: Import todo: #4 'advapi32.dll'.
3cec.1664: supR3HardenedWinVerifyCacheScheduleImports: Import todo: #5 'shlwapi.dll'.
3cec.1664: supR3HardenedWinVerifyCacheScheduleImports: Import todo: #6 'ole32.dll'.
3cec.1664: supR3HardenedWinVerifyCacheScheduleImports: Import todo: #7 'oleaut32.dll'.
3cec.1664: supR3HardenedWinVerifyCacheScheduleImports: Import todo: #8 'rpcrt4.dll'.
3cec.1664: supR3HardenedWinVerifyCacheScheduleImports: Import todo: #9 'vcruntime140.dll'.
3cec.1664: supR3HardenedWinVerifyCacheScheduleImports: Import todo: #10 'vboxrt.dll'.
3cec.1664: supHardenedWinVerifyImageByHandle: -> 0 (\Device\HarddiskVolume3\Program Files\Oracle\VirtualBox\VBoxProxyStub.dll) WinVerifyTrust
3cec.1664: supR3HardenedWinVerifyCacheInsert: \Device\HarddiskVolume3\Program Files\Oracle\VirtualBox\VBoxProxyStub.dll
3cec.1664: supR3HardenedWinVerifyCacheProcessImportTodos: Processing 'vboxrt.dll'...
3cec.1664: supR3HardenedWinVerifyCacheProcessImportTodos: 'vboxrt.dll' -> '\Device\HarddiskVolume3\Program Files\Oracle\VirtualBox\vboxrt.dll' [rcNtRedir=0xc0150008]
3cec.1664: supR3HardenedWinVerifyCacheProcessImportTodos: Processing 'vcruntime140.dll'...
3cec.1664: supR3HardenedWinVerifyCacheProcessImportTodos: 'vcruntime140.dll' -> '\Device\HarddiskVolume3\Windows\System32\vcruntime140.dll' [rcNtRedir=0xc0150008]
3cec.1664: supR3HardenedWinVerifyCacheProcessImportTodos: Processing 'rpcrt4.dll'...
3cec.1664: supR3HardenedWinVerifyCacheProcessImportTodos: 'rpcrt4.dll' -> '\Device\HarddiskVolume3\Windows\System32\rpcrt4.dll' [rcNtRedir=0xc0150008]
3cec.1664: supR3HardenedWinVerifyCacheProcessImportTodos: Processing 'oleaut32.dll'...
3cec.1664: supR3HardenedWinVerifyCacheProcessImportTodos: 'oleaut32.dll' -> '\Device\HarddiskVolume3\Windows\System32\oleaut32.dll' [rcNtRedir=0xc0150008]
3cec.1664: supR3HardenedScreenImage/Imports: cache hit (VINF_SUCCESS) on \Device\HarddiskVolume3\Windows\System32\oleaut32.dll
3cec.1664: supR3HardenedWinVerifyCacheProcessImportTodos: Processing 'ole32.dll'...
3cec.1664: supR3HardenedWinVerifyCacheProcessImportTodos: 'ole32.dll' -> '\Device\HarddiskVolume3\Windows\System32\ole32.dll' [rcNtRedir=0xc0150008]
3cec.1664: supR3HardenedScreenImage/Imports: cache hit (VINF_SUCCESS) on \Device\HarddiskVolume3\Windows\System32\ole32.dll
3cec.1664: supR3HardenedWinVerifyCacheProcessImportTodos: Processing 'shlwapi.dll'...
3cec.1664: supR3HardenedWinVerifyCacheProcessImportTodos: 'shlwapi.dll' -> '\Device\HarddiskVolume3\Windows\System32\shlwapi.dll' [rcNtRedir=0xc0150008]
3cec.1664: supR3HardenedScreenImage/Imports: cache hit (VINF_SUCCESS) on \Device\HarddiskVolume3\Windows\System32\shlwapi.dll
3cec.1664: supR3HardenedWinVerifyCacheProcessImportTodos: Processing 'advapi32.dll'...
3cec.1664: supR3HardenedWinVerifyCacheProcessImportTodos: 'advapi32.dll' -> '\Device\HarddiskVolume3\Windows\System32\advapi32.dll' [rcNtRedir=0xc0150008]
3cec.1664: supR3HardenedScreenImage/Imports: cache hit (VINF_SUCCESS) on \Device\HarddiskVolume3\Windows\System32\advapi32.dll
3cec.1664: supR3HardenedMonitor_LdrLoadDll: pName=C:\Program Files\Oracle\VirtualBox\VBoxProxyStub.dll (rcNtResolve=0xc0150008) *pfFlags=0x0 pwszSearchPath=0000000000002009:<flags> [calling]
3cec.1664: supR3HardenedScreenImage/NtCreateSection: cache hit (VINF_SUCCESS) on \Device\HarddiskVolume3\Program Files\Oracle\VirtualBox\VBoxProxyStub.dll
3cec.1664: supR3HardenedDllNotificationCallback: load   00007fffe0c60000 LB 0x000eb000 C:\Program Files\Oracle\VirtualBox\VBoxProxyStub.dll [fFlags=0x0]
3cec.1664: supR3HardenedScreenImage/LdrLoadDll: cache hit (VINF_SUCCESS) on \Device\HarddiskVolume3\Program Files\Oracle\VirtualBox\VBoxProxyStub.dll
3cec.1664: supR3HardenedMonitor_LdrLoadDll: returns rcNt=0x0 hMod=00007fffe0c60000 'C:\Program Files\Oracle\VirtualBox\VBoxProxyStub.dll'
3cec.1664: supR3HardenedScreenImage/LdrLoadDll: cache hit (VINF_SUCCESS) on \Device\HarddiskVolume3\Windows\System32\oleaut32.dll
3cec.1664: supR3HardenedMonitor_LdrLoadDll: pName=C:\Windows\System32\oleaut32.dll (rcNtResolve=0xc0150008) *pfFlags=0x0 pwszSearchPath=0000000000002009:<flags> [calling]
3cec.1664: supR3HardenedMonitor_LdrLoadDll: returns rcNt=0x0 hMod=00007ff80d260000 'C:\Windows\System32\oleaut32.dll'
3cec.332c: '\Device\HarddiskVolume3\Windows\System32\tzres.dll' has no imports
3cec.332c: supHardenedWinVerifyImageByHandle: -> 22900 (\Device\HarddiskVolume3\Windows\System32\tzres.dll)
3cec.332c: supR3HardenedWinVerifyCacheInsert: \Device\HarddiskVolume3\Windows\System32\tzres.dll
3cec.332c: supR3HardenedMonitor_NtCreateSection: NtMapViewOfSection failed on 0000000000000994 (hFile=000000000000095c) with 0xc0000022 -> STATUS_TRUST_FAILURE
3cec.332c: supR3HardenedScreenImage/NtCreateSection: cache hit (22900) on \Device\HarddiskVolume3\Windows\System32\tzres.dll [avoiding WinVerifyTrust]
3cec.332c: supR3HardenedMonitor_NtCreateSection: NtMapViewOfSection failed on 000000000000095c (hFile=0000000000000994) with 0xc0000022 -> STATUS_TRUST_FAILURE
3cec.2df8: supR3HardNtViCallWinVerifyTrustCatFile: hFile=0000000000000960 pwszName=\Device\HarddiskVolume3\Windows\System32\tzres.dll
3cec.2df8: supR3HardNtViCallWinVerifyTrustCatFile: Cached context 00000287301a8c60
3cec.2df8: supR3HardNtViCallWinVerifyTrustCatFile: hCatAdmin=00000287301a8c60
3cec.2df8: supR3HardNtViCallWinVerifyTrustCatFile: cbHash=20 wszDigest=12222A17319FEB9AF4802DB807C5467D6C590194
3cec.2df8: supR3HardenedMonitor_LdrLoadDll: returns rcNt=0x0 hMod=00007ff80a140000 'C:\WINDOWS\system32\rsaenh.dll'
3cec.2df8: supR3HardenedMonitor_LdrLoadDll: returns rcNt=0x0 hMod=00007ff80b690000 'C:\WINDOWS\System32\crypt32.dll'
3cec.2df8: supR3HardNtViCallWinVerifyTrustCatFile: WinVerifyTrust => 0x0; cat='C:\WINDOWS\system32\CatRoot\{F750E6C3-38EE-11D1-85E5-00C04FC295EE}\Microsoft-OneCore-CoreSystem-Core-merged-Package~31bf3856ad364e35~amd64~~10.0.26100.8037.cat'; file='\Device\HarddiskVolume3\Windows\System32\tzres.dll'
3cec.2df8: supR3HardNtViCallWinVerifyTrustCatFile -> 0 (org 22900)
3cec.2df8: supR3HardenedWinVerifyCacheProcessWvtTodos: 0 (was 22900) fWinVerifyTrust=1 for '\Device\HarddiskVolume3\Windows\System32\tzres.dll'
3cec.2df8: supR3HardenedMonitor_LdrLoadDll: returns rcNt=0x0 hMod=00007ff80a140000 'C:\WINDOWS\system32\rsaenh.dll'
3cec.2df8: supR3HardenedMonitor_LdrLoadDll: returns rcNt=0x0 hMod=00007ff80b690000 'C:\WINDOWS\System32\crypt32.dll'
3cec.2df8: supR3HardenedWinVerifyCacheScheduleImports: Import todo: #0 'vboxrt.dll'.
3cec.2df8: supR3HardenedWinVerifyCacheScheduleImports: Import todo: #5 'vcruntime140.dll'.
3cec.2df8: supR3HardenedWinVerifyCacheScheduleImports: Import todo: #6 'vcruntime140_1.dll'.
3cec.2df8: supHardenedWinVerifyImageByHandle: -> 0 (\Device\HarddiskVolume3\Program Files\Oracle\VirtualBox\VBoxVMM.dll) WinVerifyTrust
3cec.2df8: supR3HardenedWinVerifyCacheInsert: \Device\HarddiskVolume3\Program Files\Oracle\VirtualBox\VBoxVMM.dll
3cec.2df8: supR3HardenedWinVerifyCacheProcessImportTodos: Processing 'vcruntime140_1.dll'...
3cec.2df8: supR3HardenedWinVerifyCacheProcessImportTodos: 'vcruntime140_1.dll' -> '\Device\HarddiskVolume3\Windows\System32\vcruntime140_1.dll' [rcNtRedir=0xc0150008]
3cec.2df8: supR3HardenedWinVerifyCacheProcessImportTodos: Processing 'vcruntime140.dll'...
3cec.2df8: supR3HardenedWinVerifyCacheProcessImportTodos: 'vcruntime140.dll' -> '\Device\HarddiskVolume3\Windows\System32\vcruntime140.dll' [rcNtRedir=0xc0150008]
3cec.2df8: supR3HardenedWinVerifyCacheProcessImportTodos: Processing 'vboxrt.dll'...
3cec.2df8: supR3HardenedWinVerifyCacheProcessImportTodos: 'vboxrt.dll' -> '\Device\HarddiskVolume3\Program Files\Oracle\VirtualBox\vboxrt.dll' [rcNtRedir=0xc0150008]
3cec.2df8: supR3HardenedMonitor_LdrLoadDll: pName=C:\Program Files\Oracle\VirtualBox\VBoxVMM.DLL (rcNtResolve=0xc0150008) *pfFlags=0x0 pwszSearchPath=0000000000000001:<flags> [calling]
3cec.2df8: supR3HardenedScreenImage/NtCreateSection: cache hit (VINF_SUCCESS) on \Device\HarddiskVolume3\Program Files\Oracle\VirtualBox\VBoxVMM.dll
3cec.2df8: supR3HardenedDllNotificationCallback: load   00007fffa16a0000 LB 0x005b7000 C:\Program Files\Oracle\VirtualBox\VBoxVMM.DLL [fFlags=0x0]
3cec.2df8: supR3HardenedScreenImage/LdrLoadDll: cache hit (VINF_SUCCESS) on \Device\HarddiskVolume3\Program Files\Oracle\VirtualBox\VBoxVMM.dll
3cec.2df8: supR3HardenedMonitor_LdrLoadDll: returns rcNt=0x0 hMod=00007fffa16a0000 'C:\Program Files\Oracle\VirtualBox\VBoxVMM.DLL'
3cec.332c: supR3HardenedMonitor_LdrLoadDll: returns rcNt=0x0 hMod=00007ff80a140000 'C:\WINDOWS\system32\rsaenh.dll'
3cec.332c: supR3HardenedMonitor_LdrLoadDll: returns rcNt=0x0 hMod=00007ff80b690000 'C:\WINDOWS\System32\crypt32.dll'
3cec.332c: supHardenedWinVerifyImageByHandle: -> 0 (\Device\HarddiskVolume3\Windows\System32\DriverStore\FileRepository\u0198974.inf_amd64_dcac9659486b668a\B025819\atidx9loader64.dll) WinVerifyTrust
3cec.332c: supR3HardenedWinVerifyCacheInsert: \Device\HarddiskVolume3\Windows\System32\DriverStore\FileRepository\u0198974.inf_amd64_dcac9659486b668a\B025819\atidx9loader64.dll
3cec.332c: supR3HardenedMonitor_LdrLoadDll: pName=C:\WINDOWS\System32\DriverStore\FileRepository\u0198974.inf_amd64_dcac9659486b668a\B025819\atidx9loader64.dll (rcNtResolve=0xc0150008) *pfFlags=0x0 pwszSearchPath=0000000000000009:<flags> [calling]
3cec.332c: supR3HardenedScreenImage/NtCreateSection: cache hit (VINF_SUCCESS) on \Device\HarddiskVolume3\Windows\System32\DriverStore\FileRepository\u0198974.inf_amd64_dcac9659486b668a\B025819\atidx9loader64.dll
3cec.332c: supR3HardenedDllNotificationCallback: load   00007ff801710000 LB 0x00020000 C:\WINDOWS\System32\DriverStore\FileRepository\u0198974.inf_amd64_dcac9659486b668a\B025819\atidx9loader64.dll [fFlags=0x0]
3cec.332c: supR3HardenedScreenImage/LdrLoadDll: cache hit (VINF_SUCCESS) on \Device\HarddiskVolume3\Windows\System32\DriverStore\FileRepository\u0198974.inf_amd64_dcac9659486b668a\B025819\atidx9loader64.dll
3cec.332c: supR3HardenedIsApiSetDll: ApiSetQueryApiSetPresence(api-ms-win-core-synch-l1-2-0) -> 0x0, fPresent=1
3cec.332c: supR3HardenedMonitor_LdrLoadDll: pName=api-ms-win-core-synch-l1-2-0 (rcNtResolve=0x0) *pfFlags=0x0 pwszSearchPath=0000000000000801:<flags> [calling]
3cec.332c: supR3HardenedMonitor_LdrLoadDll: returns rcNt=0x0 hMod=00007ff80bb60000 'api-ms-win-core-synch-l1-2-0'
3cec.332c: supR3HardenedIsApiSetDll: ApiSetQueryApiSetPresence(api-ms-win-core-fibers-l1-1-1) -> 0x0, fPresent=1
3cec.332c: supR3HardenedMonitor_LdrLoadDll: pName=api-ms-win-core-fibers-l1-1-1 (rcNtResolve=0x0) *pfFlags=0x0 pwszSearchPath=0000000000000801:<flags> [calling]
3cec.332c: supR3HardenedMonitor_LdrLoadDll: returns rcNt=0x0 hMod=00007ff80bb60000 'api-ms-win-core-fibers-l1-1-1'
3cec.332c: supR3HardenedIsApiSetDll: ApiSetQueryApiSetPresence(api-ms-win-core-fibers-l1-1-2) -> 0x0, fPresent=1
3cec.332c: supR3HardenedMonitor_LdrLoadDll: pName=api-ms-win-core-fibers-l1-1-2 (rcNtResolve=0x0) *pfFlags=0x0 pwszSearchPath=0000000000000801:<flags> [calling]
3cec.332c: supR3HardenedMonitor_LdrLoadDll: returns rcNt=0x0 hMod=00007ff80bb60000 'api-ms-win-core-fibers-l1-1-2'
3cec.332c: supR3HardenedScreenImage/LdrLoadDll: cache hit (VINF_SUCCESS) on \Device\HarddiskVolume3\Windows\System32\kernel32.dll
3cec.332c: supR3HardenedMonitor_LdrLoadDll: pName=C:\WINDOWS\System32\kernel32.dll (Input=kernel32, rcNtResolve=0xc0150008) *pfFlags=0x0 pwszSearchPath=0000000000000801:<flags> [calling]
3cec.332c: supR3HardenedMonitor_LdrLoadDll: returns rcNt=0x0 hMod=00007ff80cbd0000 'C:\WINDOWS\System32\kernel32.dll'
3cec.332c: supR3HardenedMonitor_LdrLoadDll: returns rcNt=0x0 hMod=00007ff801710000 'C:\WINDOWS\System32\DriverStore\FileRepository\u0198974.inf_amd64_dcac9659486b668a\B025819\atidx9loader64.dll'
3cec.332c: supR3HardenedMonitor_LdrLoadDll: returns rcNt=0x0 hMod=00007ff80a140000 'C:\WINDOWS\system32\rsaenh.dll'
3cec.332c: supR3HardenedMonitor_LdrLoadDll: returns rcNt=0x0 hMod=00007ff80b690000 'C:\WINDOWS\System32\crypt32.dll'
3cec.332c: supR3HardenedWinVerifyCacheScheduleImports: Import todo: #1 'user32.dll'.
3cec.332c: supR3HardenedWinVerifyCacheScheduleImports: Import todo: #2 'advapi32.dll'.
3cec.332c: supR3HardenedWinVerifyCacheScheduleImports: Import todo: #3 'winmm.dll'.
3cec.332c: supR3HardenedWinVerifyCacheScheduleImports: Import todo: #4 'ole32.dll'.
3cec.332c: supR3HardenedWinVerifyCacheScheduleImports: Import todo: #5 'shell32.dll'.
3cec.332c: supR3HardenedWinVerifyCacheScheduleImports: Import todo: #6 'gdi32.dll'.
3cec.332c: supR3HardenedWinVerifyCacheScheduleImports: Import todo: #7 'setupapi.dll'.
3cec.332c: supHardenedWinVerifyImageByHandle: -> 0 (\Device\HarddiskVolume3\Windows\System32\DriverStore\FileRepository\u0198974.inf_amd64_dcac9659486b668a\B025819\amdxn64.dll) WinVerifyTrust
3cec.332c: supR3HardenedWinVerifyCacheInsert: \Device\HarddiskVolume3\Windows\System32\DriverStore\FileRepository\u0198974.inf_amd64_dcac9659486b668a\B025819\amdxn64.dll
3cec.332c: supR3HardenedWinVerifyCacheProcessImportTodos: Processing 'setupapi.dll'...
3cec.332c: supR3HardenedWinVerifyCacheProcessImportTodos: 'setupapi.dll' -> '\Device\HarddiskVolume3\Windows\System32\setupapi.dll' [rcNtRedir=0xc0150008]
3cec.332c: supR3HardenedScreenImage/Imports: cache hit (VINF_SUCCESS) on \Device\HarddiskVolume3\Windows\System32\setupapi.dll
3cec.332c: supR3HardenedWinVerifyCacheProcessImportTodos: Processing 'gdi32.dll'...
3cec.332c: supR3HardenedWinVerifyCacheProcessImportTodos: 'gdi32.dll' -> '\Device\HarddiskVolume3\Windows\System32\gdi32.dll' [rcNtRedir=0xc0150008]
3cec.332c: supR3HardenedWinVerifyCacheProcessImportTodos: Processing 'shell32.dll'...
3cec.332c: supR3HardenedWinVerifyCacheProcessImportTodos: 'shell32.dll' -> '\Device\HarddiskVolume3\Windows\System32\shell32.dll' [rcNtRedir=0xc0150008]
3cec.332c: supR3HardenedScreenImage/Imports: cache hit (VINF_SUCCESS) on \Device\HarddiskVolume3\Windows\System32\shell32.dll
3cec.332c: supR3HardenedWinVerifyCacheProcessImportTodos: Processing 'ole32.dll'...
3cec.332c: supR3HardenedWinVerifyCacheProcessImportTodos: 'ole32.dll' -> '\Device\HarddiskVolume3\Windows\System32\ole32.dll' [rcNtRedir=0xc0150008]
3cec.332c: supR3HardenedWinVerifyCacheProcessImportTodos: Processing 'winmm.dll'...
3cec.332c: supR3HardenedWinVerifyCacheProcessImportTodos: 'winmm.dll' -> '\Device\HarddiskVolume3\Windows\System32\winmm.dll' [rcNtRedir=0xc0150008]
3cec.332c: supR3HardenedScreenImage/Imports: cache hit (VINF_SUCCESS) on \Device\HarddiskVolume3\Windows\System32\winmm.dll
3cec.332c: supR3HardenedWinVerifyCacheProcessImportTodos: Processing 'advapi32.dll'...
3cec.332c: supR3HardenedWinVerifyCacheProcessImportTodos: 'advapi32.dll' -> '\Device\HarddiskVolume3\Windows\System32\advapi32.dll' [rcNtRedir=0xc0150008]
3cec.332c: supR3HardenedWinVerifyCacheProcessImportTodos: Processing 'user32.dll'...
3cec.332c: supR3HardenedWinVerifyCacheProcessImportTodos: 'user32.dll' -> '\Device\HarddiskVolume3\Windows\System32\user32.dll' [rcNtRedir=0xc0150008]
3cec.332c: supR3HardenedMonitor_LdrLoadDll: pName=C:\WINDOWS\System32\DriverStore\FileRepository\u0198974.inf_amd64_dcac9659486b668a\B025819\AMDXN64.DLL (rcNtResolve=0xc0150008) *pfFlags=0x0 pwszSearchPath=0000000000000001:<flags> [calling]
3cec.332c: supR3HardenedScreenImage/NtCreateSection: cache hit (VINF_SUCCESS) on \Device\HarddiskVolume3\Windows\System32\DriverStore\FileRepository\u0198974.inf_amd64_dcac9659486b668a\B025819\amdxn64.dll
3cec.332c: supR3HardenedDllNotificationCallback: load   00007fff4c830000 LB 0x0271b000 C:\WINDOWS\System32\DriverStore\FileRepository\u0198974.inf_amd64_dcac9659486b668a\B025819\AMDXN64.DLL [fFlags=0x0]
3cec.332c: supR3HardenedScreenImage/LdrLoadDll: cache hit (VINF_SUCCESS) on \Device\HarddiskVolume3\Windows\System32\DriverStore\FileRepository\u0198974.inf_amd64_dcac9659486b668a\B025819\amdxn64.dll
3cec.332c: supR3HardenedIsApiSetDll: ApiSetQueryApiSetPresence(api-ms-win-core-synch-l1-2-0) -> 0x0, fPresent=1
3cec.332c: supR3HardenedMonitor_LdrLoadDll: pName=api-ms-win-core-synch-l1-2-0 (rcNtResolve=0x0) *pfFlags=0x0 pwszSearchPath=0000000000000801:<flags> [calling]
3cec.332c: supR3HardenedMonitor_LdrLoadDll: returns rcNt=0x0 hMod=00007ff80bb60000 'api-ms-win-core-synch-l1-2-0'
3cec.332c: supR3HardenedIsApiSetDll: ApiSetQueryApiSetPresence(api-ms-win-core-fibers-l1-1-1) -> 0x0, fPresent=1
3cec.332c: supR3HardenedMonitor_LdrLoadDll: pName=api-ms-win-core-fibers-l1-1-1 (rcNtResolve=0x0) *pfFlags=0x0 pwszSearchPath=0000000000000801:<flags> [calling]
3cec.332c: supR3HardenedMonitor_LdrLoadDll: returns rcNt=0x0 hMod=00007ff80bb60000 'api-ms-win-core-fibers-l1-1-1'
3cec.332c: supR3HardenedIsApiSetDll: ApiSetQueryApiSetPresence(api-ms-win-core-fibers-l1-1-2) -> 0x0, fPresent=1
3cec.332c: supR3HardenedMonitor_LdrLoadDll: pName=api-ms-win-core-fibers-l1-1-2 (rcNtResolve=0x0) *pfFlags=0x0 pwszSearchPath=0000000000000801:<flags> [calling]
3cec.332c: supR3HardenedMonitor_LdrLoadDll: returns rcNt=0x0 hMod=00007ff80bb60000 'api-ms-win-core-fibers-l1-1-2'
3cec.332c: supR3HardenedScreenImage/LdrLoadDll: cache hit (VINF_SUCCESS) on \Device\HarddiskVolume3\Windows\System32\kernel32.dll
3cec.332c: supR3HardenedMonitor_LdrLoadDll: pName=C:\WINDOWS\System32\kernel32.dll (Input=kernel32, rcNtResolve=0xc0150008) *pfFlags=0x0 pwszSearchPath=0000000000000801:<flags> [calling]
3cec.332c: supR3HardenedMonitor_LdrLoadDll: returns rcNt=0x0 hMod=00007ff80cbd0000 'C:\WINDOWS\System32\kernel32.dll'
3cec.332c: supR3HardenedIsApiSetDll: ApiSetQueryApiSetPresence(api-ms-win-core-string-l1-1-0) -> 0x0, fPresent=1
3cec.332c: supR3HardenedMonitor_LdrLoadDll: pName=api-ms-win-core-string-l1-1-0 (rcNtResolve=0x0) *pfFlags=0x0 pwszSearchPath=0000000000000801:<flags> [calling]
3cec.332c: supR3HardenedMonitor_LdrLoadDll: returns rcNt=0x0 hMod=00007ff80bb60000 'api-ms-win-core-string-l1-1-0'
3cec.332c: supR3HardenedIsApiSetDll: ApiSetQueryApiSetPresence(api-ms-win-core-localization-l1-2-1) -> 0x0, fPresent=1
3cec.332c: supR3HardenedMonitor_LdrLoadDll: pName=api-ms-win-core-localization-l1-2-1 (rcNtResolve=0x0) *pfFlags=0x0 pwszSearchPath=0000000000000801:<flags> [calling]
3cec.332c: supR3HardenedMonitor_LdrLoadDll: returns rcNt=0x0 hMod=00007ff80bb60000 'api-ms-win-core-localization-l1-2-1'
3cec.332c: supR3HardenedIsApiSetDll: ApiSetQueryApiSetPresence(api-ms-win-core-datetime-l1-1-1) -> 0x0, fPresent=1
3cec.332c: supR3HardenedMonitor_LdrLoadDll: pName=api-ms-win-core-datetime-l1-1-1 (rcNtResolve=0x0) *pfFlags=0x0 pwszSearchPath=0000000000000801:<flags> [calling]
3cec.332c: supR3HardenedMonitor_LdrLoadDll: returns rcNt=0x0 hMod=00007ff80bb60000 'api-ms-win-core-datetime-l1-1-1'
3cec.332c: supR3HardenedIsApiSetDll: ApiSetQueryApiSetPresence(api-ms-win-core-localization-obsolete-l1-2-0) -> 0x0, fPresent=1
3cec.332c: supR3HardenedMonitor_LdrLoadDll: pName=api-ms-win-core-localization-obsolete-l1-2-0 (rcNtResolve=0x0) *pfFlags=0x0 pwszSearchPath=0000000000000801:<flags> [calling]
3cec.332c: supR3HardenedMonitor_LdrLoadDll: returns rcNt=0x0 hMod=00007ff80bb60000 'api-ms-win-core-localization-obsolete-l1-2-0'
3cec.332c: supR3HardenedMonitor_LdrLoadDll: returns rcNt=0x0 hMod=00007fff4c830000 'C:\WINDOWS\System32\DriverStore\FileRepository\u0198974.inf_amd64_dcac9659486b668a\B025819\AMDXN64.DLL'
3cec.332c: supR3HardenedMonitor_LdrLoadDll: returns rcNt=0x0 hMod=00007ff80a140000 'C:\WINDOWS\system32\rsaenh.dll'
3cec.332c: supR3HardenedMonitor_LdrLoadDll: returns rcNt=0x0 hMod=00007ff80b690000 'C:\WINDOWS\System32\crypt32.dll'
3cec.332c: supR3HardenedWinVerifyCacheScheduleImports: Import todo: #0 'shlwapi.dll'.
3cec.332c: supR3HardenedWinVerifyCacheScheduleImports: Import todo: #2 'user32.dll'.
3cec.332c: supR3HardenedWinVerifyCacheScheduleImports: Import todo: #3 'advapi32.dll'.
3cec.332c: supHardenedWinVerifyImageByHandle: -> 0 (\Device\HarddiskVolume3\Windows\System32\DriverStore\FileRepository\u0198974.inf_amd64_dcac9659486b668a\B025819\amdihk64.dll) WinVerifyTrust
3cec.332c: supR3HardenedWinVerifyCacheInsert: \Device\HarddiskVolume3\Windows\System32\DriverStore\FileRepository\u0198974.inf_amd64_dcac9659486b668a\B025819\amdihk64.dll
3cec.332c: supR3HardenedWinVerifyCacheProcessImportTodos: Processing 'advapi32.dll'...
3cec.332c: supR3HardenedWinVerifyCacheProcessImportTodos: 'advapi32.dll' -> '\Device\HarddiskVolume3\Windows\System32\advapi32.dll' [rcNtRedir=0xc0150008]
3cec.332c: supR3HardenedWinVerifyCacheProcessImportTodos: Processing 'user32.dll'...
3cec.332c: supR3HardenedWinVerifyCacheProcessImportTodos: 'user32.dll' -> '\Device\HarddiskVolume3\Windows\System32\user32.dll' [rcNtRedir=0xc0150008]
3cec.332c: supR3HardenedWinVerifyCacheProcessImportTodos: Processing 'shlwapi.dll'...
3cec.332c: supR3HardenedWinVerifyCacheProcessImportTodos: 'shlwapi.dll' -> '\Device\HarddiskVolume3\Windows\System32\shlwapi.dll' [rcNtRedir=0xc0150008]
3cec.332c: supR3HardenedScreenImage/Imports: cache hit (VINF_SUCCESS) on \Device\HarddiskVolume3\Windows\System32\shlwapi.dll
3cec.332c: supR3HardenedMonitor_LdrLoadDll: pName=C:\WINDOWS\System32\DriverStore\FileRepository\u0198974.inf_amd64_dcac9659486b668a\B025819\amdihk64.dll (rcNtResolve=0xc0150008) *pfFlags=0x0 pwszSearchPath=0000000000000001:<flags> [calling]
3cec.332c: supR3HardenedScreenImage/NtCreateSection: cache hit (VINF_SUCCESS) on \Device\HarddiskVolume3\Windows\System32\DriverStore\FileRepository\u0198974.inf_amd64_dcac9659486b668a\B025819\amdihk64.dll
3cec.332c: supR3HardenedDllNotificationCallback: load   00007ff802090000 LB 0x0003c000 C:\WINDOWS\System32\DriverStore\FileRepository\u0198974.inf_amd64_dcac9659486b668a\B025819\amdihk64.dll [fFlags=0x0]
3cec.332c: supR3HardenedScreenImage/LdrLoadDll: cache hit (VINF_SUCCESS) on \Device\HarddiskVolume3\Windows\System32\DriverStore\FileRepository\u0198974.inf_amd64_dcac9659486b668a\B025819\amdihk64.dll
3cec.332c: supR3HardenedIsApiSetDll: ApiSetQueryApiSetPresence(api-ms-win-core-synch-l1-2-0) -> 0x0, fPresent=1
3cec.332c: supR3HardenedMonitor_LdrLoadDll: pName=api-ms-win-core-synch-l1-2-0 (rcNtResolve=0x0) *pfFlags=0x0 pwszSearchPath=0000000000000801:<flags> [calling]
3cec.332c: supR3HardenedMonitor_LdrLoadDll: returns rcNt=0x0 hMod=00007ff80bb60000 'api-ms-win-core-synch-l1-2-0'
3cec.332c: supR3HardenedIsApiSetDll: ApiSetQueryApiSetPresence(api-ms-win-core-fibers-l1-1-1) -> 0x0, fPresent=1
3cec.332c: supR3HardenedMonitor_LdrLoadDll: pName=api-ms-win-core-fibers-l1-1-1 (rcNtResolve=0x0) *pfFlags=0x0 pwszSearchPath=0000000000000801:<flags> [calling]
3cec.332c: supR3HardenedMonitor_LdrLoadDll: returns rcNt=0x0 hMod=00007ff80bb60000 'api-ms-win-core-fibers-l1-1-1'
3cec.332c: supR3HardenedIsApiSetDll: ApiSetQueryApiSetPresence(api-ms-win-core-synch-l1-2-0) -> 0x0, fPresent=1
3cec.332c: supR3HardenedMonitor_LdrLoadDll: pName=api-ms-win-core-synch-l1-2-0 (rcNtResolve=0x0) *pfFlags=0x0 pwszSearchPath=0000000000000801:<flags> [calling]
3cec.332c: supR3HardenedMonitor_LdrLoadDll: returns rcNt=0x0 hMod=00007ff80bb60000 'api-ms-win-core-synch-l1-2-0'
3cec.332c: supR3HardenedScreenImage/LdrLoadDll: cache hit (VINF_SUCCESS) on \Device\HarddiskVolume3\Windows\System32\kernel32.dll
3cec.332c: supR3HardenedMonitor_LdrLoadDll: pName=C:\WINDOWS\System32\kernel32.dll (Input=kernel32, rcNtResolve=0xc0150008) *pfFlags=0x0 pwszSearchPath=0000000000000801:<flags> [calling]
3cec.332c: supR3HardenedMonitor_LdrLoadDll: returns rcNt=0x0 hMod=00007ff80cbd0000 'C:\WINDOWS\System32\kernel32.dll'
3cec.332c: supR3HardenedMonitor_LdrLoadDll: returns rcNt=0x0 hMod=00007ff802090000 'C:\WINDOWS\System32\DriverStore\FileRepository\u0198974.inf_amd64_dcac9659486b668a\B025819\amdihk64.dll'
3cec.332c: supR3HardenedWinVerifyCacheScheduleImports: Import todo: #12 'msvcp_win.dll'.
3cec.332c: supHardenedWinVerifyImageByHandle: -> 0 (\Device\HarddiskVolume3\Windows\System32\directxdatabasehelper.dll)
3cec.332c: supR3HardenedWinVerifyCacheInsert: \Device\HarddiskVolume3\Windows\System32\directxdatabasehelper.dll
3cec.332c: supR3HardenedDllNotificationCallback: load   00007ff806ac0000 LB 0x00061000 C:\WINDOWS\SYSTEM32\directxdatabasehelper.dll [fFlags=0x0]
3cec.332c: supR3HardenedScreenImage/LdrLoadDll: cache hit (VINF_SUCCESS) on \Device\HarddiskVolume3\Windows\System32\directxdatabasehelper.dll [avoiding WinVerifyTrust]
3cec.332c: supR3HardenedWinVerifyCacheProcessImportTodos: Processing 'msvcp_win.dll'...
3cec.332c: supR3HardenedWinVerifyCacheProcessImportTodos: 'msvcp_win.dll' -> '\Device\HarddiskVolume3\Windows\System32\msvcp_win.dll' [rcNtRedir=0xc0150008]
3cec.332c: supR3HardenedMonitor_LdrLoadDll: returns rcNt=0x0 hMod=00007ff80a140000 'C:\WINDOWS\system32\rsaenh.dll'
3cec.332c: supR3HardenedMonitor_LdrLoadDll: returns rcNt=0x0 hMod=00007ff80b690000 'C:\WINDOWS\System32\crypt32.dll'
3cec.332c: supR3HardenedWinVerifyCacheProcessWvtTodos: 0 (was 0) fWinVerifyTrust=1 for '\Device\HarddiskVolume3\Windows\System32\directxdatabasehelper.dll'
3cec.332c: supR3HardenedIsApiSetDll: ApiSetQueryApiSetPresence(ext-ms-win-core-resourcepolicy-l1-1-0.dll) -> 0x0, fPresent=1
3cec.332c: supR3HardenedMonitor_LdrLoadDll: pName=ext-ms-win-core-resourcepolicy-l1-1-0.dll (rcNtResolve=0x0) *pfFlags=0x0 pwszSearchPath=0000000000000001:<flags> [calling]
3cec.332c: supR3HardenedWinVerifyCacheScheduleImports: Import todo: #0 'msvcrt.dll'.
3cec.332c: supR3HardenedWinVerifyCacheScheduleImports: Import todo: #11 'rpcrt4.dll'.
3cec.332c: supHardenedWinVerifyImageByHandle: -> 0 (\Device\HarddiskVolume3\Windows\System32\ResourcePolicyClient.dll)
3cec.332c: supR3HardenedWinVerifyCacheInsert: \Device\HarddiskVolume3\Windows\System32\ResourcePolicyClient.dll
3cec.332c: supR3HardenedDllNotificationCallback: load   00007ff809560000 LB 0x00014000 C:\WINDOWS\SYSTEM32\resourcepolicyclient.dll [fFlags=0x0]
3cec.332c: supR3HardenedScreenImage/LdrLoadDll: cache hit (VINF_SUCCESS) on \Device\HarddiskVolume3\Windows\System32\ResourcePolicyClient.dll [avoiding WinVerifyTrust]
3cec.332c: supR3HardenedMonitor_LdrLoadDll: returns rcNt=0x0 hMod=00007ff809560000 'ext-ms-win-core-resourcepolicy-l1-1-0.dll'
3cec.332c: supR3HardenedWinVerifyCacheProcessImportTodos: Processing 'rpcrt4.dll'...
3cec.332c: supR3HardenedWinVerifyCacheProcessImportTodos: 'rpcrt4.dll' -> '\Device\HarddiskVolume3\Windows\System32\rpcrt4.dll' [rcNtRedir=0xc0150008]
3cec.332c: supR3HardenedWinVerifyCacheProcessImportTodos: Processing 'msvcrt.dll'...
3cec.332c: supR3HardenedWinVerifyCacheProcessImportTodos: 'msvcrt.dll' -> '\Device\HarddiskVolume3\Windows\System32\msvcrt.dll' [rcNtRedir=0xc0150008]
3cec.332c: supR3HardenedMonitor_LdrLoadDll: returns rcNt=0x0 hMod=00007ff80a140000 'C:\WINDOWS\system32\rsaenh.dll'
3cec.332c: supR3HardenedMonitor_LdrLoadDll: returns rcNt=0x0 hMod=00007ff80b690000 'C:\WINDOWS\System32\crypt32.dll'
3cec.332c: supR3HardenedWinVerifyCacheProcessWvtTodos: 0 (was 0) fWinVerifyTrust=1 for '\Device\HarddiskVolume3\Windows\System32\ResourcePolicyClient.dll'
3cec.332c: supR3HardenedDllNotificationCallback: Unload 00007ff809560000 LB 0x00014000 C:\WINDOWS\SYSTEM32\resourcepolicyclient.dll [flags=0x0]
3cec.332c: supR3HardenedMonitor_LdrLoadDll: returns rcNt=0x0 hMod=00007ff80e6f0000 'C:\WINDOWS\System32\gdi32.dll'
3cec.332c: supR3HardenedDllNotificationCallback: Unload 00007ff802090000 LB 0x0003c000 C:\WINDOWS\System32\DriverStore\FileRepository\u0198974.inf_amd64_dcac9659486b668a\B025819\amdihk64.dll [flags=0x0]
3cec.332c: supR3HardenedDllNotificationCallback: Unload 00007fff4c830000 LB 0x0271b000 C:\WINDOWS\System32\DriverStore\FileRepository\u0198974.inf_amd64_dcac9659486b668a\B025819\AMDXN64.DLL [flags=0x0]
3cec.332c: supR3HardenedDllNotificationCallback: Unload 00007ff801710000 LB 0x00020000 C:\WINDOWS\System32\DriverStore\FileRepository\u0198974.inf_amd64_dcac9659486b668a\B025819\atidx9loader64.dll [flags=0x0]
3cec.332c: supR3HardNtViCallWinVerifyTrustCatFile: hFile=0000000000000c54 pwszName=\Device\HarddiskVolume3\Windows\System32\DataExchange.dll
3cec.332c: supR3HardNtViCallWinVerifyTrustCatFile: Cached context 00000287301a8c60
3cec.332c: supR3HardNtViCallWinVerifyTrustCatFile: hCatAdmin=00000287301a8c60
3cec.332c: supR3HardNtViCallWinVerifyTrustCatFile: cbHash=20 wszDigest=63FC53769F66DBC5C581C47D039D514722077651
3cec.332c: supR3HardenedMonitor_LdrLoadDll: returns rcNt=0x0 hMod=00007ff80a140000 'C:\WINDOWS\system32\rsaenh.dll'
3cec.332c: supR3HardenedMonitor_LdrLoadDll: returns rcNt=0x0 hMod=00007ff80b690000 'C:\WINDOWS\System32\crypt32.dll'
3cec.332c: supR3HardNtViCallWinVerifyTrustCatFile: WinVerifyTrust => 0x0; cat='C:\WINDOWS\system32\CatRoot\{F750E6C3-38EE-11D1-85E5-00C04FC295EE}\Microsoft-Windows-Client-Desktop-Required-Package041120~31bf3856ad364e35~amd64~~10.0.26100.8246.cat'; file='\Device\HarddiskVolume3\Windows\System32\DataExchange.dll'
3cec.332c: supR3HardNtViCallWinVerifyTrustCatFile -> 0 (org 22900)
3cec.332c: supR3HardenedWinVerifyCacheScheduleImports: Import todo: #28 'msvcp_win.dll'.
3cec.332c: supHardenedWinVerifyImageByHandle: -> 0 (\Device\HarddiskVolume3\Windows\System32\DataExchange.dll) WinVerifyTrust
3cec.332c: supR3HardenedWinVerifyCacheInsert: \Device\HarddiskVolume3\Windows\System32\DataExchange.dll
3cec.332c: supR3HardenedWinVerifyCacheProcessImportTodos: Processing 'msvcp_win.dll'...
3cec.332c: supR3HardenedWinVerifyCacheProcessImportTodos: 'msvcp_win.dll' -> '\Device\HarddiskVolume3\Windows\System32\msvcp_win.dll' [rcNtRedir=0xc0150008]
3cec.332c: supR3HardenedScreenImage/Imports: cache hit (VINF_SUCCESS) on \Device\HarddiskVolume3\Windows\System32\msvcp_win.dll
3cec.332c: supR3HardenedMonitor_LdrLoadDll: pName=C:\WINDOWS\system32\dataexchange.dll (rcNtResolve=0xc0150008) *pfFlags=0x0 pwszSearchPath=0000000000002009:<flags> [calling]
3cec.332c: supR3HardenedScreenImage/NtCreateSection: cache hit (VINF_SUCCESS) on \Device\HarddiskVolume3\Windows\System32\DataExchange.dll
3cec.332c: supR3HardenedDllNotificationCallback: load   00007ffff6f90000 LB 0x0005a000 C:\WINDOWS\system32\dataexchange.dll [fFlags=0x0]
3cec.332c: supR3HardenedScreenImage/LdrLoadDll: cache hit (VINF_SUCCESS) on \Device\HarddiskVolume3\Windows\System32\DataExchange.dll
3cec.332c: supR3HardenedMonitor_LdrLoadDll: returns rcNt=0x0 hMod=00007ffff6f90000 'C:\WINDOWS\system32\dataexchange.dll'
3cec.332c: supR3HardenedWinVerifyCacheScheduleImports: Import todo: #39 'combase.dll'.
3cec.332c: supR3HardenedWinVerifyCacheScheduleImports: Import todo: #41 'msvcp_win.dll'.
3cec.332c: supHardenedWinVerifyImageByHandle: -> 0 (\Device\HarddiskVolume3\Windows\System32\twinapi.appcore.dll)
3cec.332c: supR3HardenedWinVerifyCacheInsert: \Device\HarddiskVolume3\Windows\System32\twinapi.appcore.dll
3cec.332c: supR3HardenedDllNotificationCallback: load   00007ff801bd0000 LB 0x0024d000 C:\WINDOWS\system32\twinapi.appcore.dll [fFlags=0x0]
3cec.332c: supR3HardenedScreenImage/LdrLoadDll: cache hit (VINF_SUCCESS) on \Device\HarddiskVolume3\Windows\System32\twinapi.appcore.dll [avoiding WinVerifyTrust]
3cec.332c: supR3HardenedWinVerifyCacheScheduleImports: Import todo: #0 'msvcrt.dll'.
3cec.332c: supR3HardenedWinVerifyCacheScheduleImports: Import todo: #17 'oleaut32.dll'.
3cec.332c: supR3HardenedWinVerifyCacheScheduleImports: Import todo: #18 'rpcrt4.dll'.
3cec.332c: supHardenedWinVerifyImageByHandle: -> 0 (\Device\HarddiskVolume3\Windows\System32\TextInputFramework.dll)
3cec.332c: supR3HardenedWinVerifyCacheInsert: \Device\HarddiskVolume3\Windows\System32\TextInputFramework.dll
3cec.332c: supR3HardenedDllNotificationCallback: load   00007fffe8690000 LB 0x00148000 C:\WINDOWS\SYSTEM32\textinputframework.dll [fFlags=0x0]
3cec.332c: supR3HardenedScreenImage/LdrLoadDll: cache hit (VINF_SUCCESS) on \Device\HarddiskVolume3\Windows\System32\TextInputFramework.dll [avoiding WinVerifyTrust]
3cec.332c: supR3HardenedWinVerifyCacheScheduleImports: Import todo: #18 'msvcp_win.dll'.
3cec.332c: supHardenedWinVerifyImageByHandle: -> 0 (\Device\HarddiskVolume3\Windows\System32\CoreMessaging.dll)
3cec.332c: supR3HardenedWinVerifyCacheInsert: \Device\HarddiskVolume3\Windows\System32\CoreMessaging.dll
3cec.332c: supR3HardenedDllNotificationCallback: load   00007ff8085d0000 LB 0x00127000 C:\WINDOWS\SYSTEM32\CoreMessaging.dll [fFlags=0x0]
3cec.332c: supR3HardenedScreenImage/LdrLoadDll: cache hit (VINF_SUCCESS) on \Device\HarddiskVolume3\Windows\System32\CoreMessaging.dll [avoiding WinVerifyTrust]
3cec.332c: supR3HardenedWinVerifyCacheProcessImportTodos: Processing 'msvcp_win.dll'...
3cec.332c: supR3HardenedWinVerifyCacheProcessImportTodos: 'msvcp_win.dll' -> '\Device\HarddiskVolume3\Windows\System32\msvcp_win.dll' [rcNtRedir=0xc0150008]
3cec.332c: supR3HardenedWinVerifyCacheProcessImportTodos: Processing 'rpcrt4.dll'...
3cec.332c: supR3HardenedWinVerifyCacheProcessImportTodos: 'rpcrt4.dll' -> '\Device\HarddiskVolume3\Windows\System32\rpcrt4.dll' [rcNtRedir=0xc0150008]
3cec.332c: supR3HardenedWinVerifyCacheProcessImportTodos: Processing 'oleaut32.dll'...
3cec.332c: supR3HardenedWinVerifyCacheProcessImportTodos: 'oleaut32.dll' -> '\Device\HarddiskVolume3\Windows\System32\oleaut32.dll' [rcNtRedir=0xc0150008]
3cec.332c: supR3HardenedScreenImage/Imports: cache hit (VINF_SUCCESS) on \Device\HarddiskVolume3\Windows\System32\oleaut32.dll
3cec.332c: supR3HardenedWinVerifyCacheProcessImportTodos: Processing 'msvcrt.dll'...
3cec.332c: supR3HardenedWinVerifyCacheProcessImportTodos: 'msvcrt.dll' -> '\Device\HarddiskVolume3\Windows\System32\msvcrt.dll' [rcNtRedir=0xc0150008]
3cec.332c: supR3HardenedWinVerifyCacheProcessImportTodos: Processing 'msvcp_win.dll'...
3cec.332c: supR3HardenedWinVerifyCacheProcessImportTodos: 'msvcp_win.dll' -> '\Device\HarddiskVolume3\Windows\System32\msvcp_win.dll' [rcNtRedir=0xc0150008]
3cec.332c: supR3HardenedWinVerifyCacheProcessImportTodos: Processing 'combase.dll'...
3cec.332c: supR3HardenedWinVerifyCacheProcessImportTodos: 'combase.dll' -> '\Device\HarddiskVolume3\Windows\System32\combase.dll' [rcNtRedir=0xc0150008]
3cec.332c: supR3HardenedScreenImage/Imports: cache hit (VINF_SUCCESS) on \Device\HarddiskVolume3\Windows\System32\combase.dll
3cec.332c: supR3HardenedMonitor_LdrLoadDll: returns rcNt=0x0 hMod=00007ff80a140000 'C:\WINDOWS\system32\rsaenh.dll'
3cec.332c: supR3HardenedMonitor_LdrLoadDll: returns rcNt=0x0 hMod=00007ff80b690000 'C:\WINDOWS\System32\crypt32.dll'
3cec.332c: supR3HardenedWinVerifyCacheProcessWvtTodos: 0 (was 0) fWinVerifyTrust=1 for '\Device\HarddiskVolume3\Windows\System32\CoreMessaging.dll'
3cec.332c: supR3HardenedMonitor_LdrLoadDll: returns rcNt=0x0 hMod=00007ff80a140000 'C:\WINDOWS\system32\rsaenh.dll'
3cec.332c: supR3HardenedMonitor_LdrLoadDll: returns rcNt=0x0 hMod=00007ff80b690000 'C:\WINDOWS\System32\crypt32.dll'
3cec.332c: supR3HardenedWinVerifyCacheProcessWvtTodos: 0 (was 0) fWinVerifyTrust=1 for '\Device\HarddiskVolume3\Windows\System32\TextInputFramework.dll'
3cec.332c: supR3HardenedMonitor_LdrLoadDll: returns rcNt=0x0 hMod=00007ff80a140000 'C:\WINDOWS\system32\rsaenh.dll'
3cec.332c: supR3HardenedMonitor_LdrLoadDll: returns rcNt=0x0 hMod=00007ff80b690000 'C:\WINDOWS\System32\crypt32.dll'
3cec.332c: supR3HardenedWinVerifyCacheProcessWvtTodos: 0 (was 0) fWinVerifyTrust=1 for '\Device\HarddiskVolume3\Windows\System32\twinapi.appcore.dll'
3cec.332c: supR3HardenedIsApiSetDll: ApiSetQueryApiSetPresence(api-ms-win-security-sddl-l1-1-0.dll) -> 0x0, fPresent=1
3cec.332c: supR3HardenedMonitor_LdrLoadDll: pName=api-ms-win-security-sddl-l1-1-0.dll (rcNtResolve=0x0) *pfFlags=0x0 pwszSearchPath=0000000000000001:<flags> [calling]
3cec.332c: supR3HardenedMonitor_LdrLoadDll: returns rcNt=0x0 hMod=00007ff80d830000 'api-ms-win-security-sddl-l1-1-0.dll'
3cec.332c: supR3HardenedIsApiSetDll: ApiSetQueryApiSetPresence(ext-ms-win-rtcore-ntuser-window-ext-l1-1-0.dll) -> 0x0, fPresent=1
3cec.332c: supR3HardenedMonitor_LdrLoadDll: pName=ext-ms-win-rtcore-ntuser-window-ext-l1-1-0.dll (rcNtResolve=0x0) *pfFlags=0x0 pwszSearchPath=0000000000000001:<flags> [calling]
3cec.332c: supR3HardenedMonitor_LdrLoadDll: returns rcNt=0x0 hMod=00007ff80c950000 'ext-ms-win-rtcore-ntuser-window-ext-l1-1-0.dll'
3cec.332c: supR3HardenedIsApiSetDll: ApiSetQueryApiSetPresence(ext-ms-win-rtcore-ntuser-integration-l1-1-0.dll) -> 0x0, fPresent=1
3cec.332c: supR3HardenedMonitor_LdrLoadDll: pName=ext-ms-win-rtcore-ntuser-integration-l1-1-0.dll (rcNtResolve=0x0) *pfFlags=0x0 pwszSearchPath=0000000000000001:<flags> [calling]
3cec.332c: supR3HardenedMonitor_LdrLoadDll: returns rcNt=0x0 hMod=00007ff80c950000 'ext-ms-win-rtcore-ntuser-integration-l1-1-0.dll'
3cec.332c: supR3HardenedWinVerifyCacheScheduleImports: Import todo: #0 'msvcrt.dll'.
3cec.332c: supR3HardenedWinVerifyCacheScheduleImports: Import todo: #33 'coremessaging.dll'.
3cec.332c: supHardenedWinVerifyImageByHandle: -> 0 (\Device\HarddiskVolume3\Windows\System32\CoreUIComponents.dll)
3cec.332c: supR3HardenedWinVerifyCacheInsert: \Device\HarddiskVolume3\Windows\System32\CoreUIComponents.dll
3cec.332c: supR3HardenedDllNotificationCallback: load   00007ff806170000 LB 0x002e2000 C:\WINDOWS\SYSTEM32\CoreUIComponents.dll [fFlags=0x0]
3cec.332c: supR3HardenedScreenImage/LdrLoadDll: cache hit (VINF_SUCCESS) on \Device\HarddiskVolume3\Windows\System32\CoreUIComponents.dll [avoiding WinVerifyTrust]
3cec.332c: supR3HardenedWinVerifyCacheProcessImportTodos: Processing 'coremessaging.dll'...
3cec.332c: supR3HardenedWinVerifyCacheProcessImportTodos: 'coremessaging.dll' -> '\Device\HarddiskVolume3\Windows\System32\coremessaging.dll' [rcNtRedir=0xc0150008]
3cec.332c: supR3HardenedScreenImage/Imports: cache hit (VINF_SUCCESS) on \Device\HarddiskVolume3\Windows\System32\CoreMessaging.dll
3cec.332c: supR3HardenedWinVerifyCacheProcessImportTodos: Processing 'msvcrt.dll'...
3cec.332c: supR3HardenedWinVerifyCacheProcessImportTodos: 'msvcrt.dll' -> '\Device\HarddiskVolume3\Windows\System32\msvcrt.dll' [rcNtRedir=0xc0150008]
3cec.332c: supR3HardenedScreenImage/Imports: cache hit (VINF_SUCCESS) on \Device\HarddiskVolume3\Windows\System32\msvcrt.dll
3cec.332c: supR3HardenedMonitor_LdrLoadDll: returns rcNt=0x0 hMod=00007ff80a140000 'C:\WINDOWS\system32\rsaenh.dll'
3cec.332c: supR3HardenedMonitor_LdrLoadDll: returns rcNt=0x0 hMod=00007ff80b690000 'C:\WINDOWS\System32\crypt32.dll'
3cec.332c: supR3HardenedWinVerifyCacheProcessWvtTodos: 0 (was 0) fWinVerifyTrust=1 for '\Device\HarddiskVolume3\Windows\System32\CoreUIComponents.dll'
3cec.332c: supR3HardenedMonitor_LdrLoadDll: returns rcNt=0x0 hMod=00007ff80d010000 'C:\WINDOWS\System32\RPCRT4.dll'
3cec.332c: supR3HardenedIsApiSetDll: ApiSetQueryApiSetPresence(api-ms-win-security-systemfunctions-l1-1-0) -> 0x0, fPresent=1
3cec.332c: supR3HardenedMonitor_LdrLoadDll: pName=api-ms-win-security-systemfunctions-l1-1-0 (rcNtResolve=0x0) *pfFlags=0x0 pwszSearchPath=0000000000000801:<flags> [calling]
3cec.332c: supR3HardenedMonitor_LdrLoadDll: returns rcNt=0x0 hMod=00007ff80ea80000 'api-ms-win-security-systemfunctions-l1-1-0'
3cec.332c: supR3HardenedScreenImage/LdrLoadDll: cache hit (VINF_SUCCESS) on \Device\HarddiskVolume3\Windows\System32\msctf.dll
3cec.332c: supR3HardenedMonitor_LdrLoadDll: pName=C:\WINDOWS\System32\MSCTF.dll (rcNtResolve=0xc0150008) *pfFlags=0x0 pwszSearchPath=0000000000000009:<flags> [calling]
3cec.332c: supR3HardenedMonitor_LdrLoadDll: returns rcNt=0x0 hMod=00007ff80e590000 'C:\WINDOWS\System32\MSCTF.dll'
3cec.332c: supR3HardenedMonitor_LdrLoadDll: returns rcNt=0x0 hMod=00007ff80ea80000 'C:\WINDOWS\System32\ADVAPI32.dll'
3cec.332c: supR3HardenedMonitor_LdrLoadDll: returns rcNt=0x0 hMod=00007ff80e8e0000 'C:\WINDOWS\System32\ole32.dll'
3cec.332c: supR3HardenedScreenImage/LdrLoadDll: cache hit (VINF_SUCCESS) on \Device\HarddiskVolume3\Windows\System32\oleaut32.dll
3cec.332c: supR3HardenedMonitor_LdrLoadDll: pName=C:\WINDOWS\System32\OLEAUT32.dll (Input=OLEAUT32.dll, rcNtResolve=0xc0150008) *pfFlags=0x0 pwszSearchPath=0000000000000001:<flags> [calling]
3cec.332c: supR3HardenedMonitor_LdrLoadDll: returns rcNt=0x0 hMod=00007ff80d260000 'C:\WINDOWS\System32\OLEAUT32.dll'
3cec.332c: supR3HardNtViCallWinVerifyTrustCatFile: hFile=0000000000000cd0 pwszName=\Device\HarddiskVolume3\Windows\System32\wbem\wbemprox.dll
3cec.332c: supR3HardNtViCallWinVerifyTrustCatFile: Cached context 00000287301a8c60
3cec.332c: supR3HardNtViCallWinVerifyTrustCatFile: hCatAdmin=00000287301a8c60
3cec.332c: supR3HardNtViCallWinVerifyTrustCatFile: cbHash=20 wszDigest=5B364C688520F72D6A68EFE76BA43B6991058645
3cec.332c: supR3HardenedMonitor_LdrLoadDll: returns rcNt=0x0 hMod=00007ff80a140000 'C:\WINDOWS\system32\rsaenh.dll'
3cec.332c: supR3HardenedMonitor_LdrLoadDll: returns rcNt=0x0 hMod=00007ff80b690000 'C:\WINDOWS\System32\crypt32.dll'
3cec.332c: supR3HardNtViCallWinVerifyTrustCatFile: WinVerifyTrust => 0x0; cat='C:\WINDOWS\system32\CatRoot\{F750E6C3-38EE-11D1-85E5-00C04FC295EE}\Microsoft-Windows-Client-Desktop-Required-Package0012~31bf3856ad364e35~amd64~~10.0.26100.8246.cat'; file='\Device\HarddiskVolume3\Windows\System32\wbem\wbemprox.dll'
3cec.332c: supR3HardNtViCallWinVerifyTrustCatFile -> 0 (org 22900)
3cec.332c: supR3HardenedWinVerifyCacheScheduleImports: Import todo: #0 'msvcrt.dll'.
3cec.332c: supR3HardenedWinVerifyCacheScheduleImports: Import todo: #16 'wbemcomn.dll'.
3cec.332c: supHardenedWinVerifyImageByHandle: -> 0 (\Device\HarddiskVolume3\Windows\System32\wbem\wbemprox.dll) WinVerifyTrust
3cec.332c: supR3HardenedWinVerifyCacheInsert: \Device\HarddiskVolume3\Windows\System32\wbem\wbemprox.dll
3cec.332c: supR3HardenedWinVerifyCacheProcessImportTodos: Processing 'wbemcomn.dll'...
3cec.332c: supR3HardenedWinVerifyCacheProcessImportTodos: 'wbemcomn.dll' -> '\Device\HarddiskVolume3\Windows\System32\wbemcomn.dll' [rcNtRedir=0xc0150008]
3cec.332c: supR3HardNtViCallWinVerifyTrustCatFile: hFile=0000000000000ce4 pwszName=\Device\HarddiskVolume3\Windows\System32\wbemcomn.dll
3cec.332c: supR3HardNtViCallWinVerifyTrustCatFile: Cached context 00000287301a8c60
3cec.332c: supR3HardNtViCallWinVerifyTrustCatFile: hCatAdmin=00000287301a8c60
3cec.332c: supR3HardNtViCallWinVerifyTrustCatFile: cbHash=20 wszDigest=C99010447EBD6E4E146E224DEB9B34693D817638
3cec.332c: supR3HardenedMonitor_LdrLoadDll: returns rcNt=0x0 hMod=00007ff80a140000 'C:\WINDOWS\system32\rsaenh.dll'
3cec.332c: supR3HardenedMonitor_LdrLoadDll: returns rcNt=0x0 hMod=00007ff80b690000 'C:\WINDOWS\System32\crypt32.dll'
3cec.332c: supR3HardNtViCallWinVerifyTrustCatFile: WinVerifyTrust => 0x0; cat='C:\WINDOWS\system32\CatRoot\{F750E6C3-38EE-11D1-85E5-00C04FC295EE}\Microsoft-Windows-Client-Desktop-Required-Package0012~31bf3856ad364e35~amd64~~10.0.26100.8246.cat'; file='\Device\HarddiskVolume3\Windows\System32\wbemcomn.dll'
3cec.332c: supR3HardNtViCallWinVerifyTrustCatFile -> 0 (org 22900)
3cec.332c: supR3HardenedWinVerifyCacheScheduleImports: Import todo: #0 'msvcrt.dll'.
3cec.332c: supHardenedWinVerifyImageByHandle: -> 0 (\Device\HarddiskVolume3\Windows\System32\wbemcomn.dll) WinVerifyTrust
3cec.332c: supR3HardenedWinVerifyCacheInsert: \Device\HarddiskVolume3\Windows\System32\wbemcomn.dll
3cec.332c: supR3HardenedWinVerifyCacheProcessImportTodos: Processing 'msvcrt.dll'...
3cec.332c: supR3HardenedWinVerifyCacheProcessImportTodos: 'msvcrt.dll' -> '\Device\HarddiskVolume3\Windows\System32\msvcrt.dll' [rcNtRedir=0xc0150008]
3cec.332c: supR3HardenedWinVerifyCacheProcessImportTodos: Processing 'msvcrt.dll'...
3cec.332c: supR3HardenedWinVerifyCacheProcessImportTodos: 'msvcrt.dll' -> '\Device\HarddiskVolume3\Windows\System32\msvcrt.dll' [rcNtRedir=0xc0150008]
3cec.332c: supR3HardenedMonitor_LdrLoadDll: pName=C:\WINDOWS\system32\wbem\wbemprox.dll (rcNtResolve=0xc0150008) *pfFlags=0x0 pwszSearchPath=0000000000002009:<flags> [calling]
3cec.332c: supR3HardenedScreenImage/NtCreateSection: cache hit (VINF_SUCCESS) on \Device\HarddiskVolume3\Windows\System32\wbem\wbemprox.dll
3cec.332c: supR3HardenedScreenImage/NtCreateSection: cache hit (VINF_SUCCESS) on \Device\HarddiskVolume3\Windows\System32\wbemcomn.dll
3cec.332c: supR3HardenedDllNotificationCallback: load   00007ffff2140000 LB 0x0007a000 C:\WINDOWS\SYSTEM32\wbemcomn.dll [fFlags=0x0]
3cec.332c: supR3HardenedScreenImage/LdrLoadDll: cache hit (VINF_SUCCESS) on \Device\HarddiskVolume3\Windows\System32\wbemcomn.dll
3cec.332c: supR3HardenedDllNotificationCallback: load   00007ffff21c0000 LB 0x00012000 C:\WINDOWS\system32\wbem\wbemprox.dll [fFlags=0x0]
3cec.332c: supR3HardenedScreenImage/LdrLoadDll: cache hit (VINF_SUCCESS) on \Device\HarddiskVolume3\Windows\System32\wbem\wbemprox.dll
3cec.332c: supR3HardenedIsApiSetDll: ApiSetQueryApiSetPresence(API-MS-Win-Core-LocalRegistry-L1-1-0.dll) -> 0x0, fPresent=1
3cec.332c: supR3HardenedMonitor_LdrLoadDll: pName=API-MS-Win-Core-LocalRegistry-L1-1-0.dll (rcNtResolve=0x0) *pfFlags=0x0 pwszSearchPath=0000000000000009:<flags> [calling]
3cec.332c: supR3HardenedMonitor_LdrLoadDll: returns rcNt=0x0 hMod=00007ff80bb60000 'API-MS-Win-Core-LocalRegistry-L1-1-0.dll'
3cec.332c: supR3HardenedMonitor_LdrLoadDll: returns rcNt=0x0 hMod=00007ffff21c0000 'C:\WINDOWS\system32\wbem\wbemprox.dll'
3cec.332c: supR3HardNtViCallWinVerifyTrustCatFile: hFile=0000000000000d34 pwszName=\Device\HarddiskVolume3\Windows\System32\wbem\wbemsvc.dll
3cec.332c: supR3HardNtViCallWinVerifyTrustCatFile: Cached context 00000287301a8c60
3cec.332c: supR3HardNtViCallWinVerifyTrustCatFile: hCatAdmin=00000287301a8c60
3cec.332c: supR3HardNtViCallWinVerifyTrustCatFile: cbHash=20 wszDigest=9F5F78188B59B0CF9CA8B41635E75D96D2128148
3cec.332c: supR3HardenedMonitor_LdrLoadDll: returns rcNt=0x0 hMod=00007ff80a140000 'C:\WINDOWS\system32\rsaenh.dll'
3cec.332c: supR3HardenedMonitor_LdrLoadDll: returns rcNt=0x0 hMod=00007ff80b690000 'C:\WINDOWS\System32\crypt32.dll'
3cec.332c: supR3HardNtViCallWinVerifyTrustCatFile: WinVerifyTrust => 0x0; cat='C:\WINDOWS\system32\CatRoot\{F750E6C3-38EE-11D1-85E5-00C04FC295EE}\Microsoft-Windows-Client-Desktop-Required-Package0012~31bf3856ad364e35~amd64~~10.0.26100.8246.cat'; file='\Device\HarddiskVolume3\Windows\System32\wbem\wbemsvc.dll'
3cec.332c: supR3HardNtViCallWinVerifyTrustCatFile -> 0 (org 22900)
3cec.332c: supR3HardenedWinVerifyCacheScheduleImports: Import todo: #0 'msvcrt.dll'.
3cec.332c: supR3HardenedWinVerifyCacheScheduleImports: Import todo: #1 'rpcrt4.dll'.
3cec.332c: supHardenedWinVerifyImageByHandle: -> 0 (\Device\HarddiskVolume3\Windows\System32\wbem\wbemsvc.dll) WinVerifyTrust
3cec.332c: supR3HardenedWinVerifyCacheInsert: \Device\HarddiskVolume3\Windows\System32\wbem\wbemsvc.dll
3cec.332c: supR3HardenedWinVerifyCacheProcessImportTodos: Processing 'rpcrt4.dll'...
3cec.332c: supR3HardenedWinVerifyCacheProcessImportTodos: 'rpcrt4.dll' -> '\Device\HarddiskVolume3\Windows\System32\rpcrt4.dll' [rcNtRedir=0xc0150008]
3cec.332c: supR3HardenedWinVerifyCacheProcessImportTodos: Processing 'msvcrt.dll'...
3cec.332c: supR3HardenedWinVerifyCacheProcessImportTodos: 'msvcrt.dll' -> '\Device\HarddiskVolume3\Windows\System32\msvcrt.dll' [rcNtRedir=0xc0150008]
3cec.332c: supR3HardenedMonitor_LdrLoadDll: pName=C:\WINDOWS\system32\wbem\wbemsvc.dll (rcNtResolve=0xc0150008) *pfFlags=0x0 pwszSearchPath=0000000000002009:<flags> [calling]
3cec.332c: supR3HardenedScreenImage/NtCreateSection: cache hit (VINF_SUCCESS) on \Device\HarddiskVolume3\Windows\System32\wbem\wbemsvc.dll
3cec.332c: supR3HardenedDllNotificationCallback: load   00007fffec590000 LB 0x00015000 C:\WINDOWS\system32\wbem\wbemsvc.dll [fFlags=0x0]
3cec.332c: supR3HardenedScreenImage/LdrLoadDll: cache hit (VINF_SUCCESS) on \Device\HarddiskVolume3\Windows\System32\wbem\wbemsvc.dll
3cec.332c: supR3HardenedMonitor_LdrLoadDll: returns rcNt=0x0 hMod=00007fffec590000 'C:\WINDOWS\system32\wbem\wbemsvc.dll'
3cec.332c: supR3HardenedIsApiSetDll: ApiSetQueryApiSetPresence(api-ms-win-core-localization-l1-2-0.dll) -> 0x0, fPresent=1
3cec.332c: supR3HardenedMonitor_LdrLoadDll: pName=api-ms-win-core-localization-l1-2-0.dll (rcNtResolve=0x0) *pfFlags=0x0 pwszSearchPath=0000000000000009:<flags> [calling]
3cec.332c: supR3HardenedMonitor_LdrLoadDll: returns rcNt=0x0 hMod=00007ff80bb60000 'api-ms-win-core-localization-l1-2-0.dll'
3cec.332c: supR3HardenedIsApiSetDll: ApiSetQueryApiSetPresence(api-ms-win-core-localization-obsolete-l1-1-0.dll) -> 0x0, fPresent=1
3cec.332c: supR3HardenedMonitor_LdrLoadDll: pName=api-ms-win-core-localization-obsolete-l1-1-0.dll (rcNtResolve=0x0) *pfFlags=0x0 pwszSearchPath=0000000000000009:<flags> [calling]
3cec.332c: supR3HardenedMonitor_LdrLoadDll: returns rcNt=0x0 hMod=00007ff80bb60000 'api-ms-win-core-localization-obsolete-l1-1-0.dll'
3cec.332c: supR3HardNtViCallWinVerifyTrustCatFile: hFile=0000000000000d3c pwszName=\Device\HarddiskVolume3\Windows\System32\wbem\fastprox.dll
3cec.332c: supR3HardNtViCallWinVerifyTrustCatFile: Cached context 00000287301a8c60
3cec.332c: supR3HardNtViCallWinVerifyTrustCatFile: hCatAdmin=00000287301a8c60
3cec.332c: supR3HardNtViCallWinVerifyTrustCatFile: cbHash=20 wszDigest=4691A81A75F64622C91729537EE8CE4601AA016F
3cec.332c: supR3HardenedMonitor_LdrLoadDll: returns rcNt=0x0 hMod=00007ff80a140000 'C:\WINDOWS\system32\rsaenh.dll'
3cec.332c: supR3HardenedMonitor_LdrLoadDll: returns rcNt=0x0 hMod=00007ff80b690000 'C:\WINDOWS\System32\crypt32.dll'
3cec.332c: supR3HardNtViCallWinVerifyTrustCatFile: WinVerifyTrust => 0x0; cat='C:\WINDOWS\system32\CatRoot\{F750E6C3-38EE-11D1-85E5-00C04FC295EE}\Microsoft-Windows-Client-Desktop-Required-Package0012~31bf3856ad364e35~amd64~~10.0.26100.8246.cat'; file='\Device\HarddiskVolume3\Windows\System32\wbem\fastprox.dll'
3cec.332c: supR3HardNtViCallWinVerifyTrustCatFile -> 0 (org 22900)
3cec.332c: supR3HardenedWinVerifyCacheScheduleImports: Import todo: #0 'msvcrt.dll'.
3cec.332c: supR3HardenedWinVerifyCacheScheduleImports: Import todo: #20 'wbemcomn.dll'.
3cec.332c: supHardenedWinVerifyImageByHandle: -> 0 (\Device\HarddiskVolume3\Windows\System32\wbem\fastprox.dll) WinVerifyTrust
3cec.332c: supR3HardenedWinVerifyCacheInsert: \Device\HarddiskVolume3\Windows\System32\wbem\fastprox.dll
3cec.332c: supR3HardenedWinVerifyCacheProcessImportTodos: Processing 'wbemcomn.dll'...
3cec.332c: supR3HardenedWinVerifyCacheProcessImportTodos: 'wbemcomn.dll' -> '\Device\HarddiskVolume3\Windows\System32\wbemcomn.dll' [rcNtRedir=0xc0150008]
3cec.332c: supR3HardenedScreenImage/Imports: cache hit (VINF_SUCCESS) on \Device\HarddiskVolume3\Windows\System32\wbemcomn.dll
3cec.332c: supR3HardenedWinVerifyCacheProcessImportTodos: Processing 'msvcrt.dll'...
3cec.332c: supR3HardenedWinVerifyCacheProcessImportTodos: 'msvcrt.dll' -> '\Device\HarddiskVolume3\Windows\System32\msvcrt.dll' [rcNtRedir=0xc0150008]
3cec.332c: supR3HardenedMonitor_LdrLoadDll: pName=C:\WINDOWS\system32\wbem\fastprox.dll (rcNtResolve=0xc0150008) *pfFlags=0x0 pwszSearchPath=0000000000002009:<flags> [calling]
3cec.332c: supR3HardenedScreenImage/NtCreateSection: cache hit (VINF_SUCCESS) on \Device\HarddiskVolume3\Windows\System32\wbem\fastprox.dll
3cec.332c: supR3HardenedDllNotificationCallback: load   00007fffeca40000 LB 0x000f0000 C:\WINDOWS\system32\wbem\fastprox.dll [fFlags=0x0]
3cec.332c: supR3HardenedScreenImage/LdrLoadDll: cache hit (VINF_SUCCESS) on \Device\HarddiskVolume3\Windows\System32\wbem\fastprox.dll
3cec.332c: supR3HardenedMonitor_LdrLoadDll: returns rcNt=0x0 hMod=00007fffeca40000 'C:\WINDOWS\system32\wbem\fastprox.dll'
3cec.332c: supR3HardNtViCallWinVerifyTrustCatFile: hFile=0000000000000d60 pwszName=\Device\HarddiskVolume3\Windows\System32\amsi.dll
3cec.332c: supR3HardNtViCallWinVerifyTrustCatFile: Cached context 00000287301a8c60
3cec.332c: supR3HardNtViCallWinVerifyTrustCatFile: hCatAdmin=00000287301a8c60
3cec.332c: supR3HardNtViCallWinVerifyTrustCatFile: cbHash=20 wszDigest=184D676080373693A88754BAB4C700D01D774483
3cec.332c: supR3HardenedMonitor_LdrLoadDll: returns rcNt=0x0 hMod=00007ff80a140000 'C:\WINDOWS\system32\rsaenh.dll'
3cec.332c: supR3HardenedMonitor_LdrLoadDll: returns rcNt=0x0 hMod=00007ff80b690000 'C:\WINDOWS\System32\crypt32.dll'
3cec.332c: supR3HardNtViCallWinVerifyTrustCatFile: WinVerifyTrust => 0x0; cat='C:\WINDOWS\system32\CatRoot\{F750E6C3-38EE-11D1-85E5-00C04FC295EE}\Microsoft-Windows-Client-Desktop-Required-Package0410~31bf3856ad364e35~amd64~~10.0.26100.8246.cat'; file='\Device\HarddiskVolume3\Windows\System32\amsi.dll'
3cec.332c: supR3HardNtViCallWinVerifyTrustCatFile -> 0 (org 22900)
3cec.332c: supR3HardenedWinVerifyCacheScheduleImports: Import todo: #0 'msvcrt.dll'.
3cec.332c: supR3HardenedWinVerifyCacheScheduleImports: Import todo: #15 'rpcrt4.dll'.
3cec.332c: supHardenedWinVerifyImageByHandle: -> 0 (\Device\HarddiskVolume3\Windows\System32\amsi.dll) WinVerifyTrust
3cec.332c: supR3HardenedWinVerifyCacheInsert: \Device\HarddiskVolume3\Windows\System32\amsi.dll
3cec.332c: supR3HardenedWinVerifyCacheProcessImportTodos: Processing 'rpcrt4.dll'...
3cec.332c: supR3HardenedWinVerifyCacheProcessImportTodos: 'rpcrt4.dll' -> '\Device\HarddiskVolume3\Windows\System32\rpcrt4.dll' [rcNtRedir=0xc0150008]
3cec.332c: supR3HardenedWinVerifyCacheProcessImportTodos: Processing 'msvcrt.dll'...
3cec.332c: supR3HardenedWinVerifyCacheProcessImportTodos: 'msvcrt.dll' -> '\Device\HarddiskVolume3\Windows\System32\msvcrt.dll' [rcNtRedir=0xc0150008]
3cec.332c: supR3HardenedMonitor_LdrLoadDll: pName=C:\WINDOWS\System32\amsi.dll (Input=amsi.dll, rcNtResolve=0xc0150008) *pfFlags=0x0 pwszSearchPath=0000000000000801:<flags> [calling]
3cec.332c: supR3HardenedScreenImage/NtCreateSection: cache hit (VINF_SUCCESS) on \Device\HarddiskVolume3\Windows\System32\amsi.dll
3cec.332c: supR3HardenedDllNotificationCallback: load   00007fffeb760000 LB 0x0001d000 C:\WINDOWS\System32\amsi.dll [fFlags=0x0]
3cec.332c: supR3HardenedScreenImage/LdrLoadDll: cache hit (VINF_SUCCESS) on \Device\HarddiskVolume3\Windows\System32\amsi.dll
3cec.332c: supR3HardenedMonitor_LdrLoadDll: returns rcNt=0x0 hMod=00007fffeb760000 'C:\WINDOWS\System32\amsi.dll'
3cec.332c: supR3HardenedMonitor_LdrLoadDll: returns rcNt=0x0 hMod=00007ff80a140000 'C:\WINDOWS\system32\rsaenh.dll'
3cec.332c: supR3HardenedMonitor_LdrLoadDll: returns rcNt=0x0 hMod=00007ff80b690000 'C:\WINDOWS\System32\crypt32.dll'
3cec.332c: supR3HardenedWinVerifyCacheScheduleImports: Import todo: #2 'advapi32.dll'.
3cec.332c: supR3HardenedWinVerifyCacheScheduleImports: Import todo: #3 'oleaut32.dll'.
3cec.332c: supR3HardenedWinVerifyCacheScheduleImports: Import todo: #4 'ole32.dll'.
3cec.332c: supHardenedWinVerifyImageByHandle: -> 0 (\Device\HarddiskVolume3\ProgramData\Microsoft\Windows Defender\Platform\4.18.26030.3011-0\MpOAV.dll) WinVerifyTrust
3cec.332c: supR3HardenedWinVerifyCacheInsert: \Device\HarddiskVolume3\ProgramData\Microsoft\Windows Defender\Platform\4.18.26030.3011-0\MpOAV.dll
3cec.332c: supR3HardenedWinVerifyCacheProcessImportTodos: Processing 'ole32.dll'...
3cec.332c: supR3HardenedWinVerifyCacheProcessImportTodos: 'ole32.dll' -> '\Device\HarddiskVolume3\Windows\System32\ole32.dll' [rcNtRedir=0xc0150008]
3cec.332c: supR3HardenedWinVerifyCacheProcessImportTodos: Processing 'oleaut32.dll'...
3cec.332c: supR3HardenedWinVerifyCacheProcessImportTodos: 'oleaut32.dll' -> '\Device\HarddiskVolume3\Windows\System32\oleaut32.dll' [rcNtRedir=0xc0150008]
3cec.332c: supR3HardenedWinVerifyCacheProcessImportTodos: Processing 'advapi32.dll'...
3cec.332c: supR3HardenedWinVerifyCacheProcessImportTodos: 'advapi32.dll' -> '\Device\HarddiskVolume3\Windows\System32\advapi32.dll' [rcNtRedir=0xc0150008]
3cec.332c: supR3HardenedMonitor_LdrLoadDll: pName=C:\ProgramData\Microsoft\Windows Defender\Platform\4.18.26030.3011-0\MpOav.dll (rcNtResolve=0xc0150008) *pfFlags=0x0 pwszSearchPath=0000000000000001:<flags> [calling]
3cec.332c: supR3HardenedScreenImage/NtCreateSection: cache hit (VINF_SUCCESS) on \Device\HarddiskVolume3\ProgramData\Microsoft\Windows Defender\Platform\4.18.26030.3011-0\MpOAV.dll
3cec.332c: supR3HardenedDllNotificationCallback: load   00007fffeb680000 LB 0x000a2000 C:\ProgramData\Microsoft\Windows Defender\Platform\4.18.26030.3011-0\MpOav.dll [fFlags=0x0]
3cec.332c: supR3HardenedScreenImage/LdrLoadDll: cache hit (VINF_SUCCESS) on \Device\HarddiskVolume3\ProgramData\Microsoft\Windows Defender\Platform\4.18.26030.3011-0\MpOAV.dll
3cec.332c: supR3HardenedIsApiSetDll: ApiSetQueryApiSetPresence(api-ms-win-core-synch-l1-2-0) -> 0x0, fPresent=1
3cec.332c: supR3HardenedMonitor_LdrLoadDll: pName=api-ms-win-core-synch-l1-2-0 (rcNtResolve=0x0) *pfFlags=0x0 pwszSearchPath=0000000000000801:<flags> [calling]
3cec.332c: supR3HardenedMonitor_LdrLoadDll: returns rcNt=0x0 hMod=00007ff80bb60000 'api-ms-win-core-synch-l1-2-0'
3cec.332c: supR3HardenedIsApiSetDll: ApiSetQueryApiSetPresence(api-ms-win-core-fibers-l1-1-1) -> 0x0, fPresent=1
3cec.332c: supR3HardenedMonitor_LdrLoadDll: pName=api-ms-win-core-fibers-l1-1-1 (rcNtResolve=0x0) *pfFlags=0x0 pwszSearchPath=0000000000000801:<flags> [calling]
3cec.332c: supR3HardenedMonitor_LdrLoadDll: returns rcNt=0x0 hMod=00007ff80bb60000 'api-ms-win-core-fibers-l1-1-1'
3cec.332c: supR3HardenedIsApiSetDll: ApiSetQueryApiSetPresence(api-ms-win-core-fibers-l1-1-2) -> 0x0, fPresent=1
3cec.332c: supR3HardenedMonitor_LdrLoadDll: pName=api-ms-win-core-fibers-l1-1-2 (rcNtResolve=0x0) *pfFlags=0x0 pwszSearchPath=0000000000000801:<flags> [calling]
3cec.332c: supR3HardenedMonitor_LdrLoadDll: returns rcNt=0x0 hMod=00007ff80bb60000 'api-ms-win-core-fibers-l1-1-2'
3cec.332c: supR3HardenedScreenImage/LdrLoadDll: cache hit (VINF_SUCCESS) on \Device\HarddiskVolume3\Windows\System32\kernel32.dll
3cec.332c: supR3HardenedMonitor_LdrLoadDll: pName=C:\WINDOWS\System32\kernel32.dll (Input=kernel32, rcNtResolve=0xc0150008) *pfFlags=0x0 pwszSearchPath=0000000000000801:<flags> [calling]
3cec.332c: supR3HardenedMonitor_LdrLoadDll: returns rcNt=0x0 hMod=00007ff80cbd0000 'C:\WINDOWS\System32\kernel32.dll'
3cec.332c: supR3HardenedScreenImage/LdrLoadDll: cache hit (VINF_SUCCESS) on \Device\HarddiskVolume3\Windows\System32\version.dll
3cec.332c: supR3HardenedMonitor_LdrLoadDll: pName=C:\WINDOWS\system32\version.dll (rcNtResolve=0xc0150008) *pfFlags=0x0 pwszSearchPath=0000000000000009:<flags> [calling]
3cec.332c: supR3HardenedMonitor_LdrLoadDll: returns rcNt=0x0 hMod=00007ff8020d0000 'C:\WINDOWS\system32\version.dll'
3cec.332c: supR3HardenedMonitor_LdrLoadDll: returns rcNt=0x0 hMod=00007fffeb680000 'C:\ProgramData\Microsoft\Windows Defender\Platform\4.18.26030.3011-0\MpOav.dll'
3cec.39a8: supR3HardenedMonitor_LdrLoadDll: returns rcNt=0x0 hMod=00007ff80e8e0000 'C:\WINDOWS\system32\ole32.dll'
3cec.2d40: supR3HardenedMonitor_LdrLoadDll: returns rcNt=0x0 hMod=00007ff80e8e0000 'C:\WINDOWS\system32\ole32.dll'
3cec.35c0: supR3HardenedMonitor_LdrLoadDll: returns rcNt=0x0 hMod=00007ff80e8e0000 'C:\WINDOWS\system32\ole32.dll'
3cec.39a8: supR3HardenedMonitor_LdrLoadDll: returns rcNt=0x0 hMod=00007ff80a140000 'C:\WINDOWS\system32\rsaenh.dll'
3cec.39a8: supR3HardenedMonitor_LdrLoadDll: returns rcNt=0x0 hMod=00007ff80b690000 'C:\WINDOWS\System32\crypt32.dll'
3cec.3b14: supR3HardenedMonitor_LdrLoadDll: returns rcNt=0x0 hMod=00007ff80a140000 'C:\WINDOWS\system32\rsaenh.dll'
3cec.3b14: supR3HardenedMonitor_LdrLoadDll: returns rcNt=0x0 hMod=00007ff80b690000 'C:\WINDOWS\System32\crypt32.dll'
3cec.3b14: supR3HardenedWinVerifyCacheScheduleImports: Import todo: #0 'vboxrt.dll'.
3cec.3b14: supR3HardenedWinVerifyCacheScheduleImports: Import todo: #3 'user32.dll'.
3cec.3b14: supR3HardenedWinVerifyCacheScheduleImports: Import todo: #4 'shell32.dll'.
3cec.3b14: supR3HardenedWinVerifyCacheScheduleImports: Import todo: #5 'ole32.dll'.
3cec.3b14: supR3HardenedWinVerifyCacheScheduleImports: Import todo: #6 'vcruntime140.dll'.
3cec.3b14: supR3HardenedWinVerifyCacheScheduleImports: Import todo: #7 'vcruntime140_1.dll'.
3cec.3b14: supR3HardenedWinVerifyCacheScheduleImports: Import todo: #8 'msvcp140.dll'.
3cec.3b14: supHardenedWinVerifyImageByHandle: -> 0 (\Device\HarddiskVolume3\Program Files\Oracle\VirtualBox\VBoxSharedClipboard.dll) WinVerifyTrust
3cec.3b14: supR3HardenedWinVerifyCacheInsert: \Device\HarddiskVolume3\Program Files\Oracle\VirtualBox\VBoxSharedClipboard.dll
3cec.3b14: supR3HardenedWinVerifyCacheProcessImportTodos: Processing 'msvcp140.dll'...
3cec.3b14: supR3HardenedWinVerifyCacheProcessImportTodos: 'msvcp140.dll' -> '\Device\HarddiskVolume3\Windows\System32\msvcp140.dll' [rcNtRedir=0xc0150008]
3cec.3b14: supR3HardenedScreenImage/Imports: cache hit (VINF_SUCCESS) on \Device\HarddiskVolume3\Windows\System32\msvcp140.dll
3cec.3b14: supR3HardenedWinVerifyCacheProcessImportTodos: Processing 'vcruntime140_1.dll'...
3cec.3b14: supR3HardenedWinVerifyCacheProcessImportTodos: 'vcruntime140_1.dll' -> '\Device\HarddiskVolume3\Windows\System32\vcruntime140_1.dll' [rcNtRedir=0xc0150008]
3cec.3b14: supR3HardenedWinVerifyCacheProcessImportTodos: Processing 'vcruntime140.dll'...
3cec.3b14: supR3HardenedWinVerifyCacheProcessImportTodos: 'vcruntime140.dll' -> '\Device\HarddiskVolume3\Windows\System32\vcruntime140.dll' [rcNtRedir=0xc0150008]
3cec.3b14: supR3HardenedWinVerifyCacheProcessImportTodos: Processing 'ole32.dll'...
3cec.3b14: supR3HardenedWinVerifyCacheProcessImportTodos: 'ole32.dll' -> '\Device\HarddiskVolume3\Windows\System32\ole32.dll' [rcNtRedir=0xc0150008]
3cec.3b14: supR3HardenedWinVerifyCacheProcessImportTodos: Processing 'shell32.dll'...
3cec.3b14: supR3HardenedWinVerifyCacheProcessImportTodos: 'shell32.dll' -> '\Device\HarddiskVolume3\Windows\System32\shell32.dll' [rcNtRedir=0xc0150008]
3cec.3b14: supR3HardenedScreenImage/Imports: cache hit (VINF_SUCCESS) on \Device\HarddiskVolume3\Windows\System32\shell32.dll
3cec.3b14: supR3HardenedWinVerifyCacheProcessImportTodos: Processing 'user32.dll'...
3cec.3b14: supR3HardenedWinVerifyCacheProcessImportTodos: 'user32.dll' -> '\Device\HarddiskVolume3\Windows\System32\user32.dll' [rcNtRedir=0xc0150008]
3cec.3b14: supR3HardenedWinVerifyCacheProcessImportTodos: Processing 'vboxrt.dll'...
3cec.3b14: supR3HardenedWinVerifyCacheProcessImportTodos: 'vboxrt.dll' -> '\Device\HarddiskVolume3\Program Files\Oracle\VirtualBox\vboxrt.dll' [rcNtRedir=0xc0150008]
3cec.3b14: supR3HardenedMonitor_LdrLoadDll: pName=C:\Program Files\Oracle\VirtualBox\VBoxSharedClipboard.DLL (rcNtResolve=0xc0150008) *pfFlags=0x0 pwszSearchPath=0000000000000001:<flags> [calling]
3cec.3b14: supR3HardenedScreenImage/NtCreateSection: cache hit (VINF_SUCCESS) on \Device\HarddiskVolume3\Program Files\Oracle\VirtualBox\VBoxSharedClipboard.dll
3cec.3b14: supR3HardenedDllNotificationCallback: load   00007ff8016a0000 LB 0x00022000 C:\Program Files\Oracle\VirtualBox\VBoxSharedClipboard.DLL [fFlags=0x0]
3cec.3b14: supR3HardenedScreenImage/LdrLoadDll: cache hit (VINF_SUCCESS) on \Device\HarddiskVolume3\Program Files\Oracle\VirtualBox\VBoxSharedClipboard.dll
3cec.3b14: supR3HardenedMonitor_LdrLoadDll: returns rcNt=0x0 hMod=00007ff8016a0000 'C:\Program Files\Oracle\VirtualBox\VBoxSharedClipboard.DLL'
3cec.199c: supR3HardenedMonitor_LdrLoadDll: returns rcNt=0x0 hMod=00007ff80a140000 'C:\WINDOWS\system32\rsaenh.dll'
3cec.199c: supR3HardenedMonitor_LdrLoadDll: returns rcNt=0x0 hMod=00007ff80b690000 'C:\WINDOWS\System32\crypt32.dll'
3cec.199c: supR3HardenedWinVerifyCacheScheduleImports: Import todo: #0 'vboxrt.dll'.
3cec.199c: supR3HardenedWinVerifyCacheScheduleImports: Import todo: #2 'vcruntime140.dll'.
3cec.199c: supR3HardenedWinVerifyCacheScheduleImports: Import todo: #3 'vcruntime140_1.dll'.
3cec.199c: supR3HardenedWinVerifyCacheScheduleImports: Import todo: #4 'msvcp140.dll'.
3cec.199c: supHardenedWinVerifyImageByHandle: -> 0 (\Device\HarddiskVolume3\Program Files\Oracle\VirtualBox\VBoxDragAndDropSvc.dll) WinVerifyTrust
3cec.199c: supR3HardenedWinVerifyCacheInsert: \Device\HarddiskVolume3\Program Files\Oracle\VirtualBox\VBoxDragAndDropSvc.dll
3cec.199c: supR3HardenedWinVerifyCacheProcessImportTodos: Processing 'msvcp140.dll'...
3cec.199c: supR3HardenedWinVerifyCacheProcessImportTodos: 'msvcp140.dll' -> '\Device\HarddiskVolume3\Windows\System32\msvcp140.dll' [rcNtRedir=0xc0150008]
3cec.199c: supR3HardenedWinVerifyCacheProcessImportTodos: Processing 'vcruntime140_1.dll'...
3cec.199c: supR3HardenedWinVerifyCacheProcessImportTodos: 'vcruntime140_1.dll' -> '\Device\HarddiskVolume3\Windows\System32\vcruntime140_1.dll' [rcNtRedir=0xc0150008]
3cec.199c: supR3HardenedScreenImage/Imports: cache hit (VINF_SUCCESS) on \Device\HarddiskVolume3\Windows\System32\vcruntime140_1.dll
3cec.199c: supR3HardenedWinVerifyCacheProcessImportTodos: Processing 'vcruntime140.dll'...
3cec.199c: supR3HardenedWinVerifyCacheProcessImportTodos: 'vcruntime140.dll' -> '\Device\HarddiskVolume3\Windows\System32\vcruntime140.dll' [rcNtRedir=0xc0150008]
3cec.199c: supR3HardenedWinVerifyCacheProcessImportTodos: Processing 'vboxrt.dll'...
3cec.199c: supR3HardenedWinVerifyCacheProcessImportTodos: 'vboxrt.dll' -> '\Device\HarddiskVolume3\Program Files\Oracle\VirtualBox\vboxrt.dll' [rcNtRedir=0xc0150008]
3cec.199c: supR3HardenedMonitor_LdrLoadDll: pName=C:\Program Files\Oracle\VirtualBox\VBoxDragAndDropSvc.DLL (rcNtResolve=0xc0150008) *pfFlags=0x0 pwszSearchPath=0000000000000001:<flags> [calling]
3cec.199c: supR3HardenedScreenImage/NtCreateSection: cache hit (VINF_SUCCESS) on \Device\HarddiskVolume3\Program Files\Oracle\VirtualBox\VBoxDragAndDropSvc.dll
3cec.199c: supR3HardenedDllNotificationCallback: load   00007ff801690000 LB 0x0000d000 C:\Program Files\Oracle\VirtualBox\VBoxDragAndDropSvc.DLL [fFlags=0x0]
3cec.199c: supR3HardenedScreenImage/LdrLoadDll: cache hit (VINF_SUCCESS) on \Device\HarddiskVolume3\Program Files\Oracle\VirtualBox\VBoxDragAndDropSvc.dll
3cec.199c: supR3HardenedMonitor_LdrLoadDll: returns rcNt=0x0 hMod=00007ff801690000 'C:\Program Files\Oracle\VirtualBox\VBoxDragAndDropSvc.DLL'
3cec.39a8: supR3HardenedScreenImage/LdrLoadDll: cache hit (VINF_SUCCESS) on \Device\HarddiskVolume3\Windows\System32\shell32.dll
3cec.39a8: supR3HardenedMonitor_LdrLoadDll: pName=C:\WINDOWS\system32\Shell32.dll (rcNtResolve=0xc0150008) *pfFlags=0x0 pwszSearchPath=0000000000000001:<flags> [calling]
3cec.39a8: supR3HardenedMonitor_LdrLoadDll: returns rcNt=0x0 hMod=00007ff80de20000 'C:\WINDOWS\system32\Shell32.dll'
3cec.39a8: supR3HardenedMonitor_LdrLoadDll: returns rcNt=0x0 hMod=00007ff80a140000 'C:\WINDOWS\system32\rsaenh.dll'
3cec.39a8: supR3HardenedMonitor_LdrLoadDll: returns rcNt=0x0 hMod=00007ff80b690000 'C:\WINDOWS\System32\crypt32.dll'
3cec.39a8: supR3HardenedMonitor_LdrLoadDll: returns rcNt=0x0 hMod=00007ff80a140000 'C:\WINDOWS\system32\rsaenh.dll'
3cec.39a8: supR3HardenedMonitor_LdrLoadDll: returns rcNt=0x0 hMod=00007ff80b690000 'C:\WINDOWS\System32\crypt32.dll'
3cec.39a8: supR3HardenedWinVerifyCacheScheduleImports: Import todo: #0 'vboxrt.dll'.
3cec.39a8: supR3HardenedWinVerifyCacheScheduleImports: Import todo: #1 'vboxddu.dll'.
3cec.39a8: supR3HardenedWinVerifyCacheScheduleImports: Import todo: #2 'vboxdd2.dll'.
3cec.39a8: supR3HardenedWinVerifyCacheScheduleImports: Import todo: #4 'user32.dll'.
3cec.39a8: supR3HardenedWinVerifyCacheScheduleImports: Import todo: #5 'setupapi.dll'.
3cec.39a8: supR3HardenedWinVerifyCacheScheduleImports: Import todo: #6 'ws2_32.dll'.
3cec.39a8: supR3HardenedWinVerifyCacheScheduleImports: Import todo: #7 'ole32.dll'.
3cec.39a8: supR3HardenedWinVerifyCacheScheduleImports: Import todo: #8 'oleaut32.dll'.
3cec.39a8: supR3HardenedWinVerifyCacheScheduleImports: Import todo: #9 'iphlpapi.dll'.
3cec.39a8: supR3HardenedWinVerifyCacheScheduleImports: Import todo: #21 'vcruntime140.dll'.
3cec.39a8: supR3HardenedWinVerifyCacheScheduleImports: Import todo: #22 'vcruntime140_1.dll'.
3cec.39a8: supHardenedWinVerifyImageByHandle: -> 0 (\Device\HarddiskVolume3\Program Files\Oracle\VirtualBox\VBoxDD.dll) WinVerifyTrust
3cec.39a8: supR3HardenedWinVerifyCacheInsert: \Device\HarddiskVolume3\Program Files\Oracle\VirtualBox\VBoxDD.dll
3cec.39a8: supR3HardenedWinVerifyCacheProcessImportTodos: Processing 'vcruntime140_1.dll'...
3cec.39a8: supR3HardenedWinVerifyCacheProcessImportTodos: 'vcruntime140_1.dll' -> '\Device\HarddiskVolume3\Windows\System32\vcruntime140_1.dll' [rcNtRedir=0xc0150008]
3cec.39a8: supR3HardenedWinVerifyCacheProcessImportTodos: Processing 'vcruntime140.dll'...
3cec.39a8: supR3HardenedWinVerifyCacheProcessImportTodos: 'vcruntime140.dll' -> '\Device\HarddiskVolume3\Windows\System32\vcruntime140.dll' [rcNtRedir=0xc0150008]
3cec.39a8: supR3HardenedWinVerifyCacheProcessImportTodos: Processing 'iphlpapi.dll'...
3cec.39a8: supR3HardenedWinVerifyCacheProcessImportTodos: 'iphlpapi.dll' -> '\Device\HarddiskVolume3\Windows\System32\iphlpapi.dll' [rcNtRedir=0xc0150008]
3cec.39a8: supR3HardenedMonitor_LdrLoadDll: returns rcNt=0x0 hMod=00007ff80a140000 'C:\WINDOWS\system32\rsaenh.dll'
3cec.39a8: supR3HardenedMonitor_LdrLoadDll: returns rcNt=0x0 hMod=00007ff80b690000 'C:\WINDOWS\System32\crypt32.dll'
3cec.39a8: supHardenedWinVerifyImageByHandle: -> 0 (\Device\HarddiskVolume3\Windows\System32\IPHLPAPI.DLL) WinVerifyTrust
3cec.39a8: supR3HardenedWinVerifyCacheInsert: \Device\HarddiskVolume3\Windows\System32\IPHLPAPI.DLL
3cec.39a8: supR3HardenedWinVerifyCacheProcessImportTodos: Processing 'oleaut32.dll'...
3cec.39a8: supR3HardenedWinVerifyCacheProcessImportTodos: 'oleaut32.dll' -> '\Device\HarddiskVolume3\Windows\System32\oleaut32.dll' [rcNtRedir=0xc0150008]
3cec.39a8: supR3HardenedWinVerifyCacheProcessImportTodos: Processing 'ole32.dll'...
3cec.39a8: supR3HardenedWinVerifyCacheProcessImportTodos: 'ole32.dll' -> '\Device\HarddiskVolume3\Windows\System32\ole32.dll' [rcNtRedir=0xc0150008]
3cec.39a8: supR3HardenedScreenImage/Imports: cache hit (VINF_SUCCESS) on \Device\HarddiskVolume3\Windows\System32\ole32.dll
3cec.39a8: supR3HardenedWinVerifyCacheProcessImportTodos: Processing 'ws2_32.dll'...
3cec.39a8: supR3HardenedWinVerifyCacheProcessImportTodos: 'ws2_32.dll' -> '\Device\HarddiskVolume3\Windows\System32\ws2_32.dll' [rcNtRedir=0xc0150008]
3cec.39a8: supR3HardenedScreenImage/Imports: cache hit (VINF_SUCCESS) on \Device\HarddiskVolume3\Windows\System32\ws2_32.dll
3cec.39a8: supR3HardenedWinVerifyCacheProcessImportTodos: Processing 'setupapi.dll'...
3cec.39a8: supR3HardenedWinVerifyCacheProcessImportTodos: 'setupapi.dll' -> '\Device\HarddiskVolume3\Windows\System32\setupapi.dll' [rcNtRedir=0xc0150008]
3cec.39a8: supR3HardenedScreenImage/Imports: cache hit (VINF_SUCCESS) on \Device\HarddiskVolume3\Windows\System32\setupapi.dll
3cec.39a8: supR3HardenedWinVerifyCacheProcessImportTodos: Processing 'user32.dll'...
3cec.39a8: supR3HardenedWinVerifyCacheProcessImportTodos: 'user32.dll' -> '\Device\HarddiskVolume3\Windows\System32\user32.dll' [rcNtRedir=0xc0150008]
3cec.39a8: supR3HardenedWinVerifyCacheProcessImportTodos: Processing 'vboxdd2.dll'...
3cec.39a8: supR3HardenedWinVerifyCacheProcessImportTodos: 'vboxdd2.dll' -> '\Device\HarddiskVolume3\Program Files\Oracle\VirtualBox\vboxdd2.dll' [rcNtRedir=0xc0150008]
3cec.39a8: supR3HardenedMonitor_LdrLoadDll: returns rcNt=0x0 hMod=00007ff80a140000 'C:\WINDOWS\system32\rsaenh.dll'
3cec.39a8: supR3HardenedScreenImage/LdrLoadDll: cache hit (VINF_SUCCESS) on \Device\HarddiskVolume3\Windows\System32\crypt32.dll
3cec.39a8: supR3HardenedMonitor_LdrLoadDll: pName=C:\WINDOWS\System32\crypt32.dll (Input=crypt32.dll, rcNtResolve=0xc0150008) *pfFlags=0x0 pwszSearchPath=0000000000000001:<flags> [calling]
3cec.39a8: supR3HardenedMonitor_LdrLoadDll: returns rcNt=0x0 hMod=00007ff80b690000 'C:\WINDOWS\System32\crypt32.dll'
3cec.39a8: supR3HardenedWinVerifyCacheScheduleImports: Import todo: #0 'vboxrt.dll'.
3cec.39a8: supR3HardenedWinVerifyCacheScheduleImports: Import todo: #3 'vcruntime140.dll'.
3cec.39a8: supHardenedWinVerifyImageByHandle: -> 0 (\Device\HarddiskVolume3\Program Files\Oracle\VirtualBox\VBoxDD2.dll) WinVerifyTrust
3cec.39a8: supR3HardenedWinVerifyCacheInsert: \Device\HarddiskVolume3\Program Files\Oracle\VirtualBox\VBoxDD2.dll
3cec.39a8: supR3HardenedWinVerifyCacheProcessImportTodos: Processing 'vboxddu.dll'...
3cec.39a8: supR3HardenedWinVerifyCacheProcessImportTodos: 'vboxddu.dll' -> '\Device\HarddiskVolume3\Program Files\Oracle\VirtualBox\vboxddu.dll' [rcNtRedir=0xc0150008]
3cec.39a8: supR3HardenedWinVerifyCacheProcessImportTodos: Processing 'vcruntime140.dll'...
3cec.39a8: supR3HardenedWinVerifyCacheProcessImportTodos: 'vcruntime140.dll' -> '\Device\HarddiskVolume3\Windows\System32\vcruntime140.dll' [rcNtRedir=0xc0150008]
3cec.39a8: supR3HardenedWinVerifyCacheProcessImportTodos: Processing 'vboxrt.dll'...
3cec.39a8: supR3HardenedWinVerifyCacheProcessImportTodos: 'vboxrt.dll' -> '\Device\HarddiskVolume3\Program Files\Oracle\VirtualBox\vboxrt.dll' [rcNtRedir=0xc0150008]
3cec.39a8: supR3HardenedMonitor_LdrLoadDll: returns rcNt=0x0 hMod=00007ff80a140000 'C:\WINDOWS\system32\rsaenh.dll'
3cec.39a8: supR3HardenedMonitor_LdrLoadDll: returns rcNt=0x0 hMod=00007ff80b690000 'C:\WINDOWS\System32\crypt32.dll'
3cec.39a8: supR3HardenedWinVerifyCacheScheduleImports: Import todo: #0 'vboxrt.dll'.
3cec.39a8: supR3HardenedWinVerifyCacheScheduleImports: Import todo: #2 'user32.dll'.
3cec.39a8: supR3HardenedWinVerifyCacheScheduleImports: Import todo: #3 'setupapi.dll'.
3cec.39a8: supR3HardenedWinVerifyCacheScheduleImports: Import todo: #5 'vcruntime140.dll'.
3cec.39a8: supR3HardenedWinVerifyCacheScheduleImports: Import todo: #6 'advapi32.dll'.
3cec.39a8: supHardenedWinVerifyImageByHandle: -> 0 (\Device\HarddiskVolume3\Program Files\Oracle\VirtualBox\VBoxDDU.dll) WinVerifyTrust
3cec.39a8: supR3HardenedWinVerifyCacheInsert: \Device\HarddiskVolume3\Program Files\Oracle\VirtualBox\VBoxDDU.dll
3cec.39a8: supR3HardenedWinVerifyCacheProcessImportTodos: Processing 'vboxrt.dll'...
3cec.39a8: supR3HardenedWinVerifyCacheProcessImportTodos: 'vboxrt.dll' -> '\Device\HarddiskVolume3\Program Files\Oracle\VirtualBox\vboxrt.dll' [rcNtRedir=0xc0150008]
3cec.39a8: supR3HardenedWinVerifyCacheProcessImportTodos: Processing 'advapi32.dll'...
3cec.39a8: supR3HardenedWinVerifyCacheProcessImportTodos: 'advapi32.dll' -> '\Device\HarddiskVolume3\Windows\System32\advapi32.dll' [rcNtRedir=0xc0150008]
3cec.39a8: supR3HardenedWinVerifyCacheProcessImportTodos: Processing 'vcruntime140.dll'...
3cec.39a8: supR3HardenedWinVerifyCacheProcessImportTodos: 'vcruntime140.dll' -> '\Device\HarddiskVolume3\Windows\System32\vcruntime140.dll' [rcNtRedir=0xc0150008]
3cec.39a8: supR3HardenedWinVerifyCacheProcessImportTodos: Processing 'setupapi.dll'...
3cec.39a8: supR3HardenedWinVerifyCacheProcessImportTodos: 'setupapi.dll' -> '\Device\HarddiskVolume3\Windows\System32\setupapi.dll' [rcNtRedir=0xc0150008]
3cec.39a8: supR3HardenedScreenImage/Imports: cache hit (VINF_SUCCESS) on \Device\HarddiskVolume3\Windows\System32\setupapi.dll
3cec.39a8: supR3HardenedWinVerifyCacheProcessImportTodos: Processing 'user32.dll'...
3cec.39a8: supR3HardenedWinVerifyCacheProcessImportTodos: 'user32.dll' -> '\Device\HarddiskVolume3\Windows\System32\user32.dll' [rcNtRedir=0xc0150008]
3cec.39a8: supR3HardenedWinVerifyCacheProcessImportTodos: Processing 'vboxrt.dll'...
3cec.39a8: supR3HardenedWinVerifyCacheProcessImportTodos: 'vboxrt.dll' -> '\Device\HarddiskVolume3\Program Files\Oracle\VirtualBox\vboxrt.dll' [rcNtRedir=0xc0150008]
3cec.39a8: supR3HardenedMonitor_LdrLoadDll: pName=C:\Program Files\Oracle\VirtualBox\VBoxDD.DLL (rcNtResolve=0xc0150008) *pfFlags=0x0 pwszSearchPath=0000000000000001:<flags> [calling]
3cec.39a8: supR3HardenedScreenImage/NtCreateSection: cache hit (VINF_SUCCESS) on \Device\HarddiskVolume3\Program Files\Oracle\VirtualBox\VBoxDD.dll
3cec.39a8: supR3HardenedScreenImage/NtCreateSection: cache hit (VINF_SUCCESS) on \Device\HarddiskVolume3\Program Files\Oracle\VirtualBox\VBoxDDU.dll
3cec.39a8: supR3HardenedScreenImage/NtCreateSection: cache hit (VINF_SUCCESS) on \Device\HarddiskVolume3\Program Files\Oracle\VirtualBox\VBoxDD2.dll
3cec.39a8: supR3HardenedScreenImage/NtCreateSection: cache hit (VINF_SUCCESS) on \Device\HarddiskVolume3\Windows\System32\IPHLPAPI.DLL
3cec.39a8: supR3HardenedDllNotificationCallback: load   00007fffe6990000 LB 0x00075000 C:\Program Files\Oracle\VirtualBox\VBoxDDU.dll [fFlags=0x0]
3cec.39a8: supR3HardenedScreenImage/LdrLoadDll: cache hit (VINF_SUCCESS) on \Device\HarddiskVolume3\Program Files\Oracle\VirtualBox\VBoxDDU.dll
3cec.39a8: supR3HardenedDllNotificationCallback: load   00007fff6c1e0000 LB 0x00e5e000 C:\Program Files\Oracle\VirtualBox\VBoxDD2.dll [fFlags=0x0]
3cec.39a8: supR3HardenedScreenImage/LdrLoadDll: cache hit (VINF_SUCCESS) on \Device\HarddiskVolume3\Program Files\Oracle\VirtualBox\VBoxDD2.dll
3cec.39a8: supR3HardenedDllNotificationCallback: load   00007ff809c30000 LB 0x00032000 C:\WINDOWS\SYSTEM32\IPHLPAPI.DLL [fFlags=0x0]
3cec.39a8: supR3HardenedScreenImage/LdrLoadDll: cache hit (VINF_SUCCESS) on \Device\HarddiskVolume3\Windows\System32\IPHLPAPI.DLL
3cec.39a8: supR3HardenedDllNotificationCallback: load   00007fff723d0000 LB 0x00af7000 C:\Program Files\Oracle\VirtualBox\VBoxDD.DLL [fFlags=0x0]
3cec.39a8: supR3HardenedScreenImage/LdrLoadDll: cache hit (VINF_SUCCESS) on \Device\HarddiskVolume3\Program Files\Oracle\VirtualBox\VBoxDD.dll
3cec.39a8: supR3HardenedMonitor_LdrLoadDll: returns rcNt=0x0 hMod=00007fff723d0000 'C:\Program Files\Oracle\VirtualBox\VBoxDD.DLL'
3cec.39a8: supR3HardenedMonitor_LdrLoadDll: returns rcNt=0x0 hMod=00007ff80a140000 'C:\WINDOWS\system32\rsaenh.dll'
3cec.39a8: supR3HardenedMonitor_LdrLoadDll: returns rcNt=0x0 hMod=00007ff80b690000 'C:\WINDOWS\System32\crypt32.dll'
3cec.39a8: supR3HardenedScreenImage/LdrLoadDll: cache hit (VINF_SUCCESS) on \Device\HarddiskVolume3\Program Files\Oracle\VirtualBox\VBoxC.dll
3cec.39a8: supR3HardenedMonitor_LdrLoadDll: pName=C:\Program Files\Oracle\VirtualBox\VBoxC.DLL (rcNtResolve=0xc0150008) *pfFlags=0x0 pwszSearchPath=0000000000000001:<flags> [calling]
3cec.39a8: supR3HardenedMonitor_LdrLoadDll: returns rcNt=0x0 hMod=00007fffbbcd0000 'C:\Program Files\Oracle\VirtualBox\VBoxC.DLL'
3cec.39a8: supR3HardenedMonitor_LdrLoadDll: returns rcNt=0x0 hMod=00007ff80a140000 'C:\WINDOWS\system32\rsaenh.dll'
3cec.39a8: supR3HardenedMonitor_LdrLoadDll: returns rcNt=0x0 hMod=00007ff80b690000 'C:\WINDOWS\System32\crypt32.dll'
3cec.39a8: supR3HardenedScreenImage/LdrLoadDll: cache hit (VINF_SUCCESS) on \Device\HarddiskVolume3\Program Files\Oracle\VirtualBox\VBoxDD2.dll
3cec.39a8: supR3HardenedMonitor_LdrLoadDll: pName=C:\Program Files\Oracle\VirtualBox\VBoxDD2.DLL (rcNtResolve=0xc0150008) *pfFlags=0x0 pwszSearchPath=0000000000000001:<flags> [calling]
3cec.39a8: supR3HardenedMonitor_LdrLoadDll: returns rcNt=0x0 hMod=00007fff6c1e0000 'C:\Program Files\Oracle\VirtualBox\VBoxDD2.DLL'
3cec.39a8: supR3HardenedScreenImage/LdrLoadDll: cache hit (VINF_SUCCESS) on \Device\HarddiskVolume3\Windows\System32\rsaenh.dll
3cec.39a8: supR3HardenedMonitor_LdrLoadDll: pName=C:\WINDOWS\system32\rsaenh.dll (rcNtResolve=0xc0150008) *pfFlags=0x0 pwszSearchPath=0000000000000001:<flags> [calling]
3cec.39a8: supR3HardenedMonitor_LdrLoadDll: returns rcNt=0x0 hMod=00007ff80a140000 'C:\WINDOWS\system32\rsaenh.dll'
3cec.39a8: supR3HardenedMonitor_LdrLoadDll: returns rcNt=0x0 hMod=00007ff80b690000 'C:\WINDOWS\System32\crypt32.dll'
3cec.3f98: supR3HardenedMonitor_LdrLoadDll: returns rcNt=0x0 hMod=00007ff80a140000 'C:\WINDOWS\system32\rsaenh.dll'
3cec.3f98: supR3HardenedMonitor_LdrLoadDll: returns rcNt=0x0 hMod=00007ff80b690000 'C:\WINDOWS\System32\crypt32.dll'
3cec.3f98: supR3HardenedWinVerifyCacheScheduleImports: Import todo: #0 'vboxrt.dll'.
3cec.3f98: supR3HardenedWinVerifyCacheScheduleImports: Import todo: #1 'vcruntime140.dll'.
3cec.3f98: supHardenedWinVerifyImageByHandle: -> 0 (\Device\HarddiskVolume3\Program Files\Oracle\VirtualBox\VBoxSharedFolders.dll) WinVerifyTrust
3cec.3f98: supR3HardenedWinVerifyCacheInsert: \Device\HarddiskVolume3\Program Files\Oracle\VirtualBox\VBoxSharedFolders.dll
3cec.3f98: supR3HardenedWinVerifyCacheProcessImportTodos: Processing 'vcruntime140.dll'...
3cec.3f98: supR3HardenedWinVerifyCacheProcessImportTodos: 'vcruntime140.dll' -> '\Device\HarddiskVolume3\Windows\System32\vcruntime140.dll' [rcNtRedir=0xc0150008]
3cec.3f98: supR3HardenedWinVerifyCacheProcessImportTodos: Processing 'vboxrt.dll'...
3cec.3f98: supR3HardenedWinVerifyCacheProcessImportTodos: 'vboxrt.dll' -> '\Device\HarddiskVolume3\Program Files\Oracle\VirtualBox\vboxrt.dll' [rcNtRedir=0xc0150008]
3cec.3f98: supR3HardenedMonitor_LdrLoadDll: pName=C:\Program Files\Oracle\VirtualBox\VBoxSharedFolders.DLL (rcNtResolve=0xc0150008) *pfFlags=0x0 pwszSearchPath=0000000000000001:<flags> [calling]
3cec.3f98: supR3HardenedScreenImage/NtCreateSection: cache hit (VINF_SUCCESS) on \Device\HarddiskVolume3\Program Files\Oracle\VirtualBox\VBoxSharedFolders.dll
3cec.3f98: supR3HardenedDllNotificationCallback: load   00007ff801520000 LB 0x00016000 C:\Program Files\Oracle\VirtualBox\VBoxSharedFolders.DLL [fFlags=0x0]
3cec.3f98: supR3HardenedScreenImage/LdrLoadDll: cache hit (VINF_SUCCESS) on \Device\HarddiskVolume3\Program Files\Oracle\VirtualBox\VBoxSharedFolders.dll
3cec.3f98: supR3HardenedMonitor_LdrLoadDll: returns rcNt=0x0 hMod=00007ff801520000 'C:\Program Files\Oracle\VirtualBox\VBoxSharedFolders.DLL'
3cec.1d84: supR3HardenedMonitor_LdrLoadDll: returns rcNt=0x0 hMod=00007ff80a140000 'C:\WINDOWS\system32\rsaenh.dll'
3cec.1d84: supR3HardenedMonitor_LdrLoadDll: returns rcNt=0x0 hMod=00007ff80b690000 'C:\WINDOWS\System32\crypt32.dll'
3cec.1d84: supR3HardenedWinVerifyCacheScheduleImports: Import todo: #0 'vboxrt.dll'.
3cec.1d84: supR3HardenedWinVerifyCacheScheduleImports: Import todo: #2 'vcruntime140.dll'.
3cec.1d84: supR3HardenedWinVerifyCacheScheduleImports: Import todo: #3 'vcruntime140_1.dll'.
3cec.1d84: supR3HardenedWinVerifyCacheScheduleImports: Import todo: #4 'msvcp140.dll'.
3cec.1d84: supHardenedWinVerifyImageByHandle: -> 0 (\Device\HarddiskVolume3\Program Files\Oracle\VirtualBox\VBoxGuestControlSvc.dll) WinVerifyTrust
3cec.1d84: supR3HardenedWinVerifyCacheInsert: \Device\HarddiskVolume3\Program Files\Oracle\VirtualBox\VBoxGuestControlSvc.dll
3cec.1d84: supR3HardenedWinVerifyCacheProcessImportTodos: Processing 'msvcp140.dll'...
3cec.1d84: supR3HardenedWinVerifyCacheProcessImportTodos: 'msvcp140.dll' -> '\Device\HarddiskVolume3\Windows\System32\msvcp140.dll' [rcNtRedir=0xc0150008]
3cec.1d84: supR3HardenedWinVerifyCacheProcessImportTodos: Processing 'vcruntime140_1.dll'...
3cec.1d84: supR3HardenedWinVerifyCacheProcessImportTodos: 'vcruntime140_1.dll' -> '\Device\HarddiskVolume3\Windows\System32\vcruntime140_1.dll' [rcNtRedir=0xc0150008]
3cec.1d84: supR3HardenedWinVerifyCacheProcessImportTodos: Processing 'vcruntime140.dll'...
3cec.1d84: supR3HardenedWinVerifyCacheProcessImportTodos: 'vcruntime140.dll' -> '\Device\HarddiskVolume3\Windows\System32\vcruntime140.dll' [rcNtRedir=0xc0150008]
3cec.1d84: supR3HardenedWinVerifyCacheProcessImportTodos: Processing 'vboxrt.dll'...
3cec.1d84: supR3HardenedWinVerifyCacheProcessImportTodos: 'vboxrt.dll' -> '\Device\HarddiskVolume3\Program Files\Oracle\VirtualBox\vboxrt.dll' [rcNtRedir=0xc0150008]
3cec.1d84: supR3HardenedMonitor_LdrLoadDll: pName=C:\Program Files\Oracle\VirtualBox\VBoxGuestControlSvc.DLL (rcNtResolve=0xc0150008) *pfFlags=0x0 pwszSearchPath=0000000000000001:<flags> [calling]
3cec.1d84: supR3HardenedScreenImage/NtCreateSection: cache hit (VINF_SUCCESS) on \Device\HarddiskVolume3\Program Files\Oracle\VirtualBox\VBoxGuestControlSvc.dll
3cec.1d84: supR3HardenedDllNotificationCallback: load   00007fffff650000 LB 0x0000c000 C:\Program Files\Oracle\VirtualBox\VBoxGuestControlSvc.DLL [fFlags=0x0]
3cec.1d84: supR3HardenedScreenImage/LdrLoadDll: cache hit (VINF_SUCCESS) on \Device\HarddiskVolume3\Program Files\Oracle\VirtualBox\VBoxGuestControlSvc.dll
3cec.1d84: supR3HardenedMonitor_LdrLoadDll: returns rcNt=0x0 hMod=00007fffff650000 'C:\Program Files\Oracle\VirtualBox\VBoxGuestControlSvc.DLL'
3cec.1f24: supR3HardenedMonitor_LdrLoadDll: returns rcNt=0x0 hMod=00007ff80a140000 'C:\WINDOWS\system32\rsaenh.dll'
3cec.1f24: supR3HardenedMonitor_LdrLoadDll: returns rcNt=0x0 hMod=00007ff80b690000 'C:\WINDOWS\System32\crypt32.dll'
3cec.1f24: supR3HardenedWinVerifyCacheScheduleImports: Import todo: #0 'vboxrt.dll'.
3cec.1f24: supR3HardenedWinVerifyCacheScheduleImports: Import todo: #2 'vcruntime140.dll'.
3cec.1f24: supR3HardenedWinVerifyCacheScheduleImports: Import todo: #3 'vcruntime140_1.dll'.
3cec.1f24: supR3HardenedWinVerifyCacheScheduleImports: Import todo: #4 'msvcp140.dll'.
3cec.1f24: supHardenedWinVerifyImageByHandle: -> 0 (\Device\HarddiskVolume3\Program Files\Oracle\VirtualBox\VBoxGuestPropSvc.dll) WinVerifyTrust
3cec.1f24: supR3HardenedWinVerifyCacheInsert: \Device\HarddiskVolume3\Program Files\Oracle\VirtualBox\VBoxGuestPropSvc.dll
3cec.1f24: supR3HardenedWinVerifyCacheProcessImportTodos: Processing 'msvcp140.dll'...
3cec.1f24: supR3HardenedWinVerifyCacheProcessImportTodos: 'msvcp140.dll' -> '\Device\HarddiskVolume3\Windows\System32\msvcp140.dll' [rcNtRedir=0xc0150008]
3cec.1f24: supR3HardenedWinVerifyCacheProcessImportTodos: Processing 'vcruntime140_1.dll'...
3cec.1f24: supR3HardenedWinVerifyCacheProcessImportTodos: 'vcruntime140_1.dll' -> '\Device\HarddiskVolume3\Windows\System32\vcruntime140_1.dll' [rcNtRedir=0xc0150008]
3cec.1f24: supR3HardenedWinVerifyCacheProcessImportTodos: Processing 'vcruntime140.dll'...
3cec.1f24: supR3HardenedWinVerifyCacheProcessImportTodos: 'vcruntime140.dll' -> '\Device\HarddiskVolume3\Windows\System32\vcruntime140.dll' [rcNtRedir=0xc0150008]
3cec.1f24: supR3HardenedWinVerifyCacheProcessImportTodos: Processing 'vboxrt.dll'...
3cec.1f24: supR3HardenedWinVerifyCacheProcessImportTodos: 'vboxrt.dll' -> '\Device\HarddiskVolume3\Program Files\Oracle\VirtualBox\vboxrt.dll' [rcNtRedir=0xc0150008]
3cec.1f24: supR3HardenedMonitor_LdrLoadDll: pName=C:\Program Files\Oracle\VirtualBox\VBoxGuestPropSvc.DLL (rcNtResolve=0xc0150008) *pfFlags=0x0 pwszSearchPath=0000000000000001:<flags> [calling]
3cec.1f24: supR3HardenedScreenImage/NtCreateSection: cache hit (VINF_SUCCESS) on \Device\HarddiskVolume3\Program Files\Oracle\VirtualBox\VBoxGuestPropSvc.dll
3cec.1f24: supR3HardenedDllNotificationCallback: load   00007fffff640000 LB 0x0000d000 C:\Program Files\Oracle\VirtualBox\VBoxGuestPropSvc.DLL [fFlags=0x0]
3cec.1f24: supR3HardenedScreenImage/LdrLoadDll: cache hit (VINF_SUCCESS) on \Device\HarddiskVolume3\Program Files\Oracle\VirtualBox\VBoxGuestPropSvc.dll
3cec.1f24: supR3HardenedMonitor_LdrLoadDll: returns rcNt=0x0 hMod=00007fffff640000 'C:\Program Files\Oracle\VirtualBox\VBoxGuestPropSvc.DLL'
3cec.39a8: supR3HardenedMonitor_LdrLoadDll: returns rcNt=0x0 hMod=00007ff80a140000 'C:\WINDOWS\system32\rsaenh.dll'
3cec.39a8: supR3HardenedMonitor_LdrLoadDll: returns rcNt=0x0 hMod=00007ff80b690000 'C:\WINDOWS\System32\crypt32.dll'
3cec.39a8: supR3HardenedWinVerifyCacheScheduleImports: Import todo: #15 'ws2_32.dll'.
3cec.39a8: supR3HardenedWinVerifyCacheScheduleImports: Import todo: #23 'rpcrt4.dll'.
3cec.39a8: supHardenedWinVerifyImageByHandle: -> 0 (\Device\HarddiskVolume3\Windows\System32\mswsock.dll) WinVerifyTrust
3cec.39a8: supR3HardenedWinVerifyCacheInsert: \Device\HarddiskVolume3\Windows\System32\mswsock.dll
3cec.39a8: supR3HardenedWinVerifyCacheProcessImportTodos: Processing 'rpcrt4.dll'...
3cec.39a8: supR3HardenedWinVerifyCacheProcessImportTodos: 'rpcrt4.dll' -> '\Device\HarddiskVolume3\Windows\System32\rpcrt4.dll' [rcNtRedir=0xc0150008]
3cec.39a8: supR3HardenedWinVerifyCacheProcessImportTodos: Processing 'ws2_32.dll'...
3cec.39a8: supR3HardenedWinVerifyCacheProcessImportTodos: 'ws2_32.dll' -> '\Device\HarddiskVolume3\Windows\System32\ws2_32.dll' [rcNtRedir=0xc0150008]
3cec.39a8: supR3HardenedScreenImage/Imports: cache hit (VINF_SUCCESS) on \Device\HarddiskVolume3\Windows\System32\ws2_32.dll
3cec.39a8: supR3HardenedMonitor_LdrLoadDll: pName=C:\WINDOWS\system32\mswsock.dll (rcNtResolve=0xc0150008) *pfFlags=0x0 pwszSearchPath=0000000000000001:<flags> [calling]
3cec.39a8: supR3HardenedScreenImage/NtCreateSection: cache hit (VINF_SUCCESS) on \Device\HarddiskVolume3\Windows\System32\mswsock.dll
3cec.39a8: supR3HardenedDllNotificationCallback: load   00007ff80a750000 LB 0x0006c000 C:\WINDOWS\system32\mswsock.dll [fFlags=0x0]
3cec.39a8: supR3HardenedScreenImage/LdrLoadDll: cache hit (VINF_SUCCESS) on \Device\HarddiskVolume3\Windows\System32\mswsock.dll
3cec.39a8: supR3HardenedMonitor_LdrLoadDll: returns rcNt=0x0 hMod=00007ff80a750000 'C:\WINDOWS\system32\mswsock.dll'
3cec.39a8: supR3HardenedMonitor_LdrLoadDll: returns rcNt=0x0 hMod=00007ff80a140000 'C:\WINDOWS\system32\rsaenh.dll'
3cec.39a8: supR3HardenedMonitor_LdrLoadDll: returns rcNt=0x0 hMod=00007ff80b690000 'C:\WINDOWS\System32\crypt32.dll'
3cec.39a8: supR3HardenedWinVerifyCacheScheduleImports: Import todo: #0 'msvcp_win.dll'.
3cec.39a8: supHardenedWinVerifyImageByHandle: -> 0 (\Device\HarddiskVolume3\Windows\System32\MMDevAPI.dll) WinVerifyTrust
3cec.39a8: supR3HardenedWinVerifyCacheInsert: \Device\HarddiskVolume3\Windows\System32\MMDevAPI.dll
3cec.39a8: supR3HardenedWinVerifyCacheProcessImportTodos: Processing 'msvcp_win.dll'...
3cec.39a8: supR3HardenedWinVerifyCacheProcessImportTodos: 'msvcp_win.dll' -> '\Device\HarddiskVolume3\Windows\System32\msvcp_win.dll' [rcNtRedir=0xc0150008]
3cec.39a8: supR3HardenedMonitor_LdrLoadDll: pName=C:\WINDOWS\System32\MMDevApi.dll (rcNtResolve=0xc0150008) *pfFlags=0x0 pwszSearchPath=0000000000002009:<flags> [calling]
3cec.39a8: supR3HardenedScreenImage/NtCreateSection: cache hit (VINF_SUCCESS) on \Device\HarddiskVolume3\Windows\System32\MMDevAPI.dll
3cec.39a8: supR3HardenedDllNotificationCallback: load   00007fffff4b0000 LB 0x00097000 C:\WINDOWS\System32\MMDevApi.dll [fFlags=0x0]
3cec.39a8: supR3HardenedScreenImage/LdrLoadDll: cache hit (VINF_SUCCESS) on \Device\HarddiskVolume3\Windows\System32\MMDevAPI.dll
3cec.39a8: supR3HardenedMonitor_LdrLoadDll: returns rcNt=0x0 hMod=00007fffff4b0000 'C:\WINDOWS\System32\MMDevApi.dll'
3cec.39a8: supR3HardenedScreenImage/LdrLoadDll: cache hit (VINF_SUCCESS) on \Device\HarddiskVolume3\Windows\System32\MMDevAPI.dll
3cec.39a8: supR3HardenedMonitor_LdrLoadDll: pName=C:\WINDOWS\System32\MMDEVAPI.DLL (Input=MMDEVAPI.DLL, rcNtResolve=0xc0150008) *pfFlags=0x0 pwszSearchPath=0000000000000001:<flags> [calling]
3cec.39a8: supR3HardenedMonitor_LdrLoadDll: returns rcNt=0x0 hMod=00007fffff4b0000 'C:\WINDOWS\System32\MMDEVAPI.DLL'
3cec.39a8: supR3HardenedIsApiSetDll: ApiSetQueryApiSetPresence(api-ms-win-core-sysinfo-l1-2-1) -> 0x0, fPresent=1
3cec.39a8: supR3HardenedMonitor_LdrLoadDll: pName=api-ms-win-core-sysinfo-l1-2-1 (rcNtResolve=0x0) *pfFlags=0x0 pwszSearchPath=0000000000000801:<flags> [calling]
3cec.39a8: supR3HardenedMonitor_LdrLoadDll: returns rcNt=0x0 hMod=00007ff80bb60000 'api-ms-win-core-sysinfo-l1-2-1'
3cec.39a8: supR3HardenedMonitor_LdrLoadDll: returns rcNt=0x0 hMod=00007ff80a140000 'C:\WINDOWS\system32\rsaenh.dll'
3cec.332c: supR3HardenedMonitor_NtCreateSection: NtMapViewOfSection failed on 0000000000000d44 (hFile=00000000000013c4) with 0xc0000022 -> STATUS_TRUST_FAILURE
3cec.332c: supR3HardenedMonitor_NtCreateSection: NtMapViewOfSection failed on 00000000000013c4 (hFile=0000000000000d44) with 0xc0000022 -> STATUS_TRUST_FAILURE
3cec.332c: supR3HardenedScreenImage/NtCreateSection: cache hit (VINF_SUCCESS) on \Device\HarddiskVolume3\Windows\System32\imageres.dll
3cec.332c: supR3HardenedMonitor_NtCreateSection: NtMapViewOfSection failed on 0000000000000d44 (hFile=00000000000013c4) with 0xc0000022 -> STATUS_TRUST_FAILURE
3cec.332c: supR3HardenedMonitor_NtCreateSection: NtMapViewOfSection failed on 00000000000013c4 (hFile=0000000000000d44) with 0xc0000022 -> STATUS_TRUST_FAILURE
3cec.332c: supR3HardenedMonitor_NtCreateSection: NtMapViewOfSection failed on 0000000000000d44 (hFile=00000000000013c4) with 0xc0000022 -> STATUS_TRUST_FAILURE
3cec.332c: supR3HardenedMonitor_NtCreateSection: NtMapViewOfSection failed on 00000000000013c4 (hFile=0000000000000d44) with 0xc0000022 -> STATUS_TRUST_FAILURE
3cec.332c: supR3HardenedMonitor_NtCreateSection: NtMapViewOfSection failed on 0000000000000d44 (hFile=00000000000013c4) with 0xc0000022 -> STATUS_TRUST_FAILURE
3cec.332c: supR3HardenedMonitor_NtCreateSection: NtMapViewOfSection failed on 0000000000001394 (hFile=0000000000000d80) with 0xc0000022 -> STATUS_TRUST_FAILURE
3cec.332c: supR3HardenedMonitor_NtCreateSection: NtMapViewOfSection failed on 0000000000000d80 (hFile=0000000000001394) with 0xc0000022 -> STATUS_TRUST_FAILURE
3cec.332c: supR3HardenedMonitor_NtCreateSection: NtMapViewOfSection failed on 0000000000001394 (hFile=0000000000000d80) with 0xc0000022 -> STATUS_TRUST_FAILURE
3cec.332c: supR3HardenedMonitor_NtCreateSection: NtMapViewOfSection failed on 0000000000000d80 (hFile=0000000000001394) with 0xc0000022 -> STATUS_TRUST_FAILURE
3cec.332c: supR3HardenedMonitor_NtCreateSection: NtMapViewOfSection failed on 0000000000000de0 (hFile=0000000000000de4) with 0xc0000022 -> STATUS_TRUST_FAILURE
3cec.332c: supR3HardenedMonitor_NtCreateSection: NtMapViewOfSection failed on 0000000000000de4 (hFile=0000000000000de0) with 0xc0000022 -> STATUS_TRUST_FAILURE
3cec.332c: supR3HardenedMonitor_NtCreateSection: NtMapViewOfSection failed on 0000000000000de0 (hFile=0000000000000de4) with 0xc0000022 -> STATUS_TRUST_FAILURE
3cec.332c: supR3HardNtViCallWinVerifyTrustCatFile: hFile=0000000000000404 pwszName=\Device\HarddiskVolume3\Windows\System32\ninput.dll
3cec.332c: supR3HardNtViCallWinVerifyTrustCatFile: Cached context 00000287301a8c60
3cec.332c: supR3HardNtViCallWinVerifyTrustCatFile: hCatAdmin=00000287301a8c60
3cec.332c: supR3HardenedScreenImage/LdrLoadDll: cache hit (VINF_SUCCESS) on \Device\HarddiskVolume3\Windows\System32\wintrust.dll
3cec.332c: supR3HardenedMonitor_LdrLoadDll: pName=C:\WINDOWS\System32\WINTRUST.DLL (Input=WINTRUST.DLL, rcNtResolve=0xc0150008) *pfFlags=0x0 pwszSearchPath=0000000000000001:<flags> [calling]
3cec.332c: supR3HardenedMonitor_LdrLoadDll: returns rcNt=0x0 hMod=00007ff80bf60000 'C:\WINDOWS\System32\WINTRUST.DLL'
3cec.332c: supR3HardenedMonitor_LdrLoadDll: returns rcNt=0x0 hMod=00007ff80b690000 'C:\WINDOWS\System32\CRYPT32.dll'
3cec.332c: supR3HardNtViCallWinVerifyTrustCatFile: cbHash=20 wszDigest=ED8A41A622291BEF9A5DE5EC85E99A9134DA0962
3cec.332c: supR3HardenedMonitor_LdrLoadDll: returns rcNt=0x0 hMod=00007ff80a140000 'C:\WINDOWS\system32\rsaenh.dll'
3cec.332c: supR3HardenedMonitor_LdrLoadDll: returns rcNt=0x0 hMod=00007ff80b690000 'C:\WINDOWS\System32\crypt32.dll'
3cec.332c: supR3HardNtViCallWinVerifyTrustCatFile: WinVerifyTrust => 0x0; cat='C:\WINDOWS\system32\CatRoot\{F750E6C3-38EE-11D1-85E5-00C04FC295EE}\Microsoft-Windows-Client-Desktop-Required-Package04112~31bf3856ad364e35~amd64~~10.0.26100.8246.cat'; file='\Device\HarddiskVolume3\Windows\System32\ninput.dll'
3cec.332c: supR3HardNtViCallWinVerifyTrustCatFile -> 0 (org 22900)
3cec.332c: supR3HardenedWinVerifyCacheScheduleImports: Import todo: #25 'oleaut32.dll'.
3cec.332c: supHardenedWinVerifyImageByHandle: -> 0 (\Device\HarddiskVolume3\Windows\System32\ninput.dll) WinVerifyTrust
3cec.332c: supR3HardenedWinVerifyCacheInsert: \Device\HarddiskVolume3\Windows\System32\ninput.dll
3cec.332c: supR3HardenedWinVerifyCacheProcessImportTodos: Processing 'oleaut32.dll'...
3cec.332c: supR3HardenedWinVerifyCacheProcessImportTodos: 'oleaut32.dll' -> '\Device\HarddiskVolume3\Windows\System32\oleaut32.dll' [rcNtRedir=0xc0150008]
3cec.332c: supR3HardenedMonitor_LdrLoadDll: pName=C:\WINDOWS\system32\Ninput.dll (rcNtResolve=0xc0150008) *pfFlags=0x0 pwszSearchPath=0000000000000001:<flags> [calling]
3cec.332c: supR3HardenedScreenImage/NtCreateSection: cache hit (VINF_SUCCESS) on \Device\HarddiskVolume3\Windows\System32\ninput.dll
3cec.332c: supR3HardenedDllNotificationCallback: load   00007fffe11a0000 LB 0x0007b000 C:\WINDOWS\system32\Ninput.dll [fFlags=0x0]
3cec.332c: supR3HardenedScreenImage/LdrLoadDll: cache hit (VINF_SUCCESS) on \Device\HarddiskVolume3\Windows\System32\ninput.dll
3cec.332c: supR3HardenedMonitor_LdrLoadDll: returns rcNt=0x0 hMod=00007fffe11a0000 'C:\WINDOWS\system32\Ninput.dll'
3cec.332c: supR3HardenedMonitor_NtCreateSection: NtMapViewOfSection failed on 0000000000001384 (hFile=00000000000013ac) with 0xc0000022 -> STATUS_TRUST_FAILURE
3cec.332c: supR3HardenedMonitor_NtCreateSection: NtMapViewOfSection failed on 00000000000008d4 (hFile=0000000000001384) with 0xc0000022 -> STATUS_TRUST_FAILURE
3cec.332c: supR3HardenedMonitor_NtCreateSection: NtMapViewOfSection failed on 0000000000001384 (hFile=00000000000008d4) with 0xc0000022 -> STATUS_TRUST_FAILURE
3cec.332c: supR3HardenedMonitor_NtCreateSection: NtMapViewOfSection failed on 00000000000008d4 (hFile=0000000000001384) with 0xc0000022 -> STATUS_TRUST_FAILURE
3cec.332c: supR3HardenedScreenImage/NtCreateSection: cache hit (VINF_SUCCESS) on \Device\HarddiskVolume3\Windows\System32\imageres.dll
3cec.332c: supR3HardenedMonitor_NtCreateSection: NtMapViewOfSection failed on 0000000000001384 (hFile=00000000000008d4) with 0xc0000022 -> STATUS_TRUST_FAILURE
3cec.332c: supR3HardenedMonitor_NtCreateSection: NtMapViewOfSection failed on 00000000000008d4 (hFile=0000000000001384) with 0xc0000022 -> STATUS_TRUST_FAILURE
3cec.332c: supR3HardenedMonitor_NtCreateSection: NtMapViewOfSection failed on 0000000000001384 (hFile=00000000000008d4) with 0xc0000022 -> STATUS_TRUST_FAILURE
3cec.332c: supR3HardenedMonitor_NtCreateSection: NtMapViewOfSection failed on 0000000000000224 (hFile=0000000000000df8) with 0xc0000022 -> STATUS_TRUST_FAILURE
3cec.332c: supR3HardenedMonitor_NtCreateSection: NtMapViewOfSection failed on 0000000000000df8 (hFile=0000000000000224) with 0xc0000022 -> STATUS_TRUST_FAILURE
3cec.332c: supR3HardenedMonitor_NtCreateSection: NtMapViewOfSection failed on 00000000000008a0 (hFile=00000000000008d4) with 0xc0000022 -> STATUS_TRUST_FAILURE
3cec.332c: supR3HardenedMonitor_NtCreateSection: NtMapViewOfSection failed on 00000000000008d4 (hFile=00000000000008a0) with 0xc0000022 -> STATUS_TRUST_FAILURE
3cec.332c: supR3HardenedMonitor_NtCreateSection: NtMapViewOfSection failed on 00000000000008a0 (hFile=00000000000008d4) with 0xc0000022 -> STATUS_TRUST_FAILURE
3cec.332c: supR3HardenedMonitor_NtCreateSection: NtMapViewOfSection failed on 00000000000008d4 (hFile=00000000000008a0) with 0xc0000022 -> STATUS_TRUST_FAILURE
3cec.332c: supR3HardenedMonitor_NtCreateSection: NtMapViewOfSection failed on 00000000000008a0 (hFile=00000000000008d4) with 0xc0000022 -> STATUS_TRUST_FAILURE
3cec.1f24: supR3HardenedDllNotificationCallback: Unload 00007fffff640000 LB 0x0000d000 C:\Program Files\Oracle\VirtualBox\VBoxGuestPropSvc.DLL [flags=0x0]
3cec.1d84: supR3HardenedDllNotificationCallback: Unload 00007fffff650000 LB 0x0000c000 C:\Program Files\Oracle\VirtualBox\VBoxGuestControlSvc.DLL [flags=0x0]
3cec.3f98: supR3HardenedDllNotificationCallback: Unload 00007ff801520000 LB 0x00016000 C:\Program Files\Oracle\VirtualBox\VBoxSharedFolders.DLL [flags=0x0]
3cec.199c: supR3HardenedDllNotificationCallback: Unload 00007ff801690000 LB 0x0000d000 C:\Program Files\Oracle\VirtualBox\VBoxDragAndDropSvc.DLL [flags=0x0]
3cec.3b14: supR3HardenedWinVerifyCacheScheduleImports: Import todo: #0 'msvcrt.dll'.
3cec.3b14: supHardenedWinVerifyImageByHandle: -> 22900 (\Device\HarddiskVolume3\Windows\System32\edputil.dll)
3cec.3b14: supR3HardenedWinVerifyCacheInsert: \Device\HarddiskVolume3\Windows\System32\edputil.dll
3cec.3b14: supR3HardenedDllNotificationCallback: load   00007fffe9630000 LB 0x00029000 C:\WINDOWS\SYSTEM32\edputil.dll [fFlags=0x0]
3cec.3b14: supR3HardenedScreenImage/LdrLoadDll: cache hit (22900) on \Device\HarddiskVolume3\Windows\System32\edputil.dll [avoiding WinVerifyTrust]
3cec.3b14: supR3HardenedDllNotificationCallback: Unload 00007ff8016a0000 LB 0x00022000 C:\Program Files\Oracle\VirtualBox\VBoxSharedClipboard.DLL [flags=0x0]
3cec.39a8: supR3HardenedDllNotificationCallback: Unload 00007fff723d0000 LB 0x00af7000 C:\Program Files\Oracle\VirtualBox\VBoxDD.DLL [flags=0x0]
3cec.39a8: supR3HardenedDllNotificationCallback: Unload 00007fffe6990000 LB 0x00075000 C:\Program Files\Oracle\VirtualBox\VBoxDDU.dll [flags=0x0]
3cec.39a8: supR3HardenedDllNotificationCallback: Unload 00007fff6c1e0000 LB 0x00e5e000 C:\Program Files\Oracle\VirtualBox\VBoxDD2.dll [flags=0x0]
3cec.39a8: supR3HardenedDllNotificationCallback: Unload 00007ff809c30000 LB 0x00032000 C:\WINDOWS\SYSTEM32\IPHLPAPI.DLL [flags=0x0]
3cec.332c: supR3HardenedDllNotificationCallback: Unload 00007fffa16a0000 LB 0x005b7000 C:\Program Files\Oracle\VirtualBox\VBoxVMM.DLL [flags=0x0]
3cec.332c: supR3HardenedDllNotificationCallback: Unload 00007fffec590000 LB 0x00015000 C:\WINDOWS\system32\wbem\wbemsvc.dll [flags=0x0]
3cec.332c: supR3HardenedDllNotificationCallback: Unload 00007ffff6f90000 LB 0x0005a000 C:\WINDOWS\system32\dataexchange.dll [flags=0x0]
3cec.332c: supR3HardenedDllNotificationCallback: Unload 00007ff801bd0000 LB 0x0024d000 C:\WINDOWS\system32\twinapi.appcore.dll [flags=0x0]
3cec.332c: supR3HardenedDllNotificationCallback: Unload 00007fffeca40000 LB 0x000f0000 C:\WINDOWS\system32\wbem\fastprox.dll [flags=0x0]
3cec.332c: supR3HardenedDllNotificationCallback: Unload 00007fffe0c60000 LB 0x000eb000 C:\Program Files\Oracle\VirtualBox\VBoxProxyStub.dll [flags=0x0]
3cec.332c: supR3HardenedDllNotificationCallback: Unload 00007ffff21c0000 LB 0x00012000 C:\WINDOWS\system32\wbem\wbemprox.dll [flags=0x0]
3cec.332c: supR3HardenedDllNotificationCallback: Unload 00007ffff2140000 LB 0x0007a000 C:\WINDOWS\SYSTEM32\wbemcomn.dll [flags=0x0]
3cec.332c: supR3HardenedDllNotificationCallback: Unload 00007fffbbcd0000 LB 0x00433000 C:\Program Files\Oracle\VirtualBox\VBoxC.dll [flags=0x0]
3cec.332c: Terminating the normal way: rcExit=0
45f4.46f8: supR3HardNtChildWaitFor[2]: Quitting: ExitCode=0x0 (rcNtWait=0x0, rcNt1=0x0, rcNt2=0x103, rcNt3=0x103, 425134 ms, the end);
3b40.2f24: supR3HardNtChildWaitFor[1]: Quitting: ExitCode=0x0 (rcNtWait=0x0, rcNt1=0x0, rcNt2=0x103, rcNt3=0x103, 426249 ms, the end);
